[2026-09-28 14:04:29,595] Mac/INFO/locust.main: Starting Locust 2.32.4
[2026-09-28 14:04:29,597] Mac/INFO/locust.main: Run time limit set to 120 seconds
Type     Name                                                                          # reqs      # fails |    Avg     Min     Max    Med |   req/s  failures/s
--------|----------------------------------------------------------------------------|-------|-------------|-------|-------|-------|-------|--------|-----------
--------|----------------------------------------------------------------------------|-------|-------------|-------|-------|-------|-------|--------|-----------
         Aggregated                                                                         0     0(0.00%) |      0       0       0      0 |    0.00        0.00

[2026-09-28 14:04:29,597] Mac/INFO/locust.runners: Ramping to 100 users at a rate of 5.00 per second
Type     Name                                                                          # reqs      # fails |    Avg     Min     Max    Med |   req/s  failures/s
--------|----------------------------------------------------------------------------|-------|-------------|-------|-------|-------|-------|--------|-----------
GET      GET /admin/cashin                                                                  1     0(0.00%) |      8       8       8      8 |    0.00        0.00
POST     POST /login                                                                        1     0(0.00%) |   1480    1480    1480   1480 |    0.00        0.00
--------|----------------------------------------------------------------------------|-------|-------------|-------|-------|-------|-------|--------|-----------
         Aggregated                                                                         2     0(0.00%) |    744       8    1480      9 |    0.00        0.00

Type     Name                                                                          # reqs      # fails |    Avg     Min     Max    Med |   req/s  failures/s
--------|----------------------------------------------------------------------------|-------|-------------|-------|-------|-------|-------|--------|-----------
GET      GET /admin/cashin                                                                  1     0(0.00%) |      8       8       8      8 |    0.00        0.00
POST     POST /login                                                                        4     0(0.00%) |   2723    1480    3138   3100 |    0.00        0.00
--------|----------------------------------------------------------------------------|-------|-------------|-------|-------|-------|-------|--------|-----------
         Aggregated                                                                         5     0(0.00%) |   2180       8    3138   3100 |    0.00        0.00

Type     Name                                                                          # reqs      # fails |    Avg     Min     Max    Med |   req/s  failures/s
--------|----------------------------------------------------------------------------|-------|-------------|-------|-------|-------|-------|--------|-----------
GET      GET /admin/cashin                                                                  1     0(0.00%) |      8       8       8      8 |    0.25        0.00
GET      GET /send                                                                          3     0(0.00%) |   2054    1402    2836   1900 |    0.00        0.00
GET      GET /wallet                                                                        1     0(0.00%) |   2375    2375    2375   2375 |    0.00        0.00
POST     POST /login                                                                       12     0(0.00%) |   3323    1480    5971   3100 |    1.00        0.00
--------|----------------------------------------------------------------------------|-------|-------------|-------|-------|-------|-------|--------|-----------
         Aggregated                                                                        17     0(0.00%) |   2848       8    5971   3000 |    1.25        0.00

Type     Name                                                                          # reqs      # fails |    Avg     Min     Max    Med |   req/s  failures/s
--------|----------------------------------------------------------------------------|-------|-------------|-------|-------|-------|-------|--------|-----------
GET      GET /admin/cashin                                                                  3     0(0.00%) |   1293       8    2262   1600 |    0.17        0.00
GET      GET /send                                                                          7     0(0.00%) |   1714    1160    2836   1600 |    0.17        0.00
GET      GET /transactions                                                                  1     0(0.00%) |   2119    2119    2119   2119 |    0.00        0.00
GET      GET /wallet                                                                        2     0(0.00%) |   2268    2160    2375   2200 |    0.00        0.00
POST     POST /login                                                                       20     0(0.00%) |   3538    1480    5971   3100 |    1.00        0.00
--------|----------------------------------------------------------------------------|-------|-------------|-------|-------|-------|-------|--------|-----------
         Aggregated                                                                        33     0(0.00%) |   2827       8    5971   3000 |    1.33        0.00

Type     Name                                                                          # reqs      # fails |    Avg     Min     Max    Med |   req/s  failures/s
--------|----------------------------------------------------------------------------|-------|-------------|-------|-------|-------|-------|--------|-----------
GET      GET /admin/cashin                                                                  4     0(0.00%) |   1551       8    2327   1600 |    0.38        0.00
GET      GET /quote (API)                                                                   1     0(0.00%) |   2327    2327    2327   2327 |    0.00        0.00
GET      GET /send                                                                         11     0(0.00%) |   1959    1160    2836   1900 |    0.62        0.00
GET      GET /send/review                                                                   1     0(0.00%) |   3471    3471    3471   3471 |    0.00        0.00
GET      GET /transactions                                                                  1     0(0.00%) |   2119    2119    2119   2119 |    0.12        0.00
GET      GET /wallet                                                                        2     0(0.00%) |   2268    2160    2375   2200 |    0.25        0.00
POST     POST /login                                                                       30     0(0.00%) |   4286    1480    8441   3500 |    2.25        0.00
--------|----------------------------------------------------------------------------|-------|-------------|-------|-------|-------|-------|--------|-----------
         Aggregated                                                                        50     0(0.00%) |   3376       8    8441   3000 |    3.62        0.00

Type     Name                                                                          # reqs      # fails |    Avg     Min     Max    Med |   req/s  failures/s
--------|----------------------------------------------------------------------------|-------|-------------|-------|-------|-------|-------|--------|-----------
GET      GET /admin/cashin                                                                  4     0(0.00%) |   1551       8    2327   1600 |    0.30        0.00
GET      GET /cashout/history                                                               1     0(0.00%) |   4652    4652    4652   4652 |    0.00        0.00
GET      GET /dashboard                                                                     2     0(0.00%) |   3022    2961    3083   3000 |    0.00        0.00
GET      GET /quote (API)                                                                   2     0(0.00%) |   2778    2327    3229   2327 |    0.10        0.00
GET      GET /send                                                                         17     0(0.00%) |   2165    1160    2836   2300 |    0.70        0.00
GET      GET /send/pay                                                                      1     0(0.00%) |   2571    2571    2571   2571 |    0.00        0.00
GET      GET /send/review                                                                   3     0(0.00%) |   3622    3002    4392   3500 |    0.00        0.00
GET      GET /transactions                                                                  1     0(0.00%) |   2119    2119    2119   2119 |    0.10        0.00
GET      GET /wallet                                                                        5     0(0.00%) |   2979    1827    4845   2400 |    0.20        0.00
POST     POST /login                                                                       40     0(0.00%) |   4488    1480    8441   4700 |    2.30        0.00
--------|----------------------------------------------------------------------------|-------|-------------|-------|-------|-------|-------|--------|-----------
         Aggregated                                                                        76     0(0.00%) |   3543       8    8441   3100 |    3.70        0.00

Type     Name                                                                          # reqs      # fails |    Avg     Min     Max    Med |   req/s  failures/s
--------|----------------------------------------------------------------------------|-------|-------------|-------|-------|-------|-------|--------|-----------
GET      GET /admin/cashin                                                                  5     0(0.00%) |   1783       8    2709   2300 |    0.40        0.00
GET      GET /admin/settlements                                                             1     0(0.00%) |   2369    2369    2369   2369 |    0.00        0.00
GET      GET /admin/transactions                                                            2     0(0.00%) |   2482    2286    2678   2300 |    0.00        0.00
GET      GET /cashout/history                                                               2     0(0.00%) |   4916    4652    5181   4700 |    0.00        0.00
GET      GET /dashboard                                                                     3     0(0.00%) |   3099    2961    3252   3100 |    0.10        0.00
GET      GET /quote (API)                                                                   8     0(0.00%) |   2768    2119    3258   2800 |    0.20        0.00
GET      GET /send                                                                         22     0(0.00%) |   2162    1155    3248   2300 |    1.40        0.00
GET      GET /send/pay                                                                      2     0(0.00%) |   3035    2571    3499   2600 |    0.00        0.00
GET      GET /send/review                                                                   5     0(0.00%) |   3475    3002    4392   3300 |    0.20        0.00
GET      GET /transactions                                                                  1     0(0.00%) |   2119    2119    2119   2119 |    0.10        0.00
GET      GET /wallet                                                                        7     0(0.00%) |   3030    1827    4845   2800 |    0.40        0.00
POST     POST /cashout/preview                                                              1     0(0.00%) |   5091    5091    5091   5091 |    0.00        0.00
POST     POST /login                                                                       48     0(0.00%) |   4609    1480    8441   4700 |    3.20        0.00
--------|----------------------------------------------------------------------------|-------|-------------|-------|-------|-------|-------|--------|-----------
         Aggregated                                                                       107     0(0.00%) |   3534       8    8441   3100 |    6.00        0.00

Type     Name                                                                          # reqs      # fails |    Avg     Min     Max    Med |   req/s  failures/s
--------|----------------------------------------------------------------------------|-------|-------------|-------|-------|-------|-------|--------|-----------
GET      GET /admin/cashin                                                                  5     0(0.00%) |   1783       8    2709   2300 |    0.30        0.00
GET      GET /admin/settlements                                                             1     0(0.00%) |   2369    2369    2369   2369 |    0.00        0.00
GET      GET /admin/transactions                                                            2     0(0.00%) |   2482    2286    2678   2300 |    0.00        0.00
GET      GET /cashout/history                                                               3     0(0.00%) |   5059    4652    5345   5200 |    0.20        0.00
GET      GET /dashboard                                                                     3     0(0.00%) |   3099    2961    3252   3100 |    0.30        0.00
GET      GET /quote (API)                                                                  10     0(0.00%) |   2792    2119    3258   2800 |    0.50        0.00
GET      GET /send                                                                         26     0(0.00%) |   2106     246    3248   2300 |    1.90        0.00
GET      GET /send/pay                                                                      3     0(0.00%) |   3026    2571    3499   3000 |    0.10        0.00
GET      GET /send/review                                                                   6     0(0.00%) |   3399    3002    4392   3300 |    0.50        0.00
GET      GET /transactions                                                                  2     0(0.00%) |   2343    2119    2567   2119 |    0.10        0.00
GET      GET /wallet                                                                        7     0(0.00%) |   3030    1827    4845   2800 |    0.60        0.00
POST     POST /cashout/preview                                                              2     0(0.00%) |   5217    5091    5342   5100 |    0.10        0.00
POST     POST /login                                                                       52     0(0.00%) |   4680    1480    8441   4800 |    3.60        0.00
--------|----------------------------------------------------------------------------|-------|-------------|-------|-------|-------|-------|--------|-----------
         Aggregated                                                                       122     0(0.00%) |   3546       8    8441   3100 |    8.20        0.00

Type     Name                                                                          # reqs      # fails |    Avg     Min     Max    Med |   req/s  failures/s
--------|----------------------------------------------------------------------------|-------|-------------|-------|-------|-------|-------|--------|-----------
GET      GET /admin/cashin                                                                  6     0(0.00%) |   1871       8    2709   2300 |    0.40        0.00
GET      GET /admin/settlements                                                             1     0(0.00%) |   2369    2369    2369   2369 |    0.10        0.00
GET      GET /admin/transactions                                                            2     0(0.00%) |   2482    2286    2678   2300 |    0.20        0.00
GET      GET /cashout/history                                                               4     0(0.00%) |   5013    4652    5345   4900 |    0.30        0.00
GET      GET /dashboard                                                                     5     0(0.00%) |   3029    2399    3452   3100 |    0.30        0.00
GET      GET /quote (API)                                                                  15     0(0.00%) |   2907    2119    3441   2900 |    0.90        0.00
GET      GET /send                                                                         33     0(0.00%) |   2152     246    3495   2300 |    2.40        0.00
GET      GET /send/pay                                                                      6     0(0.00%) |   3136    2571    3499   3100 |    0.30        0.00
GET      GET /send/review                                                                   8     0(0.00%) |   3362    3002    4392   3300 |    0.60        0.00
GET      GET /transactions                                                                  3     0(0.00%) |   2632    2119    3209   2600 |    0.10        0.00
GET      GET /wallet                                                                       10     0(0.00%) |   3143    1827    4845   3300 |    0.70        0.00
POST     POST /cashout/preview                                                              3     0(0.00%) |   5051    4720    5342   5100 |    0.20        0.00
POST     POST /login                                                                       62     0(0.00%) |   4842    1480    8441   5000 |    4.60        0.00
--------|----------------------------------------------------------------------------|-------|-------------|-------|-------|-------|-------|--------|-----------
         Aggregated                                                                       158     0(0.00%) |   3600       8    8441   3200 |   11.10        0.00

[2026-09-28 14:04:48,675] Mac/INFO/locust.runners: All users spawned: {"AdminUser": 10, "RecipientUser": 30, "SenderUser": 60} (100 total users)
Type     Name                                                                          # reqs      # fails |    Avg     Min     Max    Med |   req/s  failures/s
--------|----------------------------------------------------------------------------|-------|-------------|-------|-------|-------|-------|--------|-----------
GET      GET /admin/cashin                                                                  9     0(0.00%) |   2495       8    3955   2300 |    0.30        0.00
GET      GET /admin/settlements                                                             2     0(0.00%) |   2856    2369    3342   2400 |    0.10        0.00
GET      GET /admin/transactions                                                            2     0(0.00%) |   2482    2286    2678   2300 |    0.20        0.00
GET      GET /cashout/history                                                               5     0(0.00%) |   5231    4652    6101   5200 |    0.40        0.00
GET      GET /dashboard                                                                     9     0(0.00%) |   3293    2399    3754   3500 |    0.40        0.00
GET      GET /quote (API)                                                                  17     0(0.00%) |   2967    2119    3740   3000 |    1.40        0.00
GET      GET /send                                                                         36     0(0.00%) |   2285     246    3754   2300 |    2.50        0.00
GET      GET /send/pay                                                                      6     0(0.00%) |   3136    2571    3499   3100 |    0.50        0.00
GET      GET /send/review                                                                  11     0(0.00%) |   3406    3002    4392   3300 |    0.70        0.00
GET      GET /transactions                                                                  3     0(0.00%) |   2632    2119    3209   2600 |    0.20        0.00
GET      GET /wallet                                                                       14     0(0.00%) |   3320    1827    4845   3400 |    0.80        0.00
POST     POST /cashout/preview                                                              4     0(0.00%) |   5829    4720    8164   5100 |    0.30        0.00
POST     POST /login                                                                       70     0(0.00%) |   5051    1480    8441   5100 |    4.10        0.00
--------|----------------------------------------------------------------------------|-------|-------------|-------|-------|-------|-------|--------|-----------
         Aggregated                                                                       188     0(0.00%) |   3772       8    8441   3400 |   11.90        0.00

Type     Name                                                                          # reqs      # fails |    Avg     Min     Max    Med |   req/s  failures/s
--------|----------------------------------------------------------------------------|-------|-------------|-------|-------|-------|-------|--------|-----------
GET      GET /admin/cashin                                                                 10     0(0.00%) |   2600       8    3955   2300 |    0.40        0.00
GET      GET /admin/settlements                                                             2     0(0.00%) |   2856    2369    3342   2400 |    0.10        0.00
GET      GET /admin/transactions                                                            2     0(0.00%) |   2482    2286    2678   2300 |    0.20        0.00
GET      GET /cashout/history                                                               6     0(0.00%) |   5462    4652    6616   5200 |    0.40        0.00
GET      GET /dashboard                                                                    12     0(0.00%) |   3571    2399    6039   3500 |    0.70        0.00
GET      GET /quote (API)                                                                  20     0(0.00%) |   3059    2119    3740   3000 |    1.50        0.00
GET      GET /send                                                                         37     0(0.00%) |   2336     246    4162   2300 |    2.60        0.00
GET      GET /send/pay                                                                      9     0(0.00%) |   3071    1149    3923   3200 |    0.60        0.00
GET      GET /send/review                                                                  13     0(0.00%) |   3650    3002    6226   3400 |    0.90        0.00
GET      GET /transactions                                                                  3     0(0.00%) |   2632    2119    3209   2600 |    0.20        0.00
GET      GET /wallet                                                                       16     0(0.00%) |   3460    1827    4845   3500 |    0.90        0.00
POST     POST /cashout/preview                                                              6     0(0.00%) |   6122    4720    8164   5300 |    0.30        0.00
POST     POST /login                                                                       76     0(0.00%) |   5193    1480    9019   5100 |    4.10        0.00
POST     POST /remittances (declined)                                                       1     0(0.00%) |   9756    9756    9756   9756 |    0.00        0.00
--------|----------------------------------------------------------------------------|-------|-------------|-------|-------|-------|-------|--------|-----------
         Aggregated                                                                       213     0(0.00%) |   3941       8    9756   3500 |   12.90        0.00

Type     Name                                                                          # reqs      # fails |    Avg     Min     Max    Med |   req/s  failures/s
--------|----------------------------------------------------------------------------|-------|-------------|-------|-------|-------|-------|--------|-----------
GET      GET /admin/cashin                                                                 15     0(0.00%) |   2440       8    4411   2400 |    0.60        0.00
GET      GET /admin/settlements                                                             3     0(0.00%) |   2036     396    3342   2400 |    0.20        0.00
GET      GET /admin/transactions                                                            2     0(0.00%) |   2482    2286    2678   2300 |    0.20        0.00
GET      GET /cashout/history                                                              14     0(0.00%) |   3389       7    6616   3600 |    0.50        0.00
GET      GET /dashboard                                                                    21     0(0.00%) |   2819       4    6039   3500 |    1.10        0.00
GET      GET /quote (API)                                                                  31     0(0.00%) |   2283      49    4056   2800 |    1.70        0.00
GET      GET /send                                                                         60     0(0.00%) |   1952      95    4389   2300 |    2.20        0.00
GET      GET /send/pay                                                                     32     0(0.00%) |   1328       4    3923    120 |    0.80        0.00
GET      GET /send/review                                                                  32     0(0.00%) |   2205       4    6226   3000 |    1.10        0.00
GET      GET /transactions                                                                 13     0(0.00%) |   1793       4    4581   2100 |    0.20        0.00
GET      GET /wallet                                                                       28     0(0.00%) |   2640       6    4870   3300 |    1.20        0.00
POST     POST /admin/cashin/{id}/received                                                  36     0(0.00%) |    493      11    5082     44 |    0.00        0.00
POST     POST /cashout/preview                                                             16     0(0.00%) |   4076     153    8164   4700 |    0.60        0.00
POST     POST /login                                                                      100     0(0.00%) |   5459    1480    9394   5400 |    4.40        0.00
POST     POST /remittances                                                                 27     0(0.00%) |   1821      10    9581    180 |    0.00        0.00
POST     POST /remittances (declined)                                                       5     0(0.00%) |   2104     127    9756    230 |    0.00        0.00
--------|----------------------------------------------------------------------------|-------|-------------|-------|-------|-------|-------|--------|-----------
         Aggregated                                                                       435     0(0.00%) |   2853       4    9756   3000 |   14.80        0.00

Type     Name                                                                          # reqs      # fails |    Avg     Min     Max    Med |   req/s  failures/s
--------|----------------------------------------------------------------------------|-------|-------------|-------|-------|-------|-------|--------|-----------
GET      GET /admin/cashin                                                                 15     0(0.00%) |   2440       8    4411   2400 |    0.70        0.00
GET      GET /admin/settlements                                                             3     0(0.00%) |   2036     396    3342   2400 |    0.20        0.00
GET      GET /admin/transactions                                                            2     0(0.00%) |   2482    2286    2678   2300 |    0.20        0.00
GET      GET /cashout/history                                                              15     0(0.00%) |   3163       6    6616   3600 |    0.40        0.00
GET      GET /dashboard                                                                    29     0(0.00%) |   2044       4    6039   3000 |    1.10        0.00
GET      GET /quote (API)                                                                  46     0(0.00%) |   1540       3    4056   1200 |    1.60        0.00
GET      GET /send                                                                         60     0(0.00%) |   1952      95    4389   2300 |    1.90        0.00
GET      GET /send/pay                                                                     48     0(0.00%) |    887       4    3923     55 |    0.90        0.00
GET      GET /send/review                                                                  48     0(0.00%) |   1473       4    6226     90 |    0.90        0.00
GET      GET /transactions                                                                 19     0(0.00%) |   1229       3    4581     76 |    0.40        0.00
GET      GET /wallet                                                                       35     0(0.00%) |   2113       4    4870   2200 |    1.10        0.00
POST     POST /admin/cashin/{id}/received                                                  36     0(0.00%) |    493      11    5082     44 |    0.00        0.00
POST     POST /cashout/preview                                                             30     0(0.00%) |   2180       6    8164    150 |    0.60        0.00
POST     POST /login                                                                      100     0(0.00%) |   5459    1480    9394   5400 |    4.00        0.00
POST     POST /remittances                                                                 39     0(0.00%) |   1265      10    9581     84 |    0.00        0.00
POST     POST /remittances (declined)                                                       9     0(0.00%) |   1175      11    9756    130 |    0.10        0.00
--------|----------------------------------------------------------------------------|-------|-------------|-------|-------|-------|-------|--------|-----------
         Aggregated                                                                       534     0(0.00%) |   2326       3    9756   2300 |   14.10        0.00

Type     Name                                                                          # reqs      # fails |    Avg     Min     Max    Med |   req/s  failures/s
--------|----------------------------------------------------------------------------|-------|-------------|-------|-------|-------|-------|--------|-----------
GET      GET /admin/cashin                                                                 23     0(0.00%) |   1598       5    4411   1600 |    1.00        0.00
GET      GET /admin/settlements                                                             5     0(0.00%) |   1223       3    3342    400 |    0.20        0.00
GET      GET /admin/transactions                                                            2     0(0.00%) |   2482    2286    2678   2300 |    0.00        0.00
GET      GET /cashout/history                                                              18     0(0.00%) |   2638       6    6616   2400 |    1.20        0.00
GET      GET /dashboard                                                                    45     0(0.00%) |   1321       4    6039     18 |    2.10        0.00
GET      GET /quote (API)                                                                  57     0(0.00%) |   1244       3    4056    120 |    3.20        0.00
GET      GET /send                                                                         60     0(0.00%) |   1952      95    4389   2300 |    3.50        0.00
GET      GET /send/pay                                                                     77     0(0.00%) |    556       3    3923     10 |    4.00        0.00
GET      GET /send/review                                                                  77     0(0.00%) |    921       3    6226     10 |    3.80        0.00
GET      GET /transactions                                                                 24     0(0.00%) |    974       3    4581     12 |    1.50        0.00
GET      GET /wallet                                                                       48     0(0.00%) |   1545       2    4870    120 |    2.50        0.00
POST     POST /admin/cashin/{id}/received                                                 115     0(0.00%) |    166       9    5082     18 |    3.60        0.00
POST     POST /cashout/preview                                                             42     0(0.00%) |   1562       6    8164     15 |    2.10        0.00
POST     POST /login                                                                      100     0(0.00%) |   5459    1480    9394   5400 |    4.80        0.00
POST     POST /remittances                                                                 66     0(0.00%) |    754       9    9581     19 |    3.40        0.00
POST     POST /remittances (declined)                                                      11     0(0.00%) |    966      11    9756     27 |    0.90        0.00
--------|----------------------------------------------------------------------------|-------|-------------|-------|-------|-------|-------|--------|-----------
         Aggregated                                                                       770     0(0.00%) |   1617       2    9756     74 |   37.80        0.00

Type     Name                                                                          # reqs      # fails |    Avg     Min     Max    Med |   req/s  failures/s
--------|----------------------------------------------------------------------------|-------|-------------|-------|-------|-------|-------|--------|-----------
GET      GET /admin/cashin                                                                 25     0(0.00%) |   1471       5    4411    120 |    1.40        0.00
GET      GET /admin/settlements                                                             5     0(0.00%) |   1223       3    3342    400 |    0.20        0.00
GET      GET /admin/transactions                                                            2     0(0.00%) |   2482    2286    2678   2300 |    0.00        0.00
GET      GET /cashout/history                                                              26     0(0.00%) |   1829       5    6616     19 |    1.30        0.00
GET      GET /dashboard                                                                    62     0(0.00%) |    961       4    6039     11 |    3.80        0.00
GET      GET /quote (API)                                                                  67     0(0.00%) |   1059       3    4056     11 |    4.00        0.00
GET      GET /send                                                                         60     0(0.00%) |   1952      95    4389   2300 |    3.00        0.00
GET      GET /send/pay                                                                     99     0(0.00%) |    434       3    3923      7 |    6.30        0.00
GET      GET /send/review                                                                  99     0(0.00%) |    718       3    6226      8 |    6.10        0.00
GET      GET /transactions                                                                 34     0(0.00%) |    689       2    4581      7 |    2.10        0.00
GET      GET /wallet                                                                       64     0(0.00%) |   1180       2    4870     16 |    3.50        0.00
POST     POST /admin/cashin/{id}/received                                                 134     0(0.00%) |    144       8    5082     17 |    8.60        0.00
POST     POST /cashout/preview                                                             51     0(0.00%) |   1288       5    8164     14 |    3.70        0.00
POST     POST /login                                                                      100     0(0.00%) |   5459    1480    9394   5400 |    4.10        0.00
POST     POST /remittances                                                                 83     0(0.00%) |    602       8    9581     17 |    5.70        0.00
POST     POST /remittances (declined)                                                      16     0(0.00%) |    670      11    9756     21 |    1.10        0.00
--------|----------------------------------------------------------------------------|-------|-------------|-------|-------|-------|-------|--------|-----------
         Aggregated                                                                       927     0(0.00%) |   1346       2    9756     20 |   54.90        0.00

Type     Name                                                                          # reqs      # fails |    Avg     Min     Max    Med |   req/s  failures/s
--------|----------------------------------------------------------------------------|-------|-------------|-------|-------|-------|-------|--------|-----------
GET      GET /admin/cashin                                                                 33     0(0.00%) |   1116       5    4411     15 |    1.60        0.00
GET      GET /admin/settlements                                                             6     0(0.00%) |   1020       3    3342      6 |    0.40        0.00
GET      GET /admin/transactions                                                            2     0(0.00%) |   2482    2286    2678   2300 |    0.00        0.00
GET      GET /cashout/history                                                              30     0(0.00%) |   1586       5    6616     10 |    1.80        0.00
GET      GET /dashboard                                                                    77     0(0.00%) |    776       4    6039     10 |    4.90        0.00
GET      GET /quote (API)                                                                  76     0(0.00%) |    935       3    4056      7 |    4.80        0.00
GET      GET /send                                                                         60     0(0.00%) |   1952      95    4389   2300 |    2.70        0.00
GET      GET /send/pay                                                                    126     0(0.00%) |    342       3    3923      6 |    8.30        0.00
GET      GET /send/review                                                                 126     0(0.00%) |    565       3    6226      7 |    8.10        0.00
GET      GET /transactions                                                                 46     0(0.00%) |    511       2    4581      6 |    2.80        0.00
GET      GET /wallet                                                                       83     0(0.00%) |    929       2    4870      9 |    5.10        0.00
POST     POST /admin/cashin/{id}/received                                                 163     0(0.00%) |    120       8    5082     15 |   11.50        0.00
POST     POST /cashout/preview                                                             56     0(0.00%) |   1174       5    8164     13 |    4.50        0.00
POST     POST /login                                                                      100     0(0.00%) |   5459    1480    9394   5400 |    3.60        0.00
POST     POST /remittances                                                                107     0(0.00%) |    470       8    9581     15 |    7.40        0.00
POST     POST /remittances (declined)                                                      19     0(0.00%) |    566      11    9756     15 |    1.50        0.00
--------|----------------------------------------------------------------------------|-------|-------------|-------|-------|-------|-------|--------|-----------
         Aggregated                                                                      1110     0(0.00%) |   1127       2    9756     14 |   69.00        0.00

Type     Name                                                                          # reqs      # fails |    Avg     Min     Max    Med |   req/s  failures/s
--------|----------------------------------------------------------------------------|-------|-------------|-------|-------|-------|-------|--------|-----------
GET      GET /admin/cashin                                                                 38     0(0.00%) |    971       4    4411     10 |    2.10        0.00
GET      GET /admin/settlements                                                             6     0(0.00%) |   1020       3    3342      6 |    0.40        0.00
GET      GET /admin/transactions                                                            3     0(0.00%) |   1661      19    2678   2300 |    0.00        0.00
GET      GET /cashout/history                                                              36     0(0.00%) |   1326       5    6616     11 |    2.50        0.00
GET      GET /dashboard                                                                    82     0(0.00%) |    731       4    6039     11 |    6.10        0.00
GET      GET /quote (API)                                                                  94     0(0.00%) |    759       2    4056      8 |    5.10        0.00
GET      GET /send                                                                         60     0(0.00%) |   1952      95    4389   2300 |    2.40        0.00
GET      GET /send/pay                                                                    149     0(0.00%) |    291       2    3923      6 |   10.50        0.00
GET      GET /send/review                                                                 149     0(0.00%) |    481       2    6226      7 |   10.00        0.00
GET      GET /transactions                                                                 53     0(0.00%) |    447       2    4581      7 |    3.50        0.00
GET      GET /wallet                                                                       96     0(0.00%) |    820       2    4870      9 |    5.70        0.00
POST     POST /admin/cashin/{id}/received                                                 188     0(0.00%) |    107       8    5082     15 |   15.80        0.00
POST     POST /cashout/preview                                                             62     0(0.00%) |   1062       5    8164     13 |    4.90        0.00
POST     POST /login                                                                      100     0(0.00%) |   5459    1480    9394   5400 |    2.40        0.00
POST     POST /remittances                                                                126     0(0.00%) |    402       6    9581     14 |    9.60        0.00
POST     POST /remittances (declined)                                                      22     0(0.00%) |    491      11    9756     15 |    1.70        0.00
--------|----------------------------------------------------------------------------|-------|-------------|-------|-------|-------|-------|--------|-----------
         Aggregated                                                                      1264     0(0.00%) |    993       2    9756     13 |   82.70        0.00

Type     Name                                                                          # reqs      # fails |    Avg     Min     Max    Med |   req/s  failures/s
--------|----------------------------------------------------------------------------|-------|-------------|-------|-------|-------|-------|--------|-----------
GET      GET /admin/cashin                                                                 40     0(0.00%) |    923       4    4411      9 |    2.50        0.00
GET      GET /admin/settlements                                                             8     0(0.00%) |    766       3    3342      5 |    0.40        0.00
GET      GET /admin/transactions                                                            5     0(0.00%) |   1008      19    2678     30 |    0.00        0.00
GET      GET /cashout/history                                                              42     0(0.00%) |   1138       4    6616     11 |    2.90        0.00
GET      GET /dashboard                                                                    94     0(0.00%) |    639       4    6039     11 |    6.70        0.00
GET      GET /quote (API)                                                                 112     0(0.00%) |    638       2    4056      7 |    6.60        0.00
GET      GET /send                                                                         60     0(0.00%) |   1952      95    4389   2300 |    2.20        0.00
GET      GET /send/pay                                                                    169     0(0.00%) |    257       2    3923      6 |   13.20        0.00
GET      GET /send/review                                                                 169     0(0.00%) |    425       2    6226      7 |   12.80        0.00
GET      GET /transactions                                                                 62     0(0.00%) |    382       2    4581      6 |    4.70        0.00
GET      GET /wallet                                                                      113     0(0.00%) |    721       2    4870      9 |    7.50        0.00
POST     POST /admin/cashin/{id}/received                                                 193     0(0.00%) |    104       8    5082     15 |   17.50        0.00
POST     POST /cashout/preview                                                             69     0(0.00%) |    955       5    8164     12 |    5.20        0.00
POST     POST /login                                                                      100     0(0.00%) |   5459    1480    9394   5400 |    2.00        0.00
POST     POST /remittances                                                                144     0(0.00%) |    354       6    9581     14 |   12.00        0.00
POST     POST /remittances (declined)                                                      24     0(0.00%) |    451      10    9756     15 |    2.10        0.00
--------|----------------------------------------------------------------------------|-------|-------------|-------|-------|-------|-------|--------|-----------
         Aggregated                                                                      1404     0(0.00%) |    897       2    9756     13 |   98.30        0.00

Type     Name                                                                          # reqs      # fails |    Avg     Min     Max    Med |   req/s  failures/s
--------|----------------------------------------------------------------------------|-------|-------------|-------|-------|-------|-------|--------|-----------
GET      GET /admin/cashin                                                                 46     0(0.00%) |    803       3    4411      8 |    2.50        0.00
GET      GET /admin/settlements                                                            10     0(0.00%) |    614       3    3342      5 |    0.50        0.00
GET      GET /admin/transactions                                                            6     0(0.00%) |    860      19    2678     30 |    0.30        0.00
GET      GET /cashout/history                                                              47     0(0.00%) |   1018       4    6616     11 |    2.50        0.00
GET      GET /dashboard                                                                   106     0(0.00%) |    568       4    6039     10 |    6.80        0.00
GET      GET /quote (API)                                                                 125     0(0.00%) |    573       2    4056      7 |    6.10        0.00
GET      GET /send                                                                         60     0(0.00%) |   1952      95    4389   2300 |    0.00        0.00
GET      GET /send/pay                                                                    197     0(0.00%) |    221       2    3923      6 |   12.00        0.00
GET      GET /send/review                                                                 197     0(0.00%) |    367       2    6226      7 |   11.90        0.00
GET      GET /transactions                                                                 68     0(0.00%) |    350       2    4581      6 |    4.50        0.00
GET      GET /wallet                                                                      129     0(0.00%) |    633       2    4870      9 |    7.50        0.00
POST     POST /admin/cashin/{id}/received                                                 230     0(0.00%) |     90       7    5082     15 |   15.70        0.00
POST     POST /cashout/preview                                                             79     0(0.00%) |    835       5    8164     11 |    4.40        0.00
POST     POST /login                                                                      100     0(0.00%) |   5459    1480    9394   5400 |    0.00        0.00
POST     POST /remittances                                                                166     0(0.00%) |    309       6    9581     14 |   10.50        0.00
POST     POST /remittances (declined)                                                      31     0(0.00%) |    353       8    9756     16 |    1.50        0.00
--------|----------------------------------------------------------------------------|-------|-------------|-------|-------|-------|-------|--------|-----------
         Aggregated                                                                      1597     0(0.00%) |    790       2    9756     12 |   86.70        0.00

Type     Name                                                                          # reqs      # fails |    Avg     Min     Max    Med |   req/s  failures/s
--------|----------------------------------------------------------------------------|-------|-------------|-------|-------|-------|-------|--------|-----------
GET      GET /admin/cashin                                                                 49     0(0.00%) |    754       3    4411      8 |    2.50        0.00
GET      GET /admin/settlements                                                            11     0(0.00%) |    558       3    3342      5 |    0.50        0.00
GET      GET /admin/transactions                                                            6     0(0.00%) |    860      19    2678     30 |    0.40        0.00
GET      GET /cashout/history                                                              57     0(0.00%) |    841       4    6616     10 |    2.90        0.00
GET      GET /dashboard                                                                   114     0(0.00%) |    529       4    6039     10 |    6.00        0.00
GET      GET /quote (API)                                                                 147     0(0.00%) |    488       2    4056      6 |    6.50        0.00
GET      GET /send                                                                         60     0(0.00%) |   1952      95    4389   2300 |    0.00        0.00
GET      GET /send/pay                                                                    217     0(0.00%) |    201       2    3923      6 |   12.10        0.00
GET      GET /send/review                                                                 217     0(0.00%) |    333       2    6226      7 |   12.10        0.00
GET      GET /transactions                                                                 79     0(0.00%) |    302       2    4581      7 |    4.20        0.00
GET      GET /wallet                                                                      141     0(0.00%) |    580       2    4870      9 |    7.80        0.00
POST     POST /admin/cashin/{id}/received                                                 249     0(0.00%) |     84       7    5082     14 |   13.80        0.00
POST     POST /cashout/preview                                                             88     0(0.00%) |    751       5    8164     11 |    3.60        0.00
POST     POST /login                                                                      100     0(0.00%) |   5459    1480    9394   5400 |    0.00        0.00
POST     POST /remittances                                                                185     0(0.00%) |    278       6    9581     14 |   10.20        0.00
POST     POST /remittances (declined)                                                      32     0(0.00%) |    342       8    9756     15 |    1.80        0.00
--------|----------------------------------------------------------------------------|-------|-------------|-------|-------|-------|-------|--------|-----------
         Aggregated                                                                      1752     0(0.00%) |    721       2    9756     11 |   84.40        0.00

Type     Name                                                                          # reqs      # fails |    Avg     Min     Max    Med |   req/s  failures/s
--------|----------------------------------------------------------------------------|-------|-------------|-------|-------|-------|-------|--------|-----------
GET      GET /admin/cashin                                                                 55     0(0.00%) |    673       3    4411      8 |    2.50        0.00
GET      GET /admin/settlements                                                            11     0(0.00%) |    558       3    3342      5 |    0.50        0.00
GET      GET /admin/transactions                                                            7     0(0.00%) |    740      19    2678     30 |    0.40        0.00
GET      GET /cashout/history                                                              60     0(0.00%) |    800       4    6616     10 |    3.30        0.00
GET      GET /dashboard                                                                   127     0(0.00%) |    476       4    6039     10 |    5.50        0.00
GET      GET /quote (API)                                                                 157     0(0.00%) |    457       2    4056      6 |    7.60        0.00
GET      GET /send                                                                         60     0(0.00%) |   1952      95    4389   2300 |    0.00        0.00
GET      GET /send/pay                                                                    241     0(0.00%) |    182       2    3923      6 |   12.00        0.00
GET      GET /send/review                                                                 241     0(0.00%) |    301       2    6226      7 |   11.90        0.00
GET      GET /transactions                                                                 83     0(0.00%) |    288       2    4581      7 |    4.40        0.00
GET      GET /wallet                                                                      155     0(0.00%) |    538       2    4870      8 |    7.40        0.00
POST     POST /admin/cashin/{id}/received                                                 269     0(0.00%) |     79       7    5082     14 |   12.90        0.00
POST     POST /cashout/preview                                                             97     0(0.00%) |    682       3    8164     11 |    3.60        0.00
POST     POST /login                                                                      100     0(0.00%) |   5459    1480    9394   5400 |    0.00        0.00
POST     POST /remittances                                                                202     0(0.00%) |    256       6    9581     13 |   10.40        0.00
POST     POST /remittances (declined)                                                      39     0(0.00%) |    283       7    9756     14 |    1.60        0.00
--------|----------------------------------------------------------------------------|-------|-------------|-------|-------|-------|-------|--------|-----------
         Aggregated                                                                      1904     0(0.00%) |    664       2    9756     11 |   84.00        0.00

Type     Name                                                                          # reqs      # fails |    Avg     Min     Max    Med |   req/s  failures/s
--------|----------------------------------------------------------------------------|-------|-------------|-------|-------|-------|-------|--------|-----------
GET      GET /admin/cashin                                                                 59     0(0.00%) |    628       3    4411      8 |    2.40        0.00
GET      GET /admin/settlements                                                            11     0(0.00%) |    558       3    3342      5 |    0.50        0.00
GET      GET /admin/transactions                                                            9     0(0.00%) |    582      19    2678     30 |    0.50        0.00
GET      GET /cashout/history                                                              66     0(0.00%) |    728       4    6616     10 |    2.90        0.00
GET      GET /dashboard                                                                   136     0(0.00%) |    445       4    6039     10 |    5.00        0.00
GET      GET /quote (API)                                                                 175     0(0.00%) |    411       2    4056      6 |    8.50        0.00
GET      GET /send                                                                         60     0(0.00%) |   1952      95    4389   2300 |    0.00        0.00
GET      GET /send/pay                                                                    267     0(0.00%) |    165       2    3923      6 |   12.30        0.00
GET      GET /send/review                                                                 267     0(0.00%) |    273       2    6226      7 |   12.30        0.00
GET      GET /transactions                                                                 93     0(0.00%) |    257       2    4581      7 |    4.30        0.00
GET      GET /wallet                                                                      174     0(0.00%) |    495       2    4870      9 |    7.80        0.00
POST     POST /admin/cashin/{id}/received                                                 291     0(0.00%) |     74       7    5082     14 |   11.10        0.00
POST     POST /cashout/preview                                                            105     0(0.00%) |    632       3    8164     11 |    3.90        0.00
POST     POST /login                                                                      100     0(0.00%) |   5459    1480    9394   5400 |    0.00        0.00
POST     POST /remittances                                                                222     0(0.00%) |    234       6    9581     13 |   10.10        0.00
POST     POST /remittances (declined)                                                      45     0(0.00%) |    247       7    9756     13 |    2.20        0.00
--------|----------------------------------------------------------------------------|-------|-------------|-------|-------|-------|-------|--------|-----------
         Aggregated                                                                      2080     0(0.00%) |    610       2    9756     11 |   83.80        0.00

Type     Name                                                                          # reqs      # fails |    Avg     Min     Max    Med |   req/s  failures/s
--------|----------------------------------------------------------------------------|-------|-------------|-------|-------|-------|-------|--------|-----------
GET      GET /admin/cashin                                                                 63     0(0.00%) |    588       2    4411      8 |    2.20        0.00
GET      GET /admin/settlements                                                            12     0(0.00%) |    512       3    3342      5 |    0.50        0.00
GET      GET /admin/transactions                                                           11     0(0.00%) |    482      19    2678     30 |    0.60        0.00
GET      GET /cashout/history                                                              72     0(0.00%) |    668       4    6616     10 |    2.80        0.00
GET      GET /dashboard                                                                   149     0(0.00%) |    407       4    6039     10 |    5.30        0.00
GET      GET /quote (API)                                                                 192     0(0.00%) |    375       2    4056      6 |    7.70        0.00
GET      GET /send                                                                         60     0(0.00%) |   1952      95    4389   2300 |    0.00        0.00
GET      GET /send/pay                                                                    293     0(0.00%) |    151       2    3923      6 |   11.80        0.00
GET      GET /send/review                                                                 294     0(0.00%) |    248       2    6226      7 |   11.80        0.00
GET      GET /transactions                                                                100     0(0.00%) |    240       2    4581      6 |    3.80        0.00
GET      GET /wallet                                                                      180     0(0.00%) |    493       2    4870      9 |    7.80        0.00
POST     POST /admin/cashin/{id}/received                                                 302     0(0.00%) |     72       7    5082     14 |   11.20        0.00
POST     POST /cashout/preview                                                            117     0(0.00%) |    568       3    8164     11 |    4.30        0.00
POST     POST /login                                                                      100     0(0.00%) |   5459    1480    9394   5400 |    0.00        0.00
POST     POST /remittances                                                                244     0(0.00%) |    214       6    9581     13 |    9.60        0.00
POST     POST /remittances (declined)                                                      49     0(0.00%) |    228       7    9756     13 |    2.20        0.00
--------|----------------------------------------------------------------------------|-------|-------------|-------|-------|-------|-------|--------|-----------
         Aggregated                                                                      2238     0(0.00%) |    569       2    9756     11 |   81.60        0.00

Type     Name                                                                          # reqs      # fails |    Avg     Min     Max    Med |   req/s  failures/s
--------|----------------------------------------------------------------------------|-------|-------------|-------|-------|-------|-------|--------|-----------
GET      GET /admin/cashin                                                                 67     0(0.00%) |    553       2    4411      8 |    2.30        0.00
GET      GET /admin/settlements                                                            13     0(0.00%) |    473       3    3342      6 |    0.30        0.00
GET      GET /admin/transactions                                                           12     0(0.00%) |    445      19    2678     30 |    0.50        0.00
GET      GET /cashout/history                                                              81     0(0.00%) |    595       4    6616     10 |    2.90        0.00
GET      GET /dashboard                                                                   160     0(0.00%) |    380       4    6039     10 |    5.00        0.00
GET      GET /quote (API)                                                                 214     0(0.00%) |    337       2    4056      6 |    8.40        0.00
GET      GET /send                                                                         60     0(0.00%) |   1952      95    4389   2300 |    0.00        0.00
GET      GET /send/pay                                                                    310     0(0.00%) |    143       2    3923      6 |   11.90        0.00
GET      GET /send/review                                                                 311     0(0.00%) |    235       2    6226      6 |   11.90        0.00
GET      GET /transactions                                                                104     0(0.00%) |    231       2    4581      6 |    3.50        0.00
GET      GET /wallet                                                                      195     0(0.00%) |    469       2    4870      9 |    7.00        0.00
POST     POST /admin/cashin/{id}/received                                                 330     0(0.00%) |     67       7    5082     14 |   10.90        0.00
POST     POST /cashout/preview                                                            125     0(0.00%) |    532       3    8164     11 |    4.60        0.00
POST     POST /login                                                                      100     0(0.00%) |   5459    1480    9394   5400 |    0.00        0.00
POST     POST /remittances                                                                260     0(0.00%) |    202       6    9581     13 |    9.40        0.00
POST     POST /remittances (declined)                                                      50     0(0.00%) |    224       7    9756     13 |    2.50        0.00
--------|----------------------------------------------------------------------------|-------|-------------|-------|-------|-------|-------|--------|-----------
         Aggregated                                                                      2392     0(0.00%) |    534       2    9756     10 |   81.10        0.00

Type     Name                                                                          # reqs      # fails |    Avg     Min     Max    Med |   req/s  failures/s
--------|----------------------------------------------------------------------------|-------|-------------|-------|-------|-------|-------|--------|-----------
GET      GET /admin/cashin                                                                 74     0(0.00%) |    502       2    4411      7 |    2.10        0.00
GET      GET /admin/settlements                                                            13     0(0.00%) |    473       3    3342      6 |    0.50        0.00
GET      GET /admin/transactions                                                           13     0(0.00%) |    416      19    2678     32 |    0.50        0.00
GET      GET /cashout/history                                                              88     0(0.00%) |    548       4    6616      9 |    3.20        0.00
GET      GET /dashboard                                                                   173     0(0.00%) |    352       4    6039     10 |    5.60        0.00
GET      GET /quote (API)                                                                 229     0(0.00%) |    315       2    4056      6 |    9.00        0.00
GET      GET /send                                                                         60     0(0.00%) |   1952      95    4389   2300 |    0.00        0.00
GET      GET /send/pay                                                                    333     0(0.00%) |    133       2    3923      6 |   11.30        0.00
GET      GET /send/review                                                                 333     0(0.00%) |    220       2    6226      6 |   11.30        0.00
GET      GET /transactions                                                                114     0(0.00%) |    211       2    4581      6 |    3.60        0.00
GET      GET /wallet                                                                      204     0(0.00%) |    462       2    4870      9 |    6.50        0.00
POST     POST /admin/cashin/{id}/received                                                 338     0(0.00%) |     65       7    5082     14 |    9.90        0.00
POST     POST /cashout/preview                                                            133     0(0.00%) |    501       3    8164     10 |    4.60        0.00
POST     POST /login                                                                      100     0(0.00%) |   5459    1480    9394   5400 |    0.00        0.00
POST     POST /remittances                                                                278     0(0.00%) |    190       6    9581     13 |    9.30        0.00
POST     POST /remittances (declined)                                                      55     0(0.00%) |    204       7    9756     13 |    2.10        0.00
--------|----------------------------------------------------------------------------|-------|-------------|-------|-------|-------|-------|--------|-----------
         Aggregated                                                                      2538     0(0.00%) |    505       2    9756     10 |   79.50        0.00

Type     Name                                                                          # reqs      # fails |    Avg     Min     Max    Med |   req/s  failures/s
--------|----------------------------------------------------------------------------|-------|-------------|-------|-------|-------|-------|--------|-----------
GET      GET /admin/cashin                                                                 79     0(0.00%) |    473       2    4411      7 |    2.50        0.00
GET      GET /admin/settlements                                                            13     0(0.00%) |    473       3    3342      6 |    0.30        0.00
GET      GET /admin/transactions                                                           14     0(0.00%) |    388      19    2678     31 |    0.70        0.00
GET      GET /cashout/history                                                              90     0(0.00%) |    536       4    6616      9 |    3.00        0.00
GET      GET /dashboard                                                                   185     0(0.00%) |    331       4    6039     10 |    5.70        0.00
GET      GET /quote (API)                                                                 243     0(0.00%) |    297       2    4056      6 |    8.70        0.00
GET      GET /send                                                                         60     0(0.00%) |   1952      95    4389   2300 |    0.00        0.00
GET      GET /send/pay                                                                    356     0(0.00%) |    125       2    3923      6 |   11.30        0.00
GET      GET /send/review                                                                 356     0(0.00%) |    206       2    6226      6 |   11.30        0.00
GET      GET /transactions                                                                122     0(0.00%) |    198       2    4581      6 |    3.30        0.00
GET      GET /wallet                                                                      223     0(0.00%) |    440       2    4870      9 |    6.30        0.00
POST     POST /admin/cashin/{id}/received                                                 368     0(0.00%) |     61       6    5082     14 |    9.40        0.00
POST     POST /cashout/preview                                                            142     0(0.00%) |    470       3    8164     10 |    4.50        0.00
POST     POST /login                                                                      100     0(0.00%) |   5459    1480    9394   5400 |    0.00        0.00
POST     POST /remittances                                                                297     0(0.00%) |    178       6    9581     13 |    9.00        0.00
POST     POST /remittances (declined)                                                      59     0(0.00%) |    191       7    9756     13 |    2.30        0.00
--------|----------------------------------------------------------------------------|-------|-------------|-------|-------|-------|-------|--------|-----------
         Aggregated                                                                      2707     0(0.00%) |    476       2    9756     10 |   78.30        0.00

Type     Name                                                                          # reqs      # fails |    Avg     Min     Max    Med |   req/s  failures/s
--------|----------------------------------------------------------------------------|-------|-------------|-------|-------|-------|-------|--------|-----------
GET      GET /admin/cashin                                                                 84     0(0.00%) |    445       2    4411      7 |    2.00        0.00
GET      GET /admin/settlements                                                            13     0(0.00%) |    473       3    3342      6 |    0.20        0.00
GET      GET /admin/transactions                                                           14     0(0.00%) |    388      19    2678     31 |    0.60        0.00
GET      GET /cashout/history                                                              98     0(0.00%) |    494       4    6616      9 |    3.10        0.00
GET      GET /dashboard                                                                   199     0(0.00%) |    308       4    6039      9 |    5.70        0.00
GET      GET /quote (API)                                                                 258     0(0.00%) |    280       2    4056      6 |    8.40        0.00
GET      GET /send                                                                         60     0(0.00%) |   1952      95    4389   2300 |    0.00        0.00
GET      GET /send/pay                                                                    383     0(0.00%) |    117       2    3923      6 |   10.90        0.00
GET      GET /send/review                                                                 383     0(0.00%) |    193       2    6226      6 |   10.90        0.00
GET      GET /transactions                                                                126     0(0.00%) |    192       2    4581      6 |    3.80        0.00
GET      GET /wallet                                                                      240     0(0.00%) |    422       2    4870      9 |    6.30        0.00
POST     POST /admin/cashin/{id}/received                                                 397     0(0.00%) |     58       6    5082     13 |    8.90        0.00
POST     POST /cashout/preview                                                            146     0(0.00%) |    457       3    8164     10 |    4.60        0.00
POST     POST /login                                                                      100     0(0.00%) |   5459    1480    9394   5400 |    0.00        0.00
POST     POST /remittances                                                                321     0(0.00%) |    166       6    9581     13 |    9.10        0.00
POST     POST /remittances (declined)                                                      62     0(0.00%) |    183       7    9756     13 |    1.80        0.00
--------|----------------------------------------------------------------------------|-------|-------------|-------|-------|-------|-------|--------|-----------
         Aggregated                                                                      2884     0(0.00%) |    448       2    9756     10 |   76.30        0.00

Type     Name                                                                          # reqs      # fails |    Avg     Min     Max    Med |   req/s  failures/s
--------|----------------------------------------------------------------------------|-------|-------------|-------|-------|-------|-------|--------|-----------
GET      GET /admin/cashin                                                                 89     0(0.00%) |    421       2    4411      7 |    2.50        0.00
GET      GET /admin/settlements                                                            15     0(0.00%) |    412       3    3342      6 |    0.20        0.00
GET      GET /admin/transactions                                                           15     0(0.00%) |    367      19    2678     32 |    0.60        0.00
GET      GET /cashout/history                                                             102     0(0.00%) |    475       4    6616      9 |    3.30        0.00
GET      GET /dashboard                                                                   213     0(0.00%) |    289       4    6039      9 |    6.10        0.00
GET      GET /quote (API)                                                                 277     0(0.00%) |    262       2    4056      6 |    9.00        0.00
GET      GET /send                                                                         60     0(0.00%) |   1952      95    4389   2300 |    0.00        0.00
GET      GET /send/pay                                                                    405     0(0.00%) |    111       2    3923      6 |   11.70        0.00
GET      GET /send/review                                                                 405     0(0.00%) |    183       2    6226      6 |   11.80        0.00
GET      GET /transactions                                                                131     0(0.00%) |    185       2    4581      7 |    3.40        0.00
GET      GET /wallet                                                                      259     0(0.00%) |    416       2    4870      9 |    6.40        0.00
POST     POST /admin/cashin/{id}/received                                                 410     0(0.00%) |     56       6    5082     13 |   10.30        0.00
POST     POST /cashout/preview                                                            154     0(0.00%) |    434       3    8164     10 |    4.30        0.00
POST     POST /login                                                                      100     0(0.00%) |   5459    1480    9394   5400 |    0.00        0.00
POST     POST /remittances                                                                340     0(0.00%) |    158       6    9581     13 |   10.10        0.00
POST     POST /remittances (declined)                                                      65     0(0.00%) |    175       7    9756     13 |    1.60        0.00
--------|----------------------------------------------------------------------------|-------|-------------|-------|-------|-------|-------|--------|-----------
         Aggregated                                                                      3040     0(0.00%) |    428       2    9756     10 |   81.30        0.00

Type     Name                                                                          # reqs      # fails |    Avg     Min     Max    Med |   req/s  failures/s
--------|----------------------------------------------------------------------------|-------|-------------|-------|-------|-------|-------|--------|-----------
GET      GET /admin/cashin                                                                 95     0(0.00%) |    395       2    4411      8 |    2.60        0.00
GET      GET /admin/settlements                                                            16     0(0.00%) |    387       3    3342      5 |    0.40        0.00
GET      GET /admin/transactions                                                           15     0(0.00%) |    367      19    2678     32 |    0.50        0.00
GET      GET /cashout/history                                                             107     0(0.00%) |    453       4    6616      9 |    3.00        0.00
GET      GET /dashboard                                                                   222     0(0.00%) |    278       4    6039     10 |    6.60        0.00
GET      GET /quote (API)                                                                 297     0(0.00%) |    245       2    4056      6 |    8.40        0.00
GET      GET /send                                                                         60     0(0.00%) |   1952      95    4389   2300 |    0.00        0.00
GET      GET /send/pay                                                                    425     0(0.00%) |    106       2    3923      6 |   11.50        0.00
GET      GET /send/review                                                                 425     0(0.00%) |    174       2    6226      6 |   11.60        0.00
GET      GET /transactions                                                                142     0(0.00%) |    172       2    4581      7 |    3.30        0.00
GET      GET /wallet                                                                      270     0(0.00%) |    404       2    4870      9 |    7.70        0.00
POST     POST /admin/cashin/{id}/received                                                 434     0(0.00%) |     54       6    5082     13 |   10.80        0.00
POST     POST /cashout/preview                                                            168     0(0.00%) |    399       3    8164     10 |    3.50        0.00
POST     POST /login                                                                      100     0(0.00%) |   5459    1480    9394   5400 |    0.00        0.00
POST     POST /remittances                                                                358     0(0.00%) |    150       6    9581     13 |   10.00        0.00
POST     POST /remittances (declined)                                                      67     0(0.00%) |    170       7    9756     13 |    1.50        0.00
--------|----------------------------------------------------------------------------|-------|-------------|-------|-------|-------|-------|--------|-----------
         Aggregated                                                                      3201     0(0.00%) |    407       2    9756     10 |   81.40        0.00

Type     Name                                                                          # reqs      # fails |    Avg     Min     Max    Med |   req/s  failures/s
--------|----------------------------------------------------------------------------|-------|-------------|-------|-------|-------|-------|--------|-----------
GET      GET /admin/cashin                                                                103     0(0.00%) |    364       2    4411      7 |    2.70        0.00
GET      GET /admin/settlements                                                            16     0(0.00%) |    387       3    3342      5 |    0.20        0.00
GET      GET /admin/transactions                                                           15     0(0.00%) |    367      19    2678     32 |    0.40        0.00
GET      GET /cashout/history                                                             113     0(0.00%) |    429       4    6616      9 |    2.80        0.00
GET      GET /dashboard                                                                   234     0(0.00%) |    264       4    6039     10 |    6.20        0.00
GET      GET /quote (API)                                                                 310     0(0.00%) |    235       2    4056      6 |    8.20        0.00
GET      GET /send                                                                         60     0(0.00%) |   1952      95    4389   2300 |    0.00        0.00
GET      GET /send/pay                                                                    445     0(0.00%) |    101       2    3923      6 |   11.70        0.00
GET      GET /send/review                                                                 445     0(0.00%) |    167       2    6226      6 |   11.70        0.00
GET      GET /transactions                                                                159     0(0.00%) |    154       2    4581      7 |    3.50        0.00
GET      GET /wallet                                                                      288     0(0.00%) |    393       2    4870      9 |    7.70        0.00
POST     POST /admin/cashin/{id}/received                                                 456     0(0.00%) |     52       6    5082     13 |   10.50        0.00
POST     POST /cashout/preview                                                            172     0(0.00%) |    390       3    8164     10 |    3.90        0.00
POST     POST /login                                                                      100     0(0.00%) |   5459    1480    9394   5400 |    0.00        0.00
POST     POST /remittances                                                                376     0(0.00%) |    144       6    9581     13 |   10.00        0.00
POST     POST /remittances (declined)                                                      69     0(0.00%) |    166       7    9756     13 |    1.70        0.00
--------|----------------------------------------------------------------------------|-------|-------------|-------|-------|-------|-------|--------|-----------
         Aggregated                                                                      3361     0(0.00%) |    389       2    9756     10 |   81.20        0.00

Type     Name                                                                          # reqs      # fails |    Avg     Min     Max    Med |   req/s  failures/s
--------|----------------------------------------------------------------------------|-------|-------------|-------|-------|-------|-------|--------|-----------
GET      GET /admin/cashin                                                                106     0(0.00%) |    354       2    4411      7 |    2.50        0.00
GET      GET /admin/settlements                                                            17     0(0.00%) |    364       3    3342      5 |    0.30        0.00
GET      GET /admin/transactions                                                           15     0(0.00%) |    367      19    2678     32 |    0.20        0.00
GET      GET /cashout/history                                                             117     0(0.00%) |    415       4    6616      9 |    2.50        0.00
GET      GET /dashboard                                                                   243     0(0.00%) |    255       4    6039     10 |    6.30        0.00
GET      GET /quote (API)                                                                 326     0(0.00%) |    224       2    4056      6 |    7.80        0.00
GET      GET /send                                                                         60     0(0.00%) |   1952      95    4389   2300 |    0.00        0.00
GET      GET /send/pay                                                                    471     0(0.00%) |     96       2    3923      6 |   11.80        0.00
GET      GET /send/review                                                                 472     0(0.00%) |    158       2    6226      6 |   11.80        0.00
GET      GET /transactions                                                                169     0(0.00%) |    146       2    4581      7 |    4.30        0.00
GET      GET /wallet                                                                      304     0(0.00%) |    377       2    4870      9 |    8.30        0.00
POST     POST /admin/cashin/{id}/received                                                 474     0(0.00%) |     51       6    5082     13 |   11.30        0.00
POST     POST /cashout/preview                                                            179     0(0.00%) |    375       3    8164     10 |    4.10        0.00
POST     POST /login                                                                      100     0(0.00%) |   5459    1480    9394   5400 |    0.00        0.00
POST     POST /remittances                                                                398     0(0.00%) |    137       6    9581     13 |   10.40        0.00
POST     POST /remittances (declined)                                                      73     0(0.00%) |    157       7    9756     13 |    1.40        0.00
--------|----------------------------------------------------------------------------|-------|-------------|-------|-------|-------|-------|--------|-----------
         Aggregated                                                                      3524     0(0.00%) |    372       2    9756      9 |   83.00        0.00

Type     Name                                                                          # reqs      # fails |    Avg     Min     Max    Med |   req/s  failures/s
--------|----------------------------------------------------------------------------|-------|-------------|-------|-------|-------|-------|--------|-----------
GET      GET /admin/cashin                                                                114     0(0.00%) |    330       2    4411      7 |    3.10        0.00
GET      GET /admin/settlements                                                            18     0(0.00%) |    345       3    3342      5 |    0.30        0.00
GET      GET /admin/transactions                                                           16     0(0.00%) |    348      19    2678     32 |    0.20        0.00
GET      GET /cashout/history                                                             127     0(0.00%) |    383       4    6616      9 |    2.70        0.00
GET      GET /dashboard                                                                   258     0(0.00%) |    241       4    6039     10 |    6.00        0.00
GET      GET /quote (API)                                                                 345     0(0.00%) |    212       2    4056      6 |    7.80        0.00
GET      GET /send                                                                         60     0(0.00%) |   1952      95    4389   2300 |    0.00        0.00
GET      GET /send/pay                                                                    491     0(0.00%) |     92       2    3923      6 |   12.00        0.00
GET      GET /send/review                                                                 491     0(0.00%) |    152       2    6226      6 |   12.00        0.00
GET      GET /transactions                                                                179     0(0.00%) |    138       2    4581      7 |    4.40        0.00
GET      GET /wallet                                                                      316     0(0.00%) |    371       2    4870      9 |    8.40        0.00
POST     POST /admin/cashin/{id}/received                                                 500     0(0.00%) |     49       6    5082     13 |   11.60        0.00
POST     POST /cashout/preview                                                            185     0(0.00%) |    363       3    8164     10 |    3.50        0.00
POST     POST /login                                                                      100     0(0.00%) |   5459    1480    9394   5400 |    0.00        0.00
POST     POST /remittances                                                                416     0(0.00%) |    131       6    9581     13 |   10.40        0.00
POST     POST /remittances (declined)                                                      75     0(0.00%) |    153       7    9756     13 |    1.60        0.00
--------|----------------------------------------------------------------------------|-------|-------------|-------|-------|-------|-------|--------|-----------
         Aggregated                                                                      3691     0(0.00%) |    357       2    9756      9 |   84.00        0.00

Type     Name                                                                          # reqs      # fails |    Avg     Min     Max    Med |   req/s  failures/s
--------|----------------------------------------------------------------------------|-------|-------------|-------|-------|-------|-------|--------|-----------
GET      GET /admin/cashin                                                                119     0(0.00%) |    316       2    4411      7 |    2.90        0.00
GET      GET /admin/settlements                                                            19     0(0.00%) |    327       3    3342      5 |    0.50        0.00
GET      GET /admin/transactions                                                           17     0(0.00%) |    331      19    2678     34 |    0.10        0.00
GET      GET /cashout/history                                                             129     0(0.00%) |    377       4    6616      9 |    2.60        0.00
GET      GET /dashboard                                                                   264     0(0.00%) |    235       4    6039     10 |    5.90        0.00
GET      GET /quote (API)                                                                 366     0(0.00%) |    200       2    4056      6 |    7.70        0.00
GET      GET /send                                                                         60     0(0.00%) |   1952      95    4389   2300 |    0.00        0.00
GET      GET /send/pay                                                                    504     0(0.00%) |     90       2    3923      6 |   10.40        0.00
GET      GET /send/review                                                                 504     0(0.00%) |    148       2    6226      6 |   10.30        0.00
GET      GET /transactions                                                                188     0(0.00%) |    131       2    4581      7 |    5.40        0.00
GET      GET /wallet                                                                      334     0(0.00%) |    366       2    4870      9 |    7.60        0.00
POST     POST /admin/cashin/{id}/received                                                 513     0(0.00%) |     48       6    5082     13 |   10.10        0.00
POST     POST /cashout/preview                                                            194     0(0.00%) |    347       3    8164     10 |    3.90        0.00
POST     POST /login                                                                      100     0(0.00%) |   5459    1480    9394   5400 |    0.00        0.00
POST     POST /remittances                                                                429     0(0.00%) |    128       6    9581     13 |    9.00        0.00
POST     POST /remittances (declined)                                                      75     0(0.00%) |    153       7    9756     13 |    1.40        0.00
--------|----------------------------------------------------------------------------|-------|-------------|-------|-------|-------|-------|--------|-----------
         Aggregated                                                                      3815     0(0.00%) |    347       2    9756      9 |   77.80        0.00

Type     Name                                                                          # reqs      # fails |    Avg     Min     Max    Med |   req/s  failures/s
--------|----------------------------------------------------------------------------|-------|-------------|-------|-------|-------|-------|--------|-----------
GET      GET /admin/cashin                                                                122     0(0.00%) |    309       2    4411      7 |    2.60        0.00
GET      GET /admin/settlements                                                            20     0(0.00%) |    311       3    3342      5 |    0.30        0.00
GET      GET /admin/transactions                                                           17     0(0.00%) |    331      19    2678     34 |    0.10        0.00
GET      GET /cashout/history                                                             136     0(0.00%) |    359       4    6616      9 |    3.00        0.00
GET      GET /dashboard                                                                   272     0(0.00%) |    229       4    6039     10 |    5.40        0.00
GET      GET /quote (API)                                                                 385     0(0.00%) |    193       2    4056      6 |    8.90        0.00
GET      GET /send                                                                         60     0(0.00%) |   1952      95    4389   2300 |    0.00        0.00
GET      GET /send/pay                                                                    524     0(0.00%) |     87       2    3923      6 |   10.10        0.00
GET      GET /send/review                                                                 524     0(0.00%) |    145       2    6226      6 |   10.00        0.00
GET      GET /transactions                                                                204     0(0.00%) |    127       2    4581      7 |    5.60        0.00
GET      GET /wallet                                                                      358     0(0.00%) |    359       2    4870      9 |    7.40        0.00
POST     POST /admin/cashin/{id}/received                                                 521     0(0.00%) |     47       6    5082     13 |    9.50        0.00
POST     POST /cashout/preview                                                            199     0(0.00%) |    340       3    8164     10 |    4.40        0.00
POST     POST /login                                                                      100     0(0.00%) |   5459    1480    9394   5400 |    0.00        0.00
POST     POST /remittances                                                                449     0(0.00%) |    123       6    9581     13 |    9.00        0.00
POST     POST /remittances (declined)                                                      75     0(0.00%) |    153       7    9756     13 |    1.10        0.00
--------|----------------------------------------------------------------------------|-------|-------------|-------|-------|-------|-------|--------|-----------
         Aggregated                                                                      3966     0(0.00%) |    336       2    9756      9 |   77.40        0.00

Type     Name                                                                          # reqs      # fails |    Avg     Min     Max    Med |   req/s  failures/s
--------|----------------------------------------------------------------------------|-------|-------------|-------|-------|-------|-------|--------|-----------
GET      GET /admin/cashin                                                                127     0(0.00%) |    297       2    4411      7 |    2.80        0.00
GET      GET /admin/settlements                                                            22     0(0.00%) |    283       3    3342      5 |    0.50        0.00
GET      GET /admin/transactions                                                           19     0(0.00%) |    300      19    2678     37 |    0.20        0.00
GET      GET /cashout/history                                                             141     0(0.00%) |    347       4    6616      9 |    2.70        0.00
GET      GET /dashboard                                                                   287     0(0.00%) |    218       4    6039     10 |    4.80        0.00
GET      GET /quote (API)                                                                 394     0(0.00%) |    188       2    4056      6 |    8.50        0.00
GET      GET /send                                                                         60     0(0.00%) |   1952      95    4389   2300 |    0.00        0.00
GET      GET /send/pay                                                                    549     0(0.00%) |     83       2    3923      6 |   10.00        0.00
GET      GET /send/review                                                                 549     0(0.00%) |    138       2    6226      6 |   10.00        0.00
GET      GET /transactions                                                                210     0(0.00%) |    123       2    4581      7 |    6.30        0.00
GET      GET /wallet                                                                      373     0(0.00%) |    348       2    4870      9 |    8.70        0.00
POST     POST /admin/cashin/{id}/received                                                 552     0(0.00%) |     45       6    5082     13 |    9.30        0.00
POST     POST /cashout/preview                                                            205     0(0.00%) |    330       3    8164     10 |    3.70        0.00
POST     POST /login                                                                      100     0(0.00%) |   5459    1480    9394   5400 |    0.00        0.00
POST     POST /remittances                                                                467     0(0.00%) |    119       6    9581     13 |    9.20        0.00
POST     POST /remittances (declined)                                                      82     0(0.00%) |    141       7    9756     13 |    0.80        0.00
--------|----------------------------------------------------------------------------|-------|-------------|-------|-------|-------|-------|--------|-----------
         Aggregated                                                                      4137     0(0.00%) |    323       2    9756      9 |   77.50        0.00

Type     Name                                                                          # reqs      # fails |    Avg     Min     Max    Med |   req/s  failures/s
--------|----------------------------------------------------------------------------|-------|-------------|-------|-------|-------|-------|--------|-----------
GET      GET /admin/cashin                                                                133     0(0.00%) |    284       2    4411      8 |    2.90        0.00
GET      GET /admin/settlements                                                            23     0(0.00%) |    271       3    3342      5 |    0.50        0.00
GET      GET /admin/transactions                                                           19     0(0.00%) |    300      19    2678     37 |    0.40        0.00
GET      GET /cashout/history                                                             147     0(0.00%) |    333       4    6616      9 |    3.00        0.00
GET      GET /dashboard                                                                   299     0(0.00%) |    209       4    6039     10 |    5.10        0.00
GET      GET /quote (API)                                                                 417     0(0.00%) |    179       2    4056      6 |    8.50        0.00
GET      GET /send                                                                         60     0(0.00%) |   1952      95    4389   2300 |    0.00        0.00
GET      GET /send/pay                                                                    571     0(0.00%) |     80       2    3923      6 |   10.10        0.00
GET      GET /send/review                                                                 571     0(0.00%) |    133       2    6226      6 |   10.10        0.00
GET      GET /transactions                                                                217     0(0.00%) |    119       2    4581      7 |    5.60        0.00
GET      GET /wallet                                                                      387     0(0.00%) |    349       2    4870      9 |    8.50        0.00
POST     POST /admin/cashin/{id}/received                                                 585     0(0.00%) |     44       5    5082     13 |    9.70        0.00
POST     POST /cashout/preview                                                            212     0(0.00%) |    319       3    8164     10 |    3.20        0.00
POST     POST /login                                                                      100     0(0.00%) |   5459    1480    9394   5400 |    0.00        0.00
POST     POST /remittances                                                                485     0(0.00%) |    115       6    9581     13 |    9.10        0.00
POST     POST /remittances (declined)                                                      86     0(0.00%) |    135       7    9756     13 |    1.00        0.00
--------|----------------------------------------------------------------------------|-------|-------------|-------|-------|-------|-------|--------|-----------
         Aggregated                                                                      4312     0(0.00%) |    311       2    9756      9 |   77.70        0.00

Type     Name                                                                          # reqs      # fails |    Avg     Min     Max    Med |   req/s  failures/s
--------|----------------------------------------------------------------------------|-------|-------------|-------|-------|-------|-------|--------|-----------
GET      GET /admin/cashin                                                                136     0(0.00%) |    278       2    4411      8 |    2.40        0.00
GET      GET /admin/settlements                                                            25     0(0.00%) |    249       3    3342      5 |    0.60        0.00
GET      GET /admin/transactions                                                           19     0(0.00%) |    300      19    2678     37 |    0.40        0.00
GET      GET /cashout/history                                                             153     0(0.00%) |    320       4    6616     10 |    2.90        0.00
GET      GET /dashboard                                                                   312     0(0.00%) |    201       4    6039      9 |    5.70        0.00
GET      GET /quote (API)                                                                 435     0(0.00%) |    171       2    4056      6 |    8.90        0.00
GET      GET /send                                                                         60     0(0.00%) |   1952      95    4389   2300 |    0.00        0.00
GET      GET /send/pay                                                                    591     0(0.00%) |     78       2    3923      6 |    9.90        0.00
GET      GET /send/review                                                                 591     0(0.00%) |    129       2    6226      6 |    9.90        0.00
GET      GET /transactions                                                                225     0(0.00%) |    115       2    4581      7 |    5.10        0.00
GET      GET /wallet                                                                      400     0(0.00%) |    342       2    4870      9 |    8.30        0.00
POST     POST /admin/cashin/{id}/received                                                 600     0(0.00%) |     43       5    5082     13 |    9.30        0.00
POST     POST /cashout/preview                                                            223     0(0.00%) |    304       3    8164     10 |    3.40        0.00
POST     POST /login                                                                      100     0(0.00%) |   5459    1480    9394   5400 |    0.00        0.00
POST     POST /remittances                                                                501     0(0.00%) |    112       6    9581     13 |    8.80        0.00
POST     POST /remittances (declined)                                                      90     0(0.00%) |    130       7    9756     13 |    1.10        0.00
--------|----------------------------------------------------------------------------|-------|-------------|-------|-------|-------|-------|--------|-----------
         Aggregated                                                                      4461     0(0.00%) |    302       2    9756      9 |   76.70        0.00

Type     Name                                                                          # reqs      # fails |    Avg     Min     Max    Med |   req/s  failures/s
--------|----------------------------------------------------------------------------|-------|-------------|-------|-------|-------|-------|--------|-----------
GET      GET /admin/cashin                                                                142     0(0.00%) |    267       2    4411      8 |    2.20        0.00
GET      GET /admin/settlements                                                            28     0(0.00%) |    223       3    3342      5 |    0.70        0.00
GET      GET /admin/transactions                                                           19     0(0.00%) |    300      19    2678     37 |    0.40        0.00
GET      GET /cashout/history                                                             157     0(0.00%) |    312       4    6616      9 |    2.70        0.00
GET      GET /dashboard                                                                   325     0(0.00%) |    193       4    6039      9 |    5.50        0.00
GET      GET /quote (API)                                                                 454     0(0.00%) |    165       2    4056      6 |   10.10        0.00
GET      GET /send                                                                         60     0(0.00%) |   1952      95    4389   2300 |    0.00        0.00
GET      GET /send/pay                                                                    613     0(0.00%) |     75       2    3923      6 |   10.10        0.00
GET      GET /send/review                                                                 613     0(0.00%) |    125       2    6226      6 |   10.10        0.00
GET      GET /transactions                                                                234     0(0.00%) |    111       2    4581      7 |    4.30        0.00
GET      GET /wallet                                                                      416     0(0.00%) |    345       2    4870      9 |    8.20        0.00
POST     POST /admin/cashin/{id}/received                                                 619     0(0.00%) |     42       5    5082     13 |   10.00        0.00
POST     POST /cashout/preview                                                            233     0(0.00%) |    291       3    8164      9 |    3.60        0.00
POST     POST /login                                                                      100     0(0.00%) |   5459    1480    9394   5400 |    0.00        0.00
POST     POST /remittances                                                                519     0(0.00%) |    108       6    9581     13 |    8.80        0.00
POST     POST /remittances (declined)                                                      94     0(0.00%) |    125       7    9756     13 |    1.30        0.00
--------|----------------------------------------------------------------------------|-------|-------------|-------|-------|-------|-------|--------|-----------
         Aggregated                                                                      4626     0(0.00%) |    293       2    9756      9 |   78.00        0.00

Type     Name                                                                          # reqs      # fails |    Avg     Min     Max    Med |   req/s  failures/s
--------|----------------------------------------------------------------------------|-------|-------------|-------|-------|-------|-------|--------|-----------
GET      GET /admin/cashin                                                                146     0(0.00%) |    260       2    4411      7 |    2.50        0.00
GET      GET /admin/settlements                                                            28     0(0.00%) |    223       3    3342      5 |    0.90        0.00
GET      GET /admin/transactions                                                           19     0(0.00%) |    300      19    2678     37 |    0.30        0.00
GET      GET /cashout/history                                                             163     0(0.00%) |    301       3    6616      9 |    2.50        0.00
GET      GET /dashboard                                                                   338     0(0.00%) |    186       4    6039      9 |    5.50        0.00
GET      GET /quote (API)                                                                 469     0(0.00%) |    159       2    4056      6 |    8.60        0.00
GET      GET /send                                                                         60     0(0.00%) |   1952      95    4389   2300 |    0.00        0.00
GET      GET /send/pay                                                                    641     0(0.00%) |     72       2    3923      6 |   11.00        0.00
GET      GET /send/review                                                                 641     0(0.00%) |    120       2    6226      6 |   11.00        0.00
GET      GET /transactions                                                                241     0(0.00%) |    108       2    4581      7 |    4.60        0.00
GET      GET /wallet                                                                      428     0(0.00%) |    339       2    4870     10 |    8.40        0.00
POST     POST /admin/cashin/{id}/received                                                 630     0(0.00%) |     41       5    5082     13 |   11.10        0.00
POST     POST /cashout/preview                                                            241     0(0.00%) |    282       3    8164      9 |    3.40        0.00
POST     POST /login                                                                      100     0(0.00%) |   5459    1480    9394   5400 |    0.00        0.00
POST     POST /remittances                                                                541     0(0.00%) |    104       6    9581     13 |    9.40        0.00
POST     POST /remittances (declined)                                                     100     0(0.00%) |    118       7    9756     13 |    1.60        0.00
--------|----------------------------------------------------------------------------|-------|-------------|-------|-------|-------|-------|--------|-----------
         Aggregated                                                                      4786     0(0.00%) |    283       2    9756      9 |   80.80        0.00

Type     Name                                                                          # reqs      # fails |    Avg     Min     Max    Med |   req/s  failures/s
--------|----------------------------------------------------------------------------|-------|-------------|-------|-------|-------|-------|--------|-----------
GET      GET /admin/cashin                                                                151     0(0.00%) |    251       2    4411      7 |    2.30        0.00
GET      GET /admin/settlements                                                            31     0(0.00%) |    202       3    3342      5 |    0.80        0.00
GET      GET /admin/transactions                                                           19     0(0.00%) |    300      19    2678     37 |    0.20        0.00
GET      GET /cashout/history                                                             167     0(0.00%) |    294       3    6616      9 |    2.70        0.00
GET      GET /dashboard                                                                   348     0(0.00%) |    181       4    6039      9 |    6.70        0.00
GET      GET /quote (API)                                                                 481     0(0.00%) |    156       2    4056      6 |    8.50        0.00
GET      GET /send                                                                         60     0(0.00%) |   1952      95    4389   2300 |    0.00        0.00
GET      GET /send/pay                                                                    664     0(0.00%) |     70       2    3923      6 |   10.60        0.00
GET      GET /send/review                                                                 664     0(0.00%) |    116       2    6226      6 |   10.60        0.00
GET      GET /transactions                                                                249     0(0.00%) |    105       2    4581      7 |    3.60        0.00
GET      GET /wallet                                                                      443     0(0.00%) |    342       2    4870     10 |    7.30        0.00
POST     POST /admin/cashin/{id}/received                                                 650     0(0.00%) |     41       5    5082     13 |   10.70        0.00
POST     POST /cashout/preview                                                            254     0(0.00%) |    268       3    8164      9 |    4.00        0.00
POST     POST /login                                                                      100     0(0.00%) |   5459    1480    9394   5400 |    0.00        0.00
POST     POST /remittances                                                                561     0(0.00%) |    101       6    9581     13 |    8.60        0.00
POST     POST /remittances (declined)                                                     103     0(0.00%) |    115       7    9756     13 |    2.00        0.00
--------|----------------------------------------------------------------------------|-------|-------------|-------|-------|-------|-------|--------|-----------
         Aggregated                                                                      4945     0(0.00%) |    276       2    9756      9 |   78.60        0.00

Type     Name                                                                          # reqs      # fails |    Avg     Min     Max    Med |   req/s  failures/s
--------|----------------------------------------------------------------------------|-------|-------------|-------|-------|-------|-------|--------|-----------
GET      GET /admin/cashin                                                                159     0(0.00%) |    239       2    4411      7 |    2.30        0.00
GET      GET /admin/settlements                                                            31     0(0.00%) |    202       3    3342      5 |    0.90        0.00
GET      GET /admin/transactions                                                           19     0(0.00%) |    300      19    2678     37 |    0.00        0.00
GET      GET /cashout/history                                                             172     0(0.00%) |    286       3    6616      9 |    2.50        0.00
GET      GET /dashboard                                                                   359     0(0.00%) |    176       4    6039      9 |    6.30        0.00
GET      GET /quote (API)                                                                 496     0(0.00%) |    151       2    4056      6 |    8.70        0.00
GET      GET /send                                                                         60     0(0.00%) |   1952      95    4389   2300 |    0.00        0.00
GET      GET /send/pay                                                                    693     0(0.00%) |     67       2    3923      6 |   11.30        0.00
GET      GET /send/review                                                                 693     0(0.00%) |    111       2    6226      6 |   11.30        0.00
GET      GET /transactions                                                                255     0(0.00%) |    103       2    4581      7 |    3.70        0.00
GET      GET /wallet                                                                      451     0(0.00%) |    341       2    4870     10 |    6.90        0.00
POST     POST /admin/cashin/{id}/received                                                 687     0(0.00%) |     39       5    5082     13 |   10.00        0.00
POST     POST /cashout/preview                                                            259     0(0.00%) |    263       3    8164      9 |    4.60        0.00
POST     POST /login                                                                      100     0(0.00%) |   5459    1480    9394   5400 |    0.00        0.00
POST     POST /remittances                                                                587     0(0.00%) |     97       6    9581     13 |    8.80        0.00
POST     POST /remittances (declined)                                                     106     0(0.00%) |    113       7    9756     13 |    2.50        0.00
--------|----------------------------------------------------------------------------|-------|-------------|-------|-------|-------|-------|--------|-----------
         Aggregated                                                                      5127     0(0.00%) |    267       2    9756      9 |   79.80        0.00

Type     Name                                                                          # reqs      # fails |    Avg     Min     Max    Med |   req/s  failures/s
--------|----------------------------------------------------------------------------|-------|-------------|-------|-------|-------|-------|--------|-----------
GET      GET /admin/cashin                                                                161     0(0.00%) |    236       2    4411      7 |    2.30        0.00
GET      GET /admin/settlements                                                            32     0(0.00%) |    196       3    3342      5 |    0.90        0.00
GET      GET /admin/transactions                                                           19     0(0.00%) |    300      19    2678     37 |    0.00        0.00
GET      GET /cashout/history                                                             178     0(0.00%) |    277       3    6616      9 |    2.50        0.00
GET      GET /dashboard                                                                   368     0(0.00%) |    172       4    6039      9 |    5.50        0.00
GET      GET /quote (API)                                                                 511     0(0.00%) |    147       2    4056      6 |    8.80        0.00
GET      GET /send                                                                         60     0(0.00%) |   1952      95    4389   2300 |    0.00        0.00
GET      GET /send/pay                                                                    714     0(0.00%) |     65       2    3923      6 |   11.70        0.00
GET      GET /send/review                                                                 714     0(0.00%) |    108       2    6226      6 |   11.70        0.00
GET      GET /transactions                                                                270     0(0.00%) |     98       2    4581      7 |    4.00        0.00
GET      GET /wallet                                                                      472     0(0.00%) |    339       2    4870     10 |    6.50        0.00
POST     POST /admin/cashin/{id}/received                                                 701     0(0.00%) |     39       5    5082     13 |   10.50        0.00
POST     POST /cashout/preview                                                            268     0(0.00%) |    254       3    8164      9 |    4.80        0.00
POST     POST /login                                                                      100     0(0.00%) |   5459    1480    9394   5400 |    0.00        0.00
POST     POST /remittances                                                                603     0(0.00%) |     95       6    9581     13 |    9.50        0.00
POST     POST /remittances (declined)                                                     110     0(0.00%) |    109       7    9756     13 |    2.10        0.00
--------|----------------------------------------------------------------------------|-------|-------------|-------|-------|-------|-------|--------|-----------
         Aggregated                                                                      5281     0(0.00%) |    260       2    9756      9 |   80.80        0.00

Type     Name                                                                          # reqs      # fails |    Avg     Min     Max    Med |   req/s  failures/s
--------|----------------------------------------------------------------------------|-------|-------------|-------|-------|-------|-------|--------|-----------
GET      GET /admin/cashin                                                                166     0(0.00%) |    229       2    4411      7 |    2.60        0.00
GET      GET /admin/settlements                                                            32     0(0.00%) |    196       3    3342      5 |    0.70        0.00
GET      GET /admin/transactions                                                           21     0(0.00%) |    276      19    2678     38 |    0.00        0.00
GET      GET /cashout/history                                                             181     0(0.00%) |    272       3    6616      9 |    2.70        0.00
GET      GET /dashboard                                                                   386     0(0.00%) |    165       4    6039      9 |    5.50        0.00
GET      GET /quote (API)                                                                 525     0(0.00%) |    143       2    4056      6 |    7.40        0.00
GET      GET /send                                                                         60     0(0.00%) |   1952      95    4389   2300 |    0.00        0.00
GET      GET /send/pay                                                                    742     0(0.00%) |     63       2    3923      6 |   12.50        0.00
GET      GET /send/review                                                                 742     0(0.00%) |    104       2    6226      6 |   12.50        0.00
GET      GET /transactions                                                                273     0(0.00%) |     97       2    4581      7 |    4.20        0.00
GET      GET /wallet                                                                      483     0(0.00%) |    342       2    4870     10 |    7.20        0.00
POST     POST /admin/cashin/{id}/received                                                 725     0(0.00%) |     38       5    5082     13 |   10.20        0.00
POST     POST /cashout/preview                                                            281     0(0.00%) |    243       3    8164      9 |    4.30        0.00
POST     POST /login                                                                      100     0(0.00%) |   5459    1480    9394   5400 |    0.00        0.00
POST     POST /remittances                                                                626     0(0.00%) |     92       6    9581     13 |   10.30        0.00
POST     POST /remittances (declined)                                                     116     0(0.00%) |    104       7    9756     13 |    2.20        0.00
--------|----------------------------------------------------------------------------|-------|-------------|-------|-------|-------|-------|--------|-----------
         Aggregated                                                                      5459     0(0.00%) |    253       2    9756      9 |   82.30        0.00

Type     Name                                                                          # reqs      # fails |    Avg     Min     Max    Med |   req/s  failures/s
--------|----------------------------------------------------------------------------|-------|-------------|-------|-------|-------|-------|--------|-----------
GET      GET /admin/cashin                                                                171     0(0.00%) |    223       2    4411      7 |    2.40        0.00
GET      GET /admin/settlements                                                            33     0(0.00%) |    190       3    3342      5 |    0.50        0.00
GET      GET /admin/transactions                                                           22     0(0.00%) |    266      19    2678     38 |    0.20        0.00
GET      GET /cashout/history                                                             191     0(0.00%) |    258       3    6616      9 |    2.70        0.00
GET      GET /dashboard                                                                   397     0(0.00%) |    160       4    6039      9 |    6.30        0.00
GET      GET /quote (API)                                                                 541     0(0.00%) |    139       2    4056      6 |    7.50        0.00
GET      GET /send                                                                         60     0(0.00%) |   1952      95    4389   2300 |    0.00        0.00
GET      GET /send/pay                                                                    761     0(0.00%) |     62       2    3923      6 |   12.40        0.00
GET      GET /send/review                                                                 762     0(0.00%) |    102       2    6226      6 |   12.40        0.00
GET      GET /transactions                                                                284     0(0.00%) |     93       2    4581      7 |    4.10        0.00
GET      GET /wallet                                                                      494     0(0.00%) |    340       2    4870     10 |    6.50        0.00
POST     POST /admin/cashin/{id}/received                                                 748     0(0.00%) |     37       5    5082     13 |   10.20        0.00
POST     POST /cashout/preview                                                            290     0(0.00%) |    236       3    8164      9 |    5.00        0.00
POST     POST /login                                                                      100     0(0.00%) |   5459    1480    9394   5400 |    0.00        0.00
POST     POST /remittances                                                                643     0(0.00%) |     90       6    9581     13 |   10.00        0.00
POST     POST /remittances (declined)                                                     118     0(0.00%) |    103       7    9756     13 |    2.40        0.00
--------|----------------------------------------------------------------------------|-------|-------------|-------|-------|-------|-------|--------|-----------
         Aggregated                                                                      5615     0(0.00%) |    247       2    9756      9 |   82.60        0.00

Type     Name                                                                          # reqs      # fails |    Avg     Min     Max    Med |   req/s  failures/s
--------|----------------------------------------------------------------------------|-------|-------------|-------|-------|-------|-------|--------|-----------
GET      GET /admin/cashin                                                                174     0(0.00%) |    219       2    4411      7 |    2.50        0.00
GET      GET /admin/settlements                                                            34     0(0.00%) |    184       3    3342      5 |    0.50        0.00
GET      GET /admin/transactions                                                           25     0(0.00%) |    240      19    2678     42 |    0.20        0.00
GET      GET /cashout/history                                                             202     0(0.00%) |    245       3    6616      9 |    2.80        0.00
GET      GET /dashboard                                                                   406     0(0.00%) |    157       4    6039      9 |    5.90        0.00
GET      GET /quote (API)                                                                 562     0(0.00%) |    134       2    4056      6 |    7.60        0.00
GET      GET /send                                                                         60     0(0.00%) |   1952      95    4389   2300 |    0.00        0.00
GET      GET /send/pay                                                                    784     0(0.00%) |     60       2    3923      6 |   13.00        0.00
GET      GET /send/review                                                                 785     0(0.00%) |     99       2    6226      6 |   13.10        0.00
GET      GET /transactions                                                                293     0(0.00%) |     91       2    4581      7 |    4.30        0.00
GET      GET /wallet                                                                      507     0(0.00%) |    343       2    4870     10 |    6.40        0.00
POST     POST /admin/cashin/{id}/received                                                 753     0(0.00%) |     37       5    5082     13 |   10.00        0.00
POST     POST /cashout/preview                                                            293     0(0.00%) |    233       3    8164      9 |    4.80        0.00
POST     POST /login                                                                      100     0(0.00%) |   5459    1480    9394   5400 |    0.00        0.00
POST     POST /remittances                                                                661     0(0.00%) |     88       6    9581     13 |   10.70        0.00
POST     POST /remittances (declined)                                                     123     0(0.00%) |     99       7    9756     12 |    2.30        0.00
--------|----------------------------------------------------------------------------|-------|-------------|-------|-------|-------|-------|--------|-----------
         Aggregated                                                                      5762     0(0.00%) |    242       2    9756      9 |   84.10        0.00

Type     Name                                                                          # reqs      # fails |    Avg     Min     Max    Med |   req/s  failures/s
--------|----------------------------------------------------------------------------|-------|-------------|-------|-------|-------|-------|--------|-----------
GET      GET /admin/cashin                                                                178     0(0.00%) |    215       2    4411      7 |    2.40        0.00
GET      GET /admin/settlements                                                            34     0(0.00%) |    184       3    3342      5 |    0.40        0.00
GET      GET /admin/transactions                                                           28     0(0.00%) |    219      19    2678     42 |    0.40        0.00
GET      GET /cashout/history                                                             209     0(0.00%) |    237       3    6616      9 |    3.30        0.00
GET      GET /dashboard                                                                   414     0(0.00%) |    154       4    6039      9 |    5.90        0.00
GET      GET /quote (API)                                                                 585     0(0.00%) |    129       2    4056      6 |    7.80        0.00
GET      GET /send                                                                         60     0(0.00%) |   1952      95    4389   2300 |    0.00        0.00
GET      GET /send/pay                                                                    806     0(0.00%) |     59       2    3923      5 |   12.10        0.00
GET      GET /send/review                                                                 806     0(0.00%) |     97       2    6226      6 |   12.20        0.00
GET      GET /transactions                                                                301     0(0.00%) |     88       2    4581      7 |    4.60        0.00
GET      GET /wallet                                                                      518     0(0.00%) |    341       2    4870     10 |    6.60        0.00
POST     POST /admin/cashin/{id}/received                                                 793     0(0.00%) |     36       5    5082     13 |   10.50        0.00
POST     POST /cashout/preview                                                            300     0(0.00%) |    228       3    8164      9 |    4.20        0.00
POST     POST /login                                                                      100     0(0.00%) |   5459    1480    9394   5400 |    0.00        0.00
POST     POST /remittances                                                                679     0(0.00%) |     86       6    9581     13 |   10.20        0.00
POST     POST /remittances (declined)                                                     127     0(0.00%) |     96       7    9756     12 |    1.90        0.00
--------|----------------------------------------------------------------------------|-------|-------------|-------|-------|-------|-------|--------|-----------
         Aggregated                                                                      5938     0(0.00%) |    235       2    9756      9 |   82.50        0.00

Type     Name                                                                          # reqs      # fails |    Avg     Min     Max    Med |   req/s  failures/s
--------|----------------------------------------------------------------------------|-------|-------------|-------|-------|-------|-------|--------|-----------
GET      GET /admin/cashin                                                                181     0(0.00%) |    211       2    4411      7 |    2.20        0.00
GET      GET /admin/settlements                                                            35     0(0.00%) |    179       3    3342      5 |    0.30        0.00
GET      GET /admin/transactions                                                           29     0(0.00%) |    212      19    2678     42 |    0.70        0.00
GET      GET /cashout/history                                                             213     0(0.00%) |    233       3    6616      9 |    3.50        0.00
GET      GET /dashboard                                                                   425     0(0.00%) |    151       4    6039      9 |    5.80        0.00
GET      GET /quote (API)                                                                 597     0(0.00%) |    127       2    4056      6 |    8.10        0.00
GET      GET /send                                                                         60     0(0.00%) |   1952      95    4389   2300 |    0.00        0.00
GET      GET /send/pay                                                                    835     0(0.00%) |     57       2    3923      5 |   11.80        0.00
GET      GET /send/review                                                                 835     0(0.00%) |     93       2    6226      6 |   11.80        0.00
GET      GET /transactions                                                                306     0(0.00%) |     87       2    4581      7 |    4.60        0.00
GET      GET /wallet                                                                      534     0(0.00%) |    340       2    4870     10 |    6.70        0.00
POST     POST /admin/cashin/{id}/received                                                 819     0(0.00%) |     35       5    5082     13 |    9.10        0.00
POST     POST /cashout/preview                                                            307     0(0.00%) |    224       3    8164      9 |    4.10        0.00
POST     POST /login                                                                      100     0(0.00%) |   5459    1480    9394   5400 |    0.00        0.00
POST     POST /remittances                                                                700     0(0.00%) |     83       6    9581     13 |    9.70        0.00
POST     POST /remittances (declined)                                                     135     0(0.00%) |     91       7    9756     12 |    2.10        0.00
--------|----------------------------------------------------------------------------|-------|-------------|-------|-------|-------|-------|--------|-----------
         Aggregated                                                                      6111     0(0.00%) |    230       2    9756      9 |   80.50        0.00

Type     Name                                                                          # reqs      # fails |    Avg     Min     Max    Med |   req/s  failures/s
--------|----------------------------------------------------------------------------|-------|-------------|-------|-------|-------|-------|--------|-----------
GET      GET /admin/cashin                                                                185     0(0.00%) |    207       2    4411      7 |    2.00        0.00
GET      GET /admin/settlements                                                            35     0(0.00%) |    179       3    3342      5 |    0.20        0.00
GET      GET /admin/transactions                                                           32     0(0.00%) |    197      19    2678     42 |    0.90        0.00
GET      GET /cashout/history                                                             216     0(0.00%) |    230       3    6616      9 |    3.60        0.00
GET      GET /dashboard                                                                   435     0(0.00%) |    148       4    6039      9 |    5.60        0.00
GET      GET /quote (API)                                                                 611     0(0.00%) |    124       2    4056      6 |    9.00        0.00
GET      GET /send                                                                         60     0(0.00%) |   1952      95    4389   2300 |    0.00        0.00
GET      GET /send/pay                                                                    865     0(0.00%) |     55       2    3923      5 |   11.50        0.00
GET      GET /send/review                                                                 865     0(0.00%) |     90       2    6226      6 |   11.50        0.00
GET      GET /transactions                                                                315     0(0.00%) |     85       2    4581      7 |    4.00        0.00
GET      GET /wallet                                                                      553     0(0.00%) |    340       2    4870     10 |    6.20        0.00
POST     POST /admin/cashin/{id}/received                                                 846     0(0.00%) |     35       5    5082     13 |   12.00        0.00
POST     POST /cashout/preview                                                            311     0(0.00%) |    221       3    8164      9 |    4.20        0.00
POST     POST /login                                                                      100     0(0.00%) |   5459    1480    9394   5400 |    0.00        0.00
POST     POST /remittances                                                                723     0(0.00%) |     81       6    9581     13 |    9.10        0.00
POST     POST /remittances (declined)                                                     142     0(0.00%) |     87       7    9756     12 |    2.40        0.00
--------|----------------------------------------------------------------------------|-------|-------------|-------|-------|-------|-------|--------|-----------
         Aggregated                                                                      6294     0(0.00%) |    224       2    9756      9 |   82.20        0.00

Type     Name                                                                          # reqs      # fails |    Avg     Min     Max    Med |   req/s  failures/s
--------|----------------------------------------------------------------------------|-------|-------------|-------|-------|-------|-------|--------|-----------
GET      GET /admin/cashin                                                                190     0(0.00%) |    202       2    4411      7 |    2.00        0.00
GET      GET /admin/settlements                                                            35     0(0.00%) |    179       3    3342      5 |    0.30        0.00
GET      GET /admin/transactions                                                           33     0(0.00%) |    193      19    2678     42 |    1.00        0.00
GET      GET /cashout/history                                                             220     0(0.00%) |    226       3    6616      9 |    3.40        0.00
GET      GET /dashboard                                                                   444     0(0.00%) |    145       4    6039      9 |    5.30        0.00
GET      GET /quote (API)                                                                 630     0(0.00%) |    120       2    4056      6 |    8.40        0.00
GET      GET /send                                                                         60     0(0.00%) |   1952      95    4389   2300 |    0.00        0.00
GET      GET /send/pay                                                                    886     0(0.00%) |     54       2    3923      5 |   12.20        0.00
GET      GET /send/review                                                                 886     0(0.00%) |     88       2    6226      6 |   12.20        0.00
GET      GET /transactions                                                                319     0(0.00%) |     84       2    4581      7 |    3.90        0.00
GET      GET /wallet                                                                      566     0(0.00%) |    343       2    4870     10 |    6.60        0.00
POST     POST /admin/cashin/{id}/received                                                 869     0(0.00%) |     34       5    5082     13 |   12.60        0.00
POST     POST /cashout/preview                                                            317     0(0.00%) |    217       3    8164      9 |    3.40        0.00
POST     POST /login                                                                      100     0(0.00%) |   5459    1480    9394   5400 |    0.00        0.00
POST     POST /remittances                                                                734     0(0.00%) |     80       6    9581     13 |    9.80        0.00
POST     POST /remittances (declined)                                                     152     0(0.00%) |     82       7    9756     12 |    2.30        0.00
--------|----------------------------------------------------------------------------|-------|-------------|-------|-------|-------|-------|--------|-----------
         Aggregated                                                                      6441     0(0.00%) |    221       2    9756      9 |   83.40        0.00

Type     Name                                                                          # reqs      # fails |    Avg     Min     Max    Med |   req/s  failures/s
--------|----------------------------------------------------------------------------|-------|-------------|-------|-------|-------|-------|--------|-----------
GET      GET /admin/cashin                                                                195     0(0.00%) |    197       2    4411      7 |    2.00        0.00
GET      GET /admin/settlements                                                            35     0(0.00%) |    179       3    3342      5 |    0.20        0.00
GET      GET /admin/transactions                                                           33     0(0.00%) |    193      19    2678     42 |    1.20        0.00
GET      GET /cashout/history                                                             227     0(0.00%) |    219       3    6616      9 |    3.10        0.00
GET      GET /dashboard                                                                   458     0(0.00%) |    141       4    6039      9 |    4.50        0.00
GET      GET /quote (API)                                                                 648     0(0.00%) |    117       2    4056      6 |    8.40        0.00
GET      GET /send                                                                         60     0(0.00%) |   1952      95    4389   2300 |    0.00        0.00
GET      GET /send/pay                                                                    909     0(0.00%) |     53       2    3923      5 |   12.40        0.00
GET      GET /send/review                                                                 909     0(0.00%) |     86       2    6226      6 |   12.30        0.00
GET      GET /transactions                                                                329     0(0.00%) |     82       2    4581      7 |    3.90        0.00
GET      GET /wallet                                                                      582     0(0.00%) |    347       2    4870     10 |    7.30        0.00
POST     POST /admin/cashin/{id}/received                                                 887     0(0.00%) |     34       5    5082     13 |   13.60        0.00
POST     POST /cashout/preview                                                            321     0(0.00%) |    214       3    8164      9 |    2.90        0.00
POST     POST /login                                                                      100     0(0.00%) |   5459    1480    9394   5400 |    0.00        0.00
POST     POST /remittances                                                                750     0(0.00%) |     79       6    9581     13 |    9.40        0.00
POST     POST /remittances (declined)                                                     157     0(0.00%) |     80       7    9756     12 |    3.00        0.00
--------|----------------------------------------------------------------------------|-------|-------------|-------|-------|-------|-------|--------|-----------
         Aggregated                                                                      6600     0(0.00%) |    217       2    9756      9 |   84.20        0.00

Type     Name                                                                          # reqs      # fails |    Avg     Min     Max    Med |   req/s  failures/s
--------|----------------------------------------------------------------------------|-------|-------------|-------|-------|-------|-------|--------|-----------
GET      GET /admin/cashin                                                                202     0(0.00%) |    190       2    4411      7 |    2.00        0.00
GET      GET /admin/settlements                                                            35     0(0.00%) |    179       3    3342      5 |    0.10        0.00
GET      GET /admin/transactions                                                           35     0(0.00%) |    184      19    2678     42 |    1.00        0.00
GET      GET /cashout/history                                                             233     0(0.00%) |    214       3    6616      9 |    2.60        0.00
GET      GET /dashboard                                                                   470     0(0.00%) |    138       4    6039      9 |    4.80        0.00
GET      GET /quote (API)                                                                 668     0(0.00%) |    114       2    4056      6 |    8.70        0.00
GET      GET /send                                                                         60     0(0.00%) |   1952      95    4389   2300 |    0.00        0.00
GET      GET /send/pay                                                                    931     0(0.00%) |     51       2    3923      5 |   13.00        0.00
GET      GET /send/review                                                                 931     0(0.00%) |     84       2    6226      6 |   12.90        0.00
GET      GET /transactions                                                                337     0(0.00%) |     80       2    4581      7 |    3.60        0.00
GET      GET /wallet                                                                      594     0(0.00%) |    346       2    4870     10 |    7.40        0.00
POST     POST /admin/cashin/{id}/received                                                 904     0(0.00%) |     33       5    5082     13 |   12.60        0.00
POST     POST /cashout/preview                                                            329     0(0.00%) |    209       3    8164      9 |    3.00        0.00
POST     POST /login                                                                      100     0(0.00%) |   5459    1480    9394   5400 |    0.00        0.00
POST     POST /remittances                                                                770     0(0.00%) |     77       6    9581     13 |    9.60        0.00
POST     POST /remittances (declined)                                                     160     0(0.00%) |     79       7    9756     12 |    3.30        0.00
--------|----------------------------------------------------------------------------|-------|-------------|-------|-------|-------|-------|--------|-----------
         Aggregated                                                                      6759     0(0.00%) |    212       2    9756      9 |   84.60        0.00

Type     Name                                                                          # reqs      # fails |    Avg     Min     Max    Med |   req/s  failures/s
--------|----------------------------------------------------------------------------|-------|-------------|-------|-------|-------|-------|--------|-----------
GET      GET /admin/cashin                                                                207     0(0.00%) |    186       2    4411      7 |    2.60        0.00
GET      GET /admin/settlements                                                            35     0(0.00%) |    179       3    3342      5 |    0.10        0.00
GET      GET /admin/transactions                                                           37     0(0.00%) |    176      19    2678     42 |    0.90        0.00
GET      GET /cashout/history                                                             237     0(0.00%) |    210       3    6616      9 |    2.40        0.00
GET      GET /dashboard                                                                   478     0(0.00%) |    136       4    6039      9 |    5.50        0.00
GET      GET /quote (API)                                                                 682     0(0.00%) |    112       2    4056      6 |    8.30        0.00
GET      GET /send                                                                         60     0(0.00%) |   1952      95    4389   2300 |    0.00        0.00
GET      GET /send/pay                                                                    956     0(0.00%) |     50       2    3923      5 |   12.20        0.00
GET      GET /send/review                                                                 956     0(0.00%) |     82       2    6226      6 |   12.20        0.00
GET      GET /transactions                                                                345     0(0.00%) |     78       2    4581      7 |    3.30        0.00
GET      GET /wallet                                                                      607     0(0.00%) |    347       2    4870     10 |    7.80        0.00
POST     POST /admin/cashin/{id}/received                                                 930     0(0.00%) |     33       5    5082     13 |   13.70        0.00
POST     POST /cashout/preview                                                            336     0(0.00%) |    205       3    8164      9 |    2.90        0.00
POST     POST /login                                                                      100     0(0.00%) |   5459    1480    9394   5400 |    0.00        0.00
POST     POST /remittances                                                                795     0(0.00%) |     75       6    9581     13 |    9.10        0.00
POST     POST /remittances (declined)                                                     161     0(0.00%) |     79       7    9756     12 |    3.20        0.00
--------|----------------------------------------------------------------------------|-------|-------------|-------|-------|-------|-------|--------|-----------
         Aggregated                                                                      6922     0(0.00%) |    208       2    9756      9 |   84.20        0.00

Type     Name                                                                          # reqs      # fails |    Avg     Min     Max    Med |   req/s  failures/s
--------|----------------------------------------------------------------------------|-------|-------------|-------|-------|-------|-------|--------|-----------
GET      GET /admin/cashin                                                                210     0(0.00%) |    184       2    4411      7 |    2.60        0.00
GET      GET /admin/settlements                                                            36     0(0.00%) |    175       3    3342      5 |    0.10        0.00
GET      GET /admin/transactions                                                           39     0(0.00%) |    170      19    2678     42 |    0.80        0.00
GET      GET /cashout/history                                                             245     0(0.00%) |    204       3    6616      9 |    2.40        0.00
GET      GET /dashboard                                                                   487     0(0.00%) |    133       4    6039     10 |    5.40        0.00
GET      GET /quote (API)                                                                 696     0(0.00%) |    110       2    4056      6 |    8.00        0.00
GET      GET /send                                                                         60     0(0.00%) |   1952      95    4389   2300 |    0.00        0.00
GET      GET /send/pay                                                                    976     0(0.00%) |     49       2    3923      5 |   12.40        0.00
GET      GET /send/review                                                                 976     0(0.00%) |     81       2    6226      6 |   12.40        0.00
GET      GET /transactions                                                                358     0(0.00%) |     76       2    4581      7 |    4.00        0.00
GET      GET /wallet                                                                      624     0(0.00%) |    354       2    4870     10 |    7.80        0.00
POST     POST /admin/cashin/{id}/received                                                 940     0(0.00%) |     32       5    5082     13 |   11.00        0.00
POST     POST /cashout/preview                                                            344     0(0.00%) |    201       3    8164      9 |    3.00        0.00
POST     POST /login                                                                      100     0(0.00%) |   5459    1480    9394   5400 |    0.00        0.00
POST     POST /remittances                                                                812     0(0.00%) |     74       6    9581     13 |    9.60        0.00
POST     POST /remittances (declined)                                                     164     0(0.00%) |     78       7    9756     12 |    2.80        0.00
--------|----------------------------------------------------------------------------|-------|-------------|-------|-------|-------|-------|--------|-----------
         Aggregated                                                                      7067     0(0.00%) |    206       2    9756      9 |   82.30        0.00

Type     Name                                                                          # reqs      # fails |    Avg     Min     Max    Med |   req/s  failures/s
--------|----------------------------------------------------------------------------|-------|-------------|-------|-------|-------|-------|--------|-----------
GET      GET /admin/cashin                                                                216     0(0.00%) |    179       2    4411      7 |    2.50        0.00
GET      GET /admin/settlements                                                            37     0(0.00%) |    170       3    3342      5 |    0.00        0.00
GET      GET /admin/transactions                                                           40     0(0.00%) |    168      19    2678     42 |    0.60        0.00
GET      GET /cashout/history                                                             249     0(0.00%) |    201       3    6616      9 |    2.60        0.00
GET      GET /dashboard                                                                   504     0(0.00%) |    129       4    6039     10 |    5.10        0.00
GET      GET /quote (API)                                                                 709     0(0.00%) |    108       2    4056      6 |    8.50        0.00
GET      GET /send                                                                         60     0(0.00%) |   1952      95    4389   2300 |    0.00        0.00
GET      GET /send/pay                                                                    998     0(0.00%) |     48       2    3923      5 |   11.70        0.00
GET      GET /send/review                                                                 998     0(0.00%) |     79       2    6226      6 |   11.70        0.00
GET      GET /transactions                                                                367     0(0.00%) |     74       2    4581      7 |    4.20        0.00
GET      GET /wallet                                                                      638     0(0.00%) |    352       2    4870     10 |    7.30        0.00
POST     POST /admin/cashin/{id}/received                                                 978     0(0.00%) |     32       5    5082     13 |    9.40        0.00
POST     POST /cashout/preview                                                            352     0(0.00%) |    196       3    8164      9 |    3.10        0.00
POST     POST /login                                                                      100     0(0.00%) |   5459    1480    9394   5400 |    0.00        0.00
POST     POST /remittances                                                                831     0(0.00%) |     73       6    9581     13 |    9.20        0.00
POST     POST /remittances (declined)                                                     167     0(0.00%) |     76       7    9756     12 |    2.60        0.00
--------|----------------------------------------------------------------------------|-------|-------------|-------|-------|-------|-------|--------|-----------
         Aggregated                                                                      7244     0(0.00%) |    201       2    9756      9 |   78.50        0.00

Type     Name                                                                          # reqs      # fails |    Avg     Min     Max    Med |   req/s  failures/s
--------|----------------------------------------------------------------------------|-------|-------------|-------|-------|-------|-------|--------|-----------
GET      GET /admin/cashin                                                                223     0(0.00%) |    173       2    4411      7 |    2.40        0.00
GET      GET /admin/settlements                                                            37     0(0.00%) |    170       3    3342      5 |    0.20        0.00
GET      GET /admin/transactions                                                           41     0(0.00%) |    165      19    2678     43 |    0.60        0.00
GET      GET /cashout/history                                                             252     0(0.00%) |    198       3    6616      9 |    2.70        0.00
GET      GET /dashboard                                                                   513     0(0.00%) |    127       4    6039     10 |    5.90        0.00
GET      GET /quote (API)                                                                 724     0(0.00%) |    106       2    4056      6 |    8.20        0.00
GET      GET /send                                                                         60     0(0.00%) |   1952      95    4389   2300 |    0.00        0.00
GET      GET /send/pay                                                                   1025     0(0.00%) |     47       2    3923      5 |   10.80        0.00
GET      GET /send/review                                                                1025     0(0.00%) |     78       2    6226      6 |   10.80        0.00
GET      GET /transactions                                                                377     0(0.00%) |     72       2    4581      7 |    4.70        0.00
GET      GET /wallet                                                                      653     0(0.00%) |    357       2    4870     10 |    7.10        0.00
POST     POST /admin/cashin/{id}/received                                                1001     0(0.00%) |     31       5    5082     13 |    9.70        0.00
POST     POST /cashout/preview                                                            362     0(0.00%) |    191       3    8164      9 |    3.50        0.00
POST     POST /login                                                                      100     0(0.00%) |   5459    1480    9394   5400 |    0.00        0.00
POST     POST /remittances                                                                855     0(0.00%) |     71       6    9581     13 |    9.10        0.00
POST     POST /remittances (declined)                                                     170     0(0.00%) |     75       7    9756     12 |    1.70        0.00
--------|----------------------------------------------------------------------------|-------|-------------|-------|-------|-------|-------|--------|-----------
         Aggregated                                                                      7418     0(0.00%) |    198       2    9756      9 |   77.40        0.00

Type     Name                                                                          # reqs      # fails |    Avg     Min     Max    Med |   req/s  failures/s
--------|----------------------------------------------------------------------------|-------|-------------|-------|-------|-------|-------|--------|-----------
GET      GET /admin/cashin                                                                226     0(0.00%) |    171       2    4411      7 |    2.60        0.00
GET      GET /admin/settlements                                                            37     0(0.00%) |    170       3    3342      5 |    0.20        0.00
GET      GET /admin/transactions                                                           42     0(0.00%) |    162      19    2678     43 |    0.80        0.00
GET      GET /cashout/history                                                             253     0(0.00%) |    198       3    6616      9 |    2.80        0.00
GET      GET /dashboard                                                                   529     0(0.00%) |    124       4    6039     10 |    5.90        0.00
GET      GET /quote (API)                                                                 737     0(0.00%) |    104       2    4056      6 |    7.70        0.00
GET      GET /send                                                                         60     0(0.00%) |   1952      95    4389   2300 |    0.00        0.00
GET      GET /send/pay                                                                   1049     0(0.00%) |     46       2    3923      5 |   10.70        0.00
GET      GET /send/review                                                                1049     0(0.00%) |     76       2    6226      6 |   10.80        0.00
GET      GET /transactions                                                                388     0(0.00%) |     71       2    4581      7 |    4.40        0.00
GET      GET /wallet                                                                      668     0(0.00%) |    357       2    4870     10 |    7.10        0.00
POST     POST /admin/cashin/{id}/received                                                1017     0(0.00%) |     31       5    5082     13 |   11.10        0.00
POST     POST /cashout/preview                                                            373     0(0.00%) |    186       3    8164      9 |    3.60        0.00
POST     POST /login                                                                      100     0(0.00%) |   5459    1480    9394   5400 |    0.00        0.00
POST     POST /remittances                                                                875     0(0.00%) |     70       6    9581     13 |    9.40        0.00
POST     POST /remittances (declined)                                                     174     0(0.00%) |     74       7    9756     12 |    1.40        0.00
--------|----------------------------------------------------------------------------|-------|-------------|-------|-------|-------|-------|--------|-----------
         Aggregated                                                                      7577     0(0.00%) |    195       2    9756      9 |   78.50        0.00

Type     Name                                                                          # reqs      # fails |    Avg     Min     Max    Med |   req/s  failures/s
--------|----------------------------------------------------------------------------|-------|-------------|-------|-------|-------|-------|--------|-----------
GET      GET /admin/cashin                                                                234     0(0.00%) |    165       2    4411      7 |    2.40        0.00
GET      GET /admin/settlements                                                            37     0(0.00%) |    170       3    3342      5 |    0.20        0.00
GET      GET /admin/transactions                                                           42     0(0.00%) |    162      19    2678     43 |    0.70        0.00
GET      GET /cashout/history                                                             257     0(0.00%) |    195       3    6616      9 |    2.20        0.00
GET      GET /dashboard                                                                   540     0(0.00%) |    122       4    6039     10 |    5.70        0.00
GET      GET /quote (API)                                                                 756     0(0.00%) |    101       2    4056      6 |    7.50        0.00
GET      GET /send                                                                         60     0(0.00%) |   1952      95    4389   2300 |    0.00        0.00
GET      GET /send/pay                                                                   1070     0(0.00%) |     45       2    3923      5 |   11.70        0.00
GET      GET /send/review                                                                1070     0(0.00%) |     75       2    6226      6 |   11.70        0.00
GET      GET /transactions                                                                393     0(0.00%) |     70       2    4581      7 |    4.90        0.00
GET      GET /wallet                                                                      680     0(0.00%) |    359       2    4870     10 |    6.80        0.00
POST     POST /admin/cashin/{id}/received                                                1035     0(0.00%) |     31       5    5082     13 |   10.90        0.00
POST     POST /cashout/preview                                                            381     0(0.00%) |    182       3    8164      8 |    4.20        0.00
POST     POST /login                                                                      100     0(0.00%) |   5459    1480    9394   5400 |    0.00        0.00
POST     POST /remittances                                                                890     0(0.00%) |     69       6    9581     13 |   10.10        0.00
POST     POST /remittances (declined)                                                     179     0(0.00%) |     72       7    9756     12 |    1.60        0.00
--------|----------------------------------------------------------------------------|-------|-------------|-------|-------|-------|-------|--------|-----------
         Aggregated                                                                      7724     0(0.00%) |    192       2    9756      9 |   80.60        0.00

Type     Name                                                                          # reqs      # fails |    Avg     Min     Max    Med |   req/s  failures/s
--------|----------------------------------------------------------------------------|-------|-------------|-------|-------|-------|-------|--------|-----------
GET      GET /admin/cashin                                                                241     0(0.00%) |    161       2    4411      8 |    2.50        0.00
GET      GET /admin/settlements                                                            39     0(0.00%) |    162       3    3342      5 |    0.20        0.00
GET      GET /admin/transactions                                                           42     0(0.00%) |    162      19    2678     43 |    0.60        0.00
GET      GET /cashout/history                                                             262     0(0.00%) |    191       3    6616      9 |    2.00        0.00
GET      GET /dashboard                                                                   550     0(0.00%) |    120       4    6039     10 |    6.10        0.00
GET      GET /quote (API)                                                                 775     0(0.00%) |     99       2    4056      6 |    7.00        0.00
GET      GET /send                                                                         60     0(0.00%) |   1952      95    4389   2300 |    0.00        0.00
GET      GET /send/pay                                                                   1092     0(0.00%) |     45       2    3923      5 |   11.40        0.00
GET      GET /send/review                                                                1092     0(0.00%) |     73       2    6226      6 |   11.40        0.00
GET      GET /transactions                                                                401     0(0.00%) |     69       2    4581      7 |    4.70        0.00
GET      GET /wallet                                                                      693     0(0.00%) |    363       2    4870     10 |    7.10        0.00
POST     POST /admin/cashin/{id}/received                                                1065     0(0.00%) |     30       5    5082     13 |   10.40        0.00
POST     POST /cashout/preview                                                            390     0(0.00%) |    178       3    8164      8 |    4.10        0.00
POST     POST /login                                                                      100     0(0.00%) |   5459    1480    9394   5400 |    0.00        0.00
POST     POST /remittances                                                                908     0(0.00%) |     68       6    9581     13 |    9.90        0.00
POST     POST /remittances (declined)                                                     184     0(0.00%) |     71       7    9756     12 |    1.50        0.00
--------|----------------------------------------------------------------------------|-------|-------------|-------|-------|-------|-------|--------|-----------
         Aggregated                                                                      7894     0(0.00%) |    189       2    9756      9 |   78.90        0.00

Type     Name                                                                          # reqs      # fails |    Avg     Min     Max    Med |   req/s  failures/s
--------|----------------------------------------------------------------------------|-------|-------------|-------|-------|-------|-------|--------|-----------
GET      GET /admin/cashin                                                                248     0(0.00%) |    157       2    4411      8 |    2.90        0.00
GET      GET /admin/settlements                                                            39     0(0.00%) |    162       3    3342      5 |    0.40        0.00
GET      GET /admin/transactions                                                           42     0(0.00%) |    162      19    2678     43 |    0.50        0.00
GET      GET /cashout/history                                                             270     0(0.00%) |    186       3    6616      9 |    1.80        0.00
GET      GET /dashboard                                                                   560     0(0.00%) |    118       4    6039     10 |    5.90        0.00
GET      GET /quote (API)                                                                 793     0(0.00%) |     97       2    4056      6 |    7.70        0.00
GET      GET /send                                                                         60     0(0.00%) |   1952      95    4389   2300 |    0.00        0.00
GET      GET /send/pay                                                                   1113     0(0.00%) |     44       2    3923      5 |   11.40        0.00
GET      GET /send/review                                                                1113     0(0.00%) |     72       2    6226      6 |   11.40        0.00
GET      GET /transactions                                                                410     0(0.00%) |     68       2    4581      7 |    4.40        0.00
GET      GET /wallet                                                                      707     0(0.00%) |    367       2    4870     10 |    7.30        0.00
POST     POST /admin/cashin/{id}/received                                                1089     0(0.00%) |     30       5    5082     13 |   11.80        0.00
POST     POST /cashout/preview                                                            396     0(0.00%) |    176       3    8164      8 |    4.40        0.00
POST     POST /login                                                                      100     0(0.00%) |   5459    1480    9394   5400 |    0.00        0.00
POST     POST /remittances                                                                924     0(0.00%) |     67       6    9581     13 |    9.40        0.00
POST     POST /remittances (declined)                                                     189     0(0.00%) |     69       7    9756     12 |    2.00        0.00
--------|----------------------------------------------------------------------------|-------|-------------|-------|-------|-------|-------|--------|-----------
         Aggregated                                                                      8053     0(0.00%) |    186       2    9756      9 |   81.30        0.00

[2026-09-28 14:06:29,445] Mac/INFO/locust.main: --run-time limit reached, shutting down

Requests: 8186  failures: 0  median: 9 ms  p95: 1200.0 ms  rps: 68.3
[2026-09-28 14:06:29,472] Mac/INFO/locust.main: Shutting down (exit code 0)
Type     Name                                                                          # reqs      # fails |    Avg     Min     Max    Med |   req/s  failures/s
--------|----------------------------------------------------------------------------|-------|-------------|-------|-------|-------|-------|--------|-----------
GET      GET /admin/cashin                                                                252     0(0.00%) |    154       2    4411      8 |    2.10        0.00
GET      GET /admin/settlements                                                            39     0(0.00%) |    162       3    3342      5 |    0.33        0.00
GET      GET /admin/transactions                                                           42     0(0.00%) |    162      19    2678     43 |    0.35        0.00
GET      GET /cashout/history                                                             276     0(0.00%) |    182       3    6616      9 |    2.30        0.00
GET      GET /dashboard                                                                   571     0(0.00%) |    116       4    6039     10 |    4.77        0.00
GET      GET /quote (API)                                                                 802     0(0.00%) |     96       2    4056      6 |    6.69        0.00
GET      GET /send                                                                         60     0(0.00%) |   1952      95    4389   2300 |    0.50        0.00
GET      GET /send/pay                                                                   1135     0(0.00%) |     43       2    3923      5 |    9.47        0.00
GET      GET /send/review                                                                1135     0(0.00%) |     71       2    6226      6 |    9.47        0.00
GET      GET /transactions                                                                416     0(0.00%) |     67       2    4581      7 |    3.47        0.00
GET      GET /wallet                                                                      720     0(0.00%) |    367       2    4870     10 |    6.01        0.00
POST     POST /admin/cashin/{id}/received                                                1101     0(0.00%) |     30       5    5082     13 |    9.19        0.00
POST     POST /cashout/preview                                                            402     0(0.00%) |    173       3    8164      9 |    3.35        0.00
POST     POST /login                                                                      100     0(0.00%) |   5459    1480    9394   5400 |    0.83        0.00
POST     POST /remittances                                                                943     0(0.00%) |     66       6    9581     13 |    7.87        0.00
POST     POST /remittances (declined)                                                     192     0(0.00%) |     68       7    9756     12 |    1.60        0.00
--------|----------------------------------------------------------------------------|-------|-------------|-------|-------|-------|-------|--------|-----------
         Aggregated                                                                      8186     0(0.00%) |    184       2    9756      9 |   68.31        0.00

Response time percentiles (approximated)
Type     Name                                                                                  50%    66%    75%    80%    90%    95%    98%    99%  99.9% 99.99%   100% # reqs
--------|--------------------------------------------------------------------------------|--------|------|------|------|------|------|------|------|------|------|------|------
GET      GET /admin/cashin                                                                       8      9     10     11     25    210   3500   3800   4400   4400   4400    252
GET      GET /admin/settlements                                                                  5      6      6      7     33   2400   3300   3300   3300   3300   3300     39
GET      GET /admin/transactions                                                                44     49     61     65     70    120   2700   2700   2700   2700   2700     42
GET      GET /cashout/history                                                                    9     11     13     15     25    110   4700   5300   6600   6600   6600    276
GET      GET /dashboard                                                                         10     12     14     16     24     61   3500   3700   6000   6000   6000    571
GET      GET /quote (API)                                                                        6      7      8      9     14     54   2800   3200   4100   4100   4100    802
GET      GET /send                                                                            2300   2500   2800   3200   3500   3800   4200   4400   4400   4400   4400     60
GET      GET /send/pay                                                                           5      6      7      8     10     14     78   2400   3800   3900   3900   1135
GET      GET /send/review                                                                        6      7      8     10     15     46    280   3300   5800   6200   6200   1135
GET      GET /transactions                                                                       7      8     10     11     17     47    270   2600   4600   4600   4600    416
GET      GET /wallet                                                                            10     18     87   1200   1200   1400   3300   3700   4900   4900   4900    720
POST     POST /admin/cashin/{id}/received                                                       13     15     16     17     21     28     53    110   4100   5100   5100   1101
POST     POST /cashout/preview                                                                   9     11     13     15     24     53   4700   5600   8200   8200   8200    402
POST     POST /login                                                                          5400   6100   6900   7000   7400   7500   9000   9400   9400   9400   9400    100
POST     POST /remittances                                                                      13     15     16     17     21     31     93    250   9600   9600   9600    943
POST     POST /remittances (declined)                                                           12     14     15     16     22     42    170    240   9800   9800   9800    192
--------|--------------------------------------------------------------------------------|--------|------|------|------|------|------|------|------|------|------|------|------
         Aggregated                                                                              9     12     14     16     32   1200   3500   5100   7500   9800   9800   8186

