[2026-09-28 13:58:04,446] Mac/INFO/locust.main: Starting Locust 2.32.4
[2026-09-28 13:58:04,449] Mac/INFO/locust.main: Run time limit set to 120 seconds
Type     Name                                                                          # reqs      # fails |    Avg     Min     Max    Med |   req/s  failures/s
--------|----------------------------------------------------------------------------|-------|-------------|-------|-------|-------|-------|--------|-----------
--------|----------------------------------------------------------------------------|-------|-------------|-------|-------|-------|-------|--------|-----------
         Aggregated                                                                         0     0(0.00%) |      0       0       0      0 |    0.00        0.00

[2026-09-28 13:58:04,449] Mac/INFO/locust.runners: Ramping to 10 users at a rate of 5.00 per second
[2026-09-28 13:58:05,451] Mac/INFO/locust.runners: All users spawned: {"AdminUser": 1, "RecipientUser": 3, "SenderUser": 6} (10 total users)
Type     Name                                                                          # reqs      # fails |    Avg     Min     Max    Med |   req/s  failures/s
--------|----------------------------------------------------------------------------|-------|-------------|-------|-------|-------|-------|--------|-----------
GET      GET /admin/cashin                                                                  1     0(0.00%) |     12      12      12     12 |    0.00        0.00
POST     POST /login                                                                        1     0(0.00%) |   1712    1712    1712   1712 |    0.00        0.00
--------|----------------------------------------------------------------------------|-------|-------------|-------|-------|-------|-------|--------|-----------
         Aggregated                                                                         2     0(0.00%) |    862      12    1712     12 |    0.00        0.00

Type     Name                                                                          # reqs      # fails |    Avg     Min     Max    Med |   req/s  failures/s
--------|----------------------------------------------------------------------------|-------|-------------|-------|-------|-------|-------|--------|-----------
GET      GET /admin/cashin                                                                  1     0(0.00%) |     12      12      12     12 |    0.00        0.00
GET      GET /dashboard                                                                     1     0(0.00%) |      9       9       9      9 |    0.00        0.00
GET      GET /quote (API)                                                                   1     0(0.00%) |     13      13      13     13 |    0.00        0.00
GET      GET /send                                                                          6     0(0.00%) |     15       8      43     10 |    0.00        0.00
GET      GET /send/pay                                                                      4     0(0.00%) |     15      12      19     14 |    0.00        0.00
GET      GET /send/review                                                                   5     0(0.00%) |     47       9      77     69 |    0.00        0.00
GET      GET /wallet                                                                        3     0(0.00%) |     82      30     122     95 |    0.00        0.00
POST     POST /cashout/preview                                                              1     0(0.00%) |     72      72      72     72 |    0.00        0.00
POST     POST /login                                                                       10     0(0.00%) |   1943    1500    2594   1600 |    0.00        0.00
POST     POST /remittances                                                                  2     0(0.00%) |     27      15      39     16 |    0.00        0.00
POST     POST /remittances (declined)                                                       2     0(0.00%) |     38      37      40     38 |    0.00        0.00
--------|----------------------------------------------------------------------------|-------|-------------|-------|-------|-------|-------|--------|-----------
         Aggregated                                                                        36     0(0.00%) |    564       8    2594     40 |    0.00        0.00

Type     Name                                                                          # reqs      # fails |    Avg     Min     Max    Med |   req/s  failures/s
--------|----------------------------------------------------------------------------|-------|-------------|-------|-------|-------|-------|--------|-----------
GET      GET /admin/cashin                                                                  2     0(0.00%) |     15      12      18     12 |    0.25        0.00
GET      GET /dashboard                                                                     1     0(0.00%) |      9       9       9      9 |    0.25        0.00
GET      GET /quote (API)                                                                   4     0(0.00%) |      7       4      13      6 |    0.25        0.00
GET      GET /send                                                                          6     0(0.00%) |     15       8      43     10 |    1.50        0.00
GET      GET /send/pay                                                                      7     0(0.00%) |     12       8      19     13 |    1.00        0.00
GET      GET /send/review                                                                   7     0(0.00%) |     37       9      77     14 |    1.00        0.00
GET      GET /transactions                                                                  2     0(0.00%) |     14       5      23      5 |    0.00        0.00
GET      GET /wallet                                                                        5     0(0.00%) |     55      11     122     31 |    0.50        0.00
POST     POST /admin/cashin/{id}/received                                                   3     0(0.00%) |     22      13      36     19 |    0.00        0.00
POST     POST /cashout/preview                                                              2     0(0.00%) |     50      28      72     28 |    0.25        0.00
POST     POST /login                                                                       10     0(0.00%) |   1943    1500    2594   1600 |    2.50        0.00
POST     POST /remittances                                                                  5     0(0.00%) |     23      15      39     21 |    0.50        0.00
POST     POST /remittances (declined)                                                       2     0(0.00%) |     38      37      40     38 |    0.50        0.00
--------|----------------------------------------------------------------------------|-------|-------------|-------|-------|-------|-------|--------|-----------
         Aggregated                                                                        56     0(0.00%) |    368       4    2594     19 |    8.50        0.00

Type     Name                                                                          # reqs      # fails |    Avg     Min     Max    Med |   req/s  failures/s
--------|----------------------------------------------------------------------------|-------|-------------|-------|-------|-------|-------|--------|-----------
GET      GET /admin/cashin                                                                  3     0(0.00%) |     14      12      18     14 |    0.33        0.00
GET      GET /dashboard                                                                     2     0(0.00%) |     11       9      14      9 |    0.17        0.00
GET      GET /quote (API)                                                                   5     0(0.00%) |      9       4      14      7 |    0.50        0.00
GET      GET /send                                                                          6     0(0.00%) |     15       8      43     10 |    1.00        0.00
GET      GET /send/pay                                                                     11     0(0.00%) |     10       4      19      9 |    1.00        0.00
GET      GET /send/review                                                                  11     0(0.00%) |     27       6      77     13 |    1.00        0.00
GET      GET /transactions                                                                  2     0(0.00%) |     14       5      23      5 |    0.33        0.00
GET      GET /wallet                                                                        8     0(0.00%) |     41      10     122     16 |    0.67        0.00
POST     POST /admin/cashin/{id}/received                                                   5     0(0.00%) |     21      13      36     19 |    0.50        0.00
POST     POST /cashout/preview                                                              2     0(0.00%) |     50      28      72     28 |    0.33        0.00
POST     POST /login                                                                       10     0(0.00%) |   1943    1500    2594   1600 |    1.67        0.00
POST     POST /remittances                                                                  7     0(0.00%) |     21      11      39     20 |    0.67        0.00
POST     POST /remittances (declined)                                                       4     0(0.00%) |     27      13      40     18 |    0.33        0.00
--------|----------------------------------------------------------------------------|-------|-------------|-------|-------|-------|-------|--------|-----------
         Aggregated                                                                        76     0(0.00%) |    274       4    2594     15 |    8.50        0.00

Type     Name                                                                          # reqs      # fails |    Avg     Min     Max    Med |   req/s  failures/s
--------|----------------------------------------------------------------------------|-------|-------------|-------|-------|-------|-------|--------|-----------
GET      GET /admin/cashin                                                                  3     0(0.00%) |     14      12      18     14 |    0.38        0.00
GET      GET /admin/transactions                                                            1     0(0.00%) |     36      36      36     36 |    0.00        0.00
GET      GET /dashboard                                                                     3     0(0.00%) |     11       9      14     12 |    0.25        0.00
GET      GET /quote (API)                                                                   5     0(0.00%) |      9       4      14      7 |    0.62        0.00
GET      GET /send                                                                          6     0(0.00%) |     15       8      43     10 |    0.75        0.00
GET      GET /send/pay                                                                     15     0(0.00%) |     10       4      19      9 |    1.00        0.00
GET      GET /send/review                                                                  15     0(0.00%) |     24       6      77     14 |    1.00        0.00
GET      GET /transactions                                                                  2     0(0.00%) |     14       5      23      5 |    0.25        0.00
GET      GET /wallet                                                                        9     0(0.00%) |     37       7     122     16 |    1.00        0.00
POST     POST /admin/cashin/{id}/received                                                   5     0(0.00%) |     21      13      36     19 |    0.62        0.00
POST     POST /cashout/preview                                                              5     0(0.00%) |     30       9      72     22 |    0.25        0.00
POST     POST /login                                                                       10     0(0.00%) |   1943    1500    2594   1600 |    1.25        0.00
POST     POST /remittances                                                                 10     0(0.00%) |     20      11      39     19 |    0.62        0.00
POST     POST /remittances (declined)                                                       5     0(0.00%) |     25      13      40     20 |    0.38        0.00
--------|----------------------------------------------------------------------------|-------|-------------|-------|-------|-------|-------|--------|-----------
         Aggregated                                                                        94     0(0.00%) |    225       4    2594     15 |    8.38        0.00

Type     Name                                                                          # reqs      # fails |    Avg     Min     Max    Med |   req/s  failures/s
--------|----------------------------------------------------------------------------|-------|-------------|-------|-------|-------|-------|--------|-----------
GET      GET /admin/cashin                                                                  3     0(0.00%) |     14      12      18     14 |    0.30        0.00
GET      GET /admin/transactions                                                            1     0(0.00%) |     36      36      36     36 |    0.00        0.00
GET      GET /cashout/history                                                               1     0(0.00%) |      8       8       8      8 |    0.00        0.00
GET      GET /dashboard                                                                     4     0(0.00%) |     13       9      16     12 |    0.30        0.00
GET      GET /quote (API)                                                                   7     0(0.00%) |      8       4      14      7 |    0.50        0.00
GET      GET /send                                                                          6     0(0.00%) |     15       8      43     10 |    0.60        0.00
GET      GET /send/pay                                                                     16     0(0.00%) |     10       4      19      9 |    1.40        0.00
GET      GET /send/review                                                                  16     0(0.00%) |     23       6      77     13 |    1.40        0.00
GET      GET /transactions                                                                  4     0(0.00%) |     12       5      23      7 |    0.20        0.00
GET      GET /wallet                                                                        9     0(0.00%) |     37       7     122     16 |    0.90        0.00
POST     POST /admin/cashin/{id}/received                                                   5     0(0.00%) |     21      13      36     19 |    0.50        0.00
POST     POST /cashout/preview                                                              6     0(0.00%) |     27       9      72     18 |    0.40        0.00
POST     POST /login                                                                       10     0(0.00%) |   1943    1500    2594   1600 |    1.00        0.00
POST     POST /remittances                                                                 11     0(0.00%) |     20      11      39     19 |    0.90        0.00
POST     POST /remittances (declined)                                                       5     0(0.00%) |     25      13      40     20 |    0.50        0.00
--------|----------------------------------------------------------------------------|-------|-------------|-------|-------|-------|-------|--------|-----------
         Aggregated                                                                       104     0(0.00%) |    204       4    2594     14 |    8.90        0.00

Type     Name                                                                          # reqs      # fails |    Avg     Min     Max    Med |   req/s  failures/s
--------|----------------------------------------------------------------------------|-------|-------------|-------|-------|-------|-------|--------|-----------
GET      GET /admin/cashin                                                                  4     0(0.00%) |     15      12      18     14 |    0.30        0.00
GET      GET /admin/transactions                                                            1     0(0.00%) |     36      36      36     36 |    0.10        0.00
GET      GET /cashout/history                                                               1     0(0.00%) |      8       8       8      8 |    0.10        0.00
GET      GET /dashboard                                                                     5     0(0.00%) |     14       9      19     15 |    0.40        0.00
GET      GET /quote (API)                                                                   7     0(0.00%) |      8       4      14      7 |    0.70        0.00
GET      GET /send                                                                          6     0(0.00%) |     15       8      43     10 |    0.60        0.00
GET      GET /send/pay                                                                     19     0(0.00%) |      9       4      19      9 |    1.60        0.00
GET      GET /send/review                                                                  19     0(0.00%) |     21       6      77     13 |    1.60        0.00
GET      GET /transactions                                                                  5     0(0.00%) |     13       5      23     14 |    0.30        0.00
GET      GET /wallet                                                                       10     0(0.00%) |     34       7     122     13 |    0.90        0.00
POST     POST /admin/cashin/{id}/received                                                  12     0(0.00%) |     20      11      47     13 |    0.50        0.00
POST     POST /cashout/preview                                                              8     0(0.00%) |     24       9      72     18 |    0.60        0.00
POST     POST /login                                                                       10     0(0.00%) |   1943    1500    2594   1600 |    1.00        0.00
POST     POST /remittances                                                                 13     0(0.00%) |     22      11      43     19 |    1.10        0.00
POST     POST /remittances (declined)                                                       5     0(0.00%) |     25      13      40     20 |    0.50        0.00
--------|----------------------------------------------------------------------------|-------|-------------|-------|-------|-------|-------|--------|-----------
         Aggregated                                                                       125     0(0.00%) |    172       4    2594     14 |   10.30        0.00

Type     Name                                                                          # reqs      # fails |    Avg     Min     Max    Med |   req/s  failures/s
--------|----------------------------------------------------------------------------|-------|-------------|-------|-------|-------|-------|--------|-----------
GET      GET /admin/cashin                                                                  4     0(0.00%) |     15      12      18     14 |    0.30        0.00
GET      GET /admin/settlements                                                             1     0(0.00%) |     12      12      12     12 |    0.00        0.00
GET      GET /admin/transactions                                                            1     0(0.00%) |     36      36      36     36 |    0.10        0.00
GET      GET /cashout/history                                                               1     0(0.00%) |      8       8       8      8 |    0.10        0.00
GET      GET /dashboard                                                                     5     0(0.00%) |     14       9      19     15 |    0.30        0.00
GET      GET /quote (API)                                                                   7     0(0.00%) |      8       4      14      7 |    0.60        0.00
GET      GET /send                                                                          6     0(0.00%) |     15       8      43     10 |    0.00        0.00
GET      GET /send/pay                                                                     23     0(0.00%) |      9       4      19      9 |    1.40        0.00
GET      GET /send/review                                                                  23     0(0.00%) |     20       6      77     13 |    1.40        0.00
GET      GET /transactions                                                                  6     0(0.00%) |     13       5      23     13 |    0.40        0.00
GET      GET /wallet                                                                       12     0(0.00%) |     31       7     122     15 |    0.80        0.00
POST     POST /admin/cashin/{id}/received                                                  12     0(0.00%) |     20      11      47     13 |    1.20        0.00
POST     POST /cashout/preview                                                             10     0(0.00%) |     22       9      72     18 |    0.70        0.00
POST     POST /login                                                                       10     0(0.00%) |   1943    1500    2594   1600 |    0.00        0.00
POST     POST /remittances                                                                 18     0(0.00%) |     20      11      43     18 |    1.10        0.00
POST     POST /remittances (declined)                                                       5     0(0.00%) |     25      13      40     20 |    0.30        0.00
--------|----------------------------------------------------------------------------|-------|-------------|-------|-------|-------|-------|--------|-----------
         Aggregated                                                                       144     0(0.00%) |    152       4    2594     14 |    8.70        0.00

Type     Name                                                                          # reqs      # fails |    Avg     Min     Max    Med |   req/s  failures/s
--------|----------------------------------------------------------------------------|-------|-------------|-------|-------|-------|-------|--------|-----------
GET      GET /admin/cashin                                                                  4     0(0.00%) |     15      12      18     14 |    0.20        0.00
GET      GET /admin/settlements                                                             1     0(0.00%) |     12      12      12     12 |    0.10        0.00
GET      GET /admin/transactions                                                            1     0(0.00%) |     36      36      36     36 |    0.10        0.00
GET      GET /cashout/history                                                               1     0(0.00%) |      8       8       8      8 |    0.10        0.00
GET      GET /dashboard                                                                     6     0(0.00%) |     15       9      19     15 |    0.40        0.00
GET      GET /quote (API)                                                                   9     0(0.00%) |      8       4      14      7 |    0.40        0.00
GET      GET /send                                                                          6     0(0.00%) |     15       8      43     10 |    0.00        0.00
GET      GET /send/pay                                                                     25     0(0.00%) |      9       4      19      9 |    1.50        0.00
GET      GET /send/review                                                                  25     0(0.00%) |     19       6      77     13 |    1.50        0.00
GET      GET /transactions                                                                  7     0(0.00%) |     13       5      23     14 |    0.40        0.00
GET      GET /wallet                                                                       12     0(0.00%) |     31       7     122     15 |    0.80        0.00
POST     POST /admin/cashin/{id}/received                                                  12     0(0.00%) |     20      11      47     13 |    0.90        0.00
POST     POST /cashout/preview                                                             13     0(0.00%) |     21       9      72     18 |    0.70        0.00
POST     POST /login                                                                       10     0(0.00%) |   1943    1500    2594   1600 |    0.00        0.00
POST     POST /remittances                                                                 19     0(0.00%) |     20      11      43     18 |    1.20        0.00
POST     POST /remittances (declined)                                                       6     0(0.00%) |     24      13      40     18 |    0.30        0.00
--------|----------------------------------------------------------------------------|-------|-------------|-------|-------|-------|-------|--------|-----------
         Aggregated                                                                       157     0(0.00%) |    140       4    2594     14 |    8.60        0.00

Type     Name                                                                          # reqs      # fails |    Avg     Min     Max    Med |   req/s  failures/s
--------|----------------------------------------------------------------------------|-------|-------------|-------|-------|-------|-------|--------|-----------
GET      GET /admin/cashin                                                                  5     0(0.00%) |     15      12      18     16 |    0.10        0.00
GET      GET /admin/settlements                                                             1     0(0.00%) |     12      12      12     12 |    0.10        0.00
GET      GET /admin/transactions                                                            1     0(0.00%) |     36      36      36     36 |    0.10        0.00
GET      GET /cashout/history                                                               1     0(0.00%) |      8       8       8      8 |    0.10        0.00
GET      GET /dashboard                                                                     8     0(0.00%) |     13       7      19     12 |    0.40        0.00
GET      GET /quote (API)                                                                   9     0(0.00%) |      8       4      14      7 |    0.40        0.00
GET      GET /send                                                                          6     0(0.00%) |     15       8      43     10 |    0.00        0.00
GET      GET /send/pay                                                                     28     0(0.00%) |      9       4      19      8 |    1.70        0.00
GET      GET /send/review                                                                  28     0(0.00%) |     18       6      77     13 |    1.70        0.00
GET      GET /transactions                                                                  8     0(0.00%) |     13       5      23     14 |    0.40        0.00
GET      GET /wallet                                                                       16     0(0.00%) |     27       7     122     15 |    0.40        0.00
POST     POST /admin/cashin/{id}/received                                                  22     0(0.00%) |     17       9      47     13 |    0.70        0.00
POST     POST /cashout/preview                                                             13     0(0.00%) |     21       9      72     18 |    1.10        0.00
POST     POST /login                                                                       10     0(0.00%) |   1943    1500    2594   1600 |    0.00        0.00
POST     POST /remittances                                                                 22     0(0.00%) |     19      11      43     18 |    1.40        0.00
POST     POST /remittances (declined)                                                       6     0(0.00%) |     24      13      40     18 |    0.30        0.00
--------|----------------------------------------------------------------------------|-------|-------------|-------|-------|-------|-------|--------|-----------
         Aggregated                                                                       184     0(0.00%) |    121       4    2594     14 |    8.90        0.00

Type     Name                                                                          # reqs      # fails |    Avg     Min     Max    Med |   req/s  failures/s
--------|----------------------------------------------------------------------------|-------|-------------|-------|-------|-------|-------|--------|-----------
GET      GET /admin/cashin                                                                  5     0(0.00%) |     15      12      18     16 |    0.20        0.00
GET      GET /admin/settlements                                                             1     0(0.00%) |     12      12      12     12 |    0.10        0.00
GET      GET /admin/transactions                                                            1     0(0.00%) |     36      36      36     36 |    0.10        0.00
GET      GET /cashout/history                                                               2     0(0.00%) |     10       8      11      8 |    0.10        0.00
GET      GET /dashboard                                                                     8     0(0.00%) |     13       7      19     12 |    0.50        0.00
GET      GET /quote (API)                                                                  10     0(0.00%) |      8       4      14      7 |    0.40        0.00
GET      GET /send                                                                          6     0(0.00%) |     15       8      43     10 |    0.00        0.00
GET      GET /send/pay                                                                     32     0(0.00%) |      8       4      19      8 |    1.40        0.00
GET      GET /send/review                                                                  32     0(0.00%) |     17       6      77     13 |    1.40        0.00
GET      GET /transactions                                                                  8     0(0.00%) |     13       5      23     14 |    0.50        0.00
GET      GET /wallet                                                                       17     0(0.00%) |     26       7     122     16 |    0.60        0.00
POST     POST /admin/cashin/{id}/received                                                  22     0(0.00%) |     17       9      47     13 |    1.70        0.00
POST     POST /cashout/preview                                                             13     0(0.00%) |     21       9      72     18 |    0.90        0.00
POST     POST /login                                                                       10     0(0.00%) |   1943    1500    2594   1600 |    0.00        0.00
POST     POST /remittances                                                                 26     0(0.00%) |     19      11      43     18 |    1.30        0.00
POST     POST /remittances (declined)                                                       6     0(0.00%) |     24      13      40     18 |    0.10        0.00
--------|----------------------------------------------------------------------------|-------|-------------|-------|-------|-------|-------|--------|-----------
         Aggregated                                                                       199     0(0.00%) |    113       4    2594     14 |    9.30        0.00

Type     Name                                                                          # reqs      # fails |    Avg     Min     Max    Med |   req/s  failures/s
--------|----------------------------------------------------------------------------|-------|-------------|-------|-------|-------|-------|--------|-----------
GET      GET /admin/cashin                                                                  5     0(0.00%) |     15      12      18     16 |    0.20        0.00
GET      GET /admin/settlements                                                             1     0(0.00%) |     12      12      12     12 |    0.10        0.00
GET      GET /admin/transactions                                                            2     0(0.00%) |     30      25      36     25 |    0.00        0.00
GET      GET /cashout/history                                                               3     0(0.00%) |     12       8      17     12 |    0.00        0.00
GET      GET /dashboard                                                                    10     0(0.00%) |     13       7      19     12 |    0.40        0.00
GET      GET /quote (API)                                                                  10     0(0.00%) |      8       4      14      7 |    0.30        0.00
GET      GET /send                                                                          6     0(0.00%) |     15       8      43     10 |    0.00        0.00
GET      GET /send/pay                                                                     34     0(0.00%) |      8       4      19      8 |    1.50        0.00
GET      GET /send/review                                                                  34     0(0.00%) |     17       6      77     13 |    1.50        0.00
GET      GET /transactions                                                                  9     0(0.00%) |     13       5      23     14 |    0.50        0.00
GET      GET /wallet                                                                       17     0(0.00%) |     26       7     122     16 |    0.70        0.00
POST     POST /admin/cashin/{id}/received                                                  22     0(0.00%) |     17       9      47     13 |    1.70        0.00
POST     POST /cashout/preview                                                             14     0(0.00%) |     20       9      72     16 |    0.70        0.00
POST     POST /login                                                                       10     0(0.00%) |   1943    1500    2594   1600 |    0.00        0.00
POST     POST /remittances                                                                 27     0(0.00%) |     18      11      43     18 |    1.40        0.00
POST     POST /remittances (declined)                                                       7     0(0.00%) |     23      13      40     18 |    0.10        0.00
--------|----------------------------------------------------------------------------|-------|-------------|-------|-------|-------|-------|--------|-----------
         Aggregated                                                                       211     0(0.00%) |    107       4    2594     14 |    9.10        0.00

Type     Name                                                                          # reqs      # fails |    Avg     Min     Max    Med |   req/s  failures/s
--------|----------------------------------------------------------------------------|-------|-------------|-------|-------|-------|-------|--------|-----------
GET      GET /admin/cashin                                                                  5     0(0.00%) |     15      12      18     16 |    0.10        0.00
GET      GET /admin/settlements                                                             1     0(0.00%) |     12      12      12     12 |    0.10        0.00
GET      GET /admin/transactions                                                            2     0(0.00%) |     30      25      36     25 |    0.10        0.00
GET      GET /cashout/history                                                               4     0(0.00%) |     13       8      17     12 |    0.20        0.00
GET      GET /dashboard                                                                    11     0(0.00%) |     14       7      19     15 |    0.50        0.00
GET      GET /quote (API)                                                                  11     0(0.00%) |      8       4      14      7 |    0.30        0.00
GET      GET /send                                                                          6     0(0.00%) |     15       8      43     10 |    0.00        0.00
GET      GET /send/pay                                                                     36     0(0.00%) |      8       4      19      8 |    1.60        0.00
GET      GET /send/review                                                                  36     0(0.00%) |     16       6      77     13 |    1.60        0.00
GET      GET /transactions                                                                 10     0(0.00%) |     13       5      23     14 |    0.50        0.00
GET      GET /wallet                                                                       18     0(0.00%) |     26       7     122     15 |    0.70        0.00
POST     POST /admin/cashin/{id}/received                                                  22     0(0.00%) |     17       9      47     13 |    1.00        0.00
POST     POST /cashout/preview                                                             15     0(0.00%) |     20       9      72     17 |    0.60        0.00
POST     POST /login                                                                       10     0(0.00%) |   1943    1500    2594   1600 |    0.00        0.00
POST     POST /remittances                                                                 29     0(0.00%) |     18      11      43     18 |    1.40        0.00
POST     POST /remittances (declined)                                                       7     0(0.00%) |     23      13      40     18 |    0.20        0.00
--------|----------------------------------------------------------------------------|-------|-------------|-------|-------|-------|-------|--------|-----------
         Aggregated                                                                       223     0(0.00%) |    102       4    2594     14 |    8.90        0.00

Type     Name                                                                          # reqs      # fails |    Avg     Min     Max    Med |   req/s  failures/s
--------|----------------------------------------------------------------------------|-------|-------------|-------|-------|-------|-------|--------|-----------
GET      GET /admin/cashin                                                                  6     0(0.00%) |     15      12      18     14 |    0.10        0.00
GET      GET /admin/settlements                                                             1     0(0.00%) |     12      12      12     12 |    0.00        0.00
GET      GET /admin/transactions                                                            2     0(0.00%) |     30      25      36     25 |    0.10        0.00
GET      GET /cashout/history                                                               4     0(0.00%) |     13       8      17     12 |    0.30        0.00
GET      GET /dashboard                                                                    11     0(0.00%) |     14       7      19     15 |    0.60        0.00
GET      GET /quote (API)                                                                  14     0(0.00%) |      9       4      14      7 |    0.40        0.00
GET      GET /send                                                                          6     0(0.00%) |     15       8      43     10 |    0.00        0.00
GET      GET /send/pay                                                                     39     0(0.00%) |      8       4      19      8 |    1.50        0.00
GET      GET /send/review                                                                  39     0(0.00%) |     16       5      77     13 |    1.50        0.00
GET      GET /transactions                                                                 12     0(0.00%) |     13       5      23     14 |    0.40        0.00
GET      GET /wallet                                                                       19     0(0.00%) |     25       7     122     15 |    0.60        0.00
POST     POST /admin/cashin/{id}/received                                                  30     0(0.00%) |     16       9      47     14 |    1.00        0.00
POST     POST /cashout/preview                                                             16     0(0.00%) |     20       9      72     17 |    0.50        0.00
POST     POST /login                                                                       10     0(0.00%) |   1943    1500    2594   1600 |    0.00        0.00
POST     POST /remittances                                                                 31     0(0.00%) |     18      11      43     17 |    1.30        0.00
POST     POST /remittances (declined)                                                       8     0(0.00%) |     22      13      40     18 |    0.20        0.00
--------|----------------------------------------------------------------------------|-------|-------------|-------|-------|-------|-------|--------|-----------
         Aggregated                                                                       248     0(0.00%) |     93       4    2594     14 |    8.50        0.00

Type     Name                                                                          # reqs      # fails |    Avg     Min     Max    Med |   req/s  failures/s
--------|----------------------------------------------------------------------------|-------|-------------|-------|-------|-------|-------|--------|-----------
GET      GET /admin/cashin                                                                  7     0(0.00%) |     14      11      18     14 |    0.20        0.00
GET      GET /admin/settlements                                                             1     0(0.00%) |     12      12      12     12 |    0.00        0.00
GET      GET /admin/transactions                                                            2     0(0.00%) |     30      25      36     25 |    0.10        0.00
GET      GET /cashout/history                                                               4     0(0.00%) |     13       8      17     12 |    0.30        0.00
GET      GET /dashboard                                                                    11     0(0.00%) |     14       7      19     15 |    0.50        0.00
GET      GET /quote (API)                                                                  16     0(0.00%) |      9       4      16      8 |    0.40        0.00
GET      GET /send                                                                          6     0(0.00%) |     15       8      43     10 |    0.00        0.00
GET      GET /send/pay                                                                     42     0(0.00%) |      8       4      19      8 |    1.40        0.00
GET      GET /send/review                                                                  42     0(0.00%) |     16       5      77     13 |    1.40        0.00
GET      GET /transactions                                                                 13     0(0.00%) |     14       5      23     14 |    0.60        0.00
GET      GET /wallet                                                                       22     0(0.00%) |     24       7     122     15 |    0.70        0.00
POST     POST /admin/cashin/{id}/received                                                  34     0(0.00%) |     16       9      47     14 |    1.80        0.00
POST     POST /cashout/preview                                                             16     0(0.00%) |     20       9      72     17 |    0.20        0.00
POST     POST /login                                                                       10     0(0.00%) |   1943    1500    2594   1600 |    0.00        0.00
POST     POST /remittances                                                                 34     0(0.00%) |     18      11      43     17 |    1.20        0.00
POST     POST /remittances (declined)                                                       8     0(0.00%) |     22      13      40     18 |    0.20        0.00
--------|----------------------------------------------------------------------------|-------|-------------|-------|-------|-------|-------|--------|-----------
         Aggregated                                                                       268     0(0.00%) |     87       4    2594     14 |    9.00        0.00

Type     Name                                                                          # reqs      # fails |    Avg     Min     Max    Med |   req/s  failures/s
--------|----------------------------------------------------------------------------|-------|-------------|-------|-------|-------|-------|--------|-----------
GET      GET /admin/cashin                                                                  7     0(0.00%) |     14      11      18     14 |    0.10        0.00
GET      GET /admin/settlements                                                             1     0(0.00%) |     12      12      12     12 |    0.00        0.00
GET      GET /admin/transactions                                                            3     0(0.00%) |     29      25      36     27 |    0.10        0.00
GET      GET /cashout/history                                                               4     0(0.00%) |     13       8      17     12 |    0.30        0.00
GET      GET /dashboard                                                                    12     0(0.00%) |     13       7      19     12 |    0.30        0.00
GET      GET /quote (API)                                                                  19     0(0.00%) |      9       4      16     10 |    0.70        0.00
GET      GET /send                                                                          6     0(0.00%) |     15       8      43     10 |    0.00        0.00
GET      GET /send/pay                                                                     45     0(0.00%) |      8       4      19      8 |    1.40        0.00
GET      GET /send/review                                                                  45     0(0.00%) |     15       5      77     13 |    1.40        0.00
GET      GET /transactions                                                                 13     0(0.00%) |     14       5      23     14 |    0.60        0.00
GET      GET /wallet                                                                       23     0(0.00%) |     82       7    1356     16 |    0.60        0.00
POST     POST /admin/cashin/{id}/received                                                  34     0(0.00%) |     16       9      47     14 |    0.80        0.00
POST     POST /cashout/preview                                                             17     0(0.00%) |     20       9      72     18 |    0.30        0.00
POST     POST /login                                                                       10     0(0.00%) |   1943    1500    2594   1600 |    0.00        0.00
POST     POST /remittances                                                                 37     0(0.00%) |     18      10      43     17 |    1.20        0.00
POST     POST /remittances (declined)                                                       8     0(0.00%) |     22      13      40     18 |    0.20        0.00
--------|----------------------------------------------------------------------------|-------|-------------|-------|-------|-------|-------|--------|-----------
         Aggregated                                                                       284     0(0.00%) |     88       4    2594     14 |    8.00        0.00

Type     Name                                                                          # reqs      # fails |    Avg     Min     Max    Med |   req/s  failures/s
--------|----------------------------------------------------------------------------|-------|-------------|-------|-------|-------|-------|--------|-----------
GET      GET /admin/cashin                                                                  7     0(0.00%) |     14      11      18     14 |    0.20        0.00
GET      GET /admin/settlements                                                             1     0(0.00%) |     12      12      12     12 |    0.00        0.00
GET      GET /admin/transactions                                                            3     0(0.00%) |     29      25      36     27 |    0.10        0.00
GET      GET /cashout/history                                                               5     0(0.00%) |     13       8      17     12 |    0.30        0.00
GET      GET /dashboard                                                                    14     0(0.00%) |     14       7      20     15 |    0.30        0.00
GET      GET /quote (API)                                                                  21     0(0.00%) |     10       4      16     11 |    0.70        0.00
GET      GET /send                                                                          6     0(0.00%) |     15       8      43     10 |    0.00        0.00
GET      GET /send/pay                                                                     47     0(0.00%) |      8       4      19      8 |    1.40        0.00
GET      GET /send/review                                                                  47     0(0.00%) |     15       5      77     13 |    1.30        0.00
GET      GET /transactions                                                                 13     0(0.00%) |     14       5      23     14 |    0.50        0.00
GET      GET /wallet                                                                       24     0(0.00%) |     79       7    1356     16 |    0.60        0.00
POST     POST /admin/cashin/{id}/received                                                  34     0(0.00%) |     16       9      47     14 |    1.20        0.00
POST     POST /cashout/preview                                                             17     0(0.00%) |     20       9      72     18 |    0.40        0.00
POST     POST /login                                                                       10     0(0.00%) |   1943    1500    2594   1600 |    0.00        0.00
POST     POST /remittances                                                                 39     0(0.00%) |     18      10      43     17 |    1.20        0.00
POST     POST /remittances (declined)                                                       8     0(0.00%) |     22      13      40     18 |    0.20        0.00
--------|----------------------------------------------------------------------------|-------|-------------|-------|-------|-------|-------|--------|-----------
         Aggregated                                                                       296     0(0.00%) |     85       4    2594     14 |    8.40        0.00

Type     Name                                                                          # reqs      # fails |    Avg     Min     Max    Med |   req/s  failures/s
--------|----------------------------------------------------------------------------|-------|-------------|-------|-------|-------|-------|--------|-----------
GET      GET /admin/cashin                                                                  7     0(0.00%) |     14      11      18     14 |    0.20        0.00
GET      GET /admin/settlements                                                             2     0(0.00%) |      9       5      12      5 |    0.00        0.00
GET      GET /admin/transactions                                                            3     0(0.00%) |     29      25      36     27 |    0.10        0.00
GET      GET /cashout/history                                                               7     0(0.00%) |     12       8      17     12 |    0.20        0.00
GET      GET /dashboard                                                                    14     0(0.00%) |     14       7      20     15 |    0.50        0.00
GET      GET /quote (API)                                                                  24     0(0.00%) |     10       4      17     11 |    1.10        0.00
GET      GET /send                                                                          6     0(0.00%) |     15       8      43     10 |    0.00        0.00
GET      GET /send/pay                                                                     50     0(0.00%) |      8       4      19      8 |    1.30        0.00
GET      GET /send/review                                                                  50     0(0.00%) |     15       5      77     13 |    1.30        0.00
GET      GET /transactions                                                                 14     0(0.00%) |     14       5      23     14 |    0.40        0.00
GET      GET /wallet                                                                       25     0(0.00%) |    129       7    1356     16 |    0.70        0.00
POST     POST /admin/cashin/{id}/received                                                  34     0(0.00%) |     16       9      47     14 |    1.20        0.00
POST     POST /cashout/preview                                                             17     0(0.00%) |     20       9      72     18 |    0.30        0.00
POST     POST /login                                                                       10     0(0.00%) |   1943    1500    2594   1600 |    0.00        0.00
POST     POST /remittances                                                                 40     0(0.00%) |     18      10      43     17 |    1.20        0.00
POST     POST /remittances (declined)                                                      10     0(0.00%) |     21      13      40     17 |    0.10        0.00
--------|----------------------------------------------------------------------------|-------|-------------|-------|-------|-------|-------|--------|-----------
         Aggregated                                                                       313     0(0.00%) |     85       4    2594     14 |    8.60        0.00

Type     Name                                                                          # reqs      # fails |    Avg     Min     Max    Med |   req/s  failures/s
--------|----------------------------------------------------------------------------|-------|-------------|-------|-------|-------|-------|--------|-----------
GET      GET /admin/cashin                                                                  8     0(0.00%) |     14      10      18     14 |    0.20        0.00
GET      GET /admin/settlements                                                             2     0(0.00%) |      9       5      12      5 |    0.10        0.00
GET      GET /admin/transactions                                                            3     0(0.00%) |     29      25      36     27 |    0.10        0.00
GET      GET /cashout/history                                                               8     0(0.00%) |     18       8      61     12 |    0.30        0.00
GET      GET /dashboard                                                                    14     0(0.00%) |     14       7      20     15 |    0.30        0.00
GET      GET /quote (API)                                                                  25     0(0.00%) |     10       4      17     11 |    1.30        0.00
GET      GET /send                                                                          6     0(0.00%) |     15       8      43     10 |    0.00        0.00
GET      GET /send/pay                                                                     54     0(0.00%) |      8       4      19      8 |    1.30        0.00
GET      GET /send/review                                                                  54     0(0.00%) |     15       5      77     13 |    1.30        0.00
GET      GET /transactions                                                                 14     0(0.00%) |     14       5      23     14 |    0.40        0.00
GET      GET /wallet                                                                       25     0(0.00%) |    129       7    1356     16 |    0.70        0.00
POST     POST /admin/cashin/{id}/received                                                  42     0(0.00%) |     16       9      47     14 |    1.20        0.00
POST     POST /cashout/preview                                                             18     0(0.00%) |     20       9      72     17 |    0.30        0.00
POST     POST /login                                                                       10     0(0.00%) |   1943    1500    2594   1600 |    0.00        0.00
POST     POST /remittances                                                                 44     0(0.00%) |     17      10      43     17 |    1.10        0.00
POST     POST /remittances (declined)                                                      10     0(0.00%) |     21      13      40     17 |    0.20        0.00
--------|----------------------------------------------------------------------------|-------|-------------|-------|-------|-------|-------|--------|-----------
         Aggregated                                                                       337     0(0.00%) |     80       4    2594     14 |    8.80        0.00

Type     Name                                                                          # reqs      # fails |    Avg     Min     Max    Med |   req/s  failures/s
--------|----------------------------------------------------------------------------|-------|-------------|-------|-------|-------|-------|--------|-----------
GET      GET /admin/cashin                                                                  8     0(0.00%) |     14      10      18     14 |    0.20        0.00
GET      GET /admin/settlements                                                             2     0(0.00%) |      9       5      12      5 |    0.10        0.00
GET      GET /admin/transactions                                                            3     0(0.00%) |     29      25      36     27 |    0.10        0.00
GET      GET /cashout/history                                                               9     0(0.00%) |     18       8      61     12 |    0.30        0.00
GET      GET /dashboard                                                                    15     0(0.00%) |     14       7      20     15 |    0.30        0.00
GET      GET /quote (API)                                                                  27     0(0.00%) |     10       4      17     11 |    1.10        0.00
GET      GET /send                                                                          6     0(0.00%) |     15       8      43     10 |    0.00        0.00
GET      GET /send/pay                                                                     57     0(0.00%) |      8       4      19      8 |    1.50        0.00
GET      GET /send/review                                                                  57     0(0.00%) |     14       5      77     13 |    1.50        0.00
GET      GET /transactions                                                                 14     0(0.00%) |     14       5      23     14 |    0.20        0.00
GET      GET /wallet                                                                       27     0(0.00%) |    121       7    1356     16 |    0.60        0.00
POST     POST /admin/cashin/{id}/received                                                  42     0(0.00%) |     16       9      47     14 |    1.20        0.00
POST     POST /cashout/preview                                                             18     0(0.00%) |     20       9      72     17 |    0.30        0.00
POST     POST /login                                                                       10     0(0.00%) |   1943    1500    2594   1600 |    0.00        0.00
POST     POST /remittances                                                                 47     0(0.00%) |     17      10      43     17 |    1.30        0.00
POST     POST /remittances (declined)                                                      10     0(0.00%) |     21      13      40     17 |    0.20        0.00
--------|----------------------------------------------------------------------------|-------|-------------|-------|-------|-------|-------|--------|-----------
         Aggregated                                                                       352     0(0.00%) |     77       4    2594     14 |    8.90        0.00

Type     Name                                                                          # reqs      # fails |    Avg     Min     Max    Med |   req/s  failures/s
--------|----------------------------------------------------------------------------|-------|-------------|-------|-------|-------|-------|--------|-----------
GET      GET /admin/cashin                                                                  9     0(0.00%) |     13       5      18     14 |    0.20        0.00
GET      GET /admin/settlements                                                             2     0(0.00%) |      9       5      12      5 |    0.10        0.00
GET      GET /admin/transactions                                                            3     0(0.00%) |     29      25      36     27 |    0.10        0.00
GET      GET /cashout/history                                                              10     0(0.00%) |     17       8      61     12 |    0.50        0.00
GET      GET /dashboard                                                                    15     0(0.00%) |     14       7      20     15 |    0.30        0.00
GET      GET /quote (API)                                                                  29     0(0.00%) |     10       4      17     10 |    1.10        0.00
GET      GET /send                                                                          6     0(0.00%) |     15       8      43     10 |    0.00        0.00
GET      GET /send/pay                                                                     59     0(0.00%) |      8       4      19      8 |    1.60        0.00
GET      GET /send/review                                                                  59     0(0.00%) |     14       5      77     13 |    1.60        0.00
GET      GET /transactions                                                                 16     0(0.00%) |     14       5      23     15 |    0.20        0.00
GET      GET /wallet                                                                       28     0(0.00%) |    117       7    1356     16 |    0.50        0.00
POST     POST /admin/cashin/{id}/received                                                  49     0(0.00%) |     16       9      49     14 |    1.20        0.00
POST     POST /cashout/preview                                                             19     0(0.00%) |     19       6      72     17 |    0.20        0.00
POST     POST /login                                                                       10     0(0.00%) |   1943    1500    2594   1600 |    0.00        0.00
POST     POST /remittances                                                                 49     0(0.00%) |     17      10      43     17 |    1.40        0.00
POST     POST /remittances (declined)                                                      10     0(0.00%) |     21      13      40     17 |    0.20        0.00
--------|----------------------------------------------------------------------------|-------|-------------|-------|-------|-------|-------|--------|-----------
         Aggregated                                                                       373     0(0.00%) |     74       4    2594     14 |    9.20        0.00

Type     Name                                                                          # reqs      # fails |    Avg     Min     Max    Med |   req/s  failures/s
--------|----------------------------------------------------------------------------|-------|-------------|-------|-------|-------|-------|--------|-----------
GET      GET /admin/cashin                                                                 10     0(0.00%) |     13       5      18     12 |    0.20        0.00
GET      GET /admin/settlements                                                             2     0(0.00%) |      9       5      12      5 |    0.10        0.00
GET      GET /admin/transactions                                                            3     0(0.00%) |     29      25      36     27 |    0.10        0.00
GET      GET /cashout/history                                                              10     0(0.00%) |     17       8      61     12 |    0.60        0.00
GET      GET /dashboard                                                                    16     0(0.00%) |     14       7      20     15 |    0.30        0.00
GET      GET /quote (API)                                                                  30     0(0.00%) |     10       4      17     10 |    1.10        0.00
GET      GET /send                                                                          6     0(0.00%) |     15       8      43     10 |    0.00        0.00
GET      GET /send/pay                                                                     63     0(0.00%) |      8       4      19      8 |    1.50        0.00
GET      GET /send/review                                                                  63     0(0.00%) |     14       5      77     13 |    1.50        0.00
GET      GET /transactions                                                                 16     0(0.00%) |     14       5      23     15 |    0.30        0.00
GET      GET /wallet                                                                       30     0(0.00%) |    111       7    1356     16 |    0.60        0.00
POST     POST /admin/cashin/{id}/received                                                  53     0(0.00%) |     16       9      49     14 |    1.50        0.00
POST     POST /cashout/preview                                                             19     0(0.00%) |     19       6      72     17 |    0.20        0.00
POST     POST /login                                                                       10     0(0.00%) |   1943    1500    2594   1600 |    0.00        0.00
POST     POST /remittances                                                                 53     0(0.00%) |     17      10      43     17 |    1.30        0.00
POST     POST /remittances (declined)                                                      10     0(0.00%) |     21      13      40     17 |    0.20        0.00
--------|----------------------------------------------------------------------------|-------|-------------|-------|-------|-------|-------|--------|-----------
         Aggregated                                                                       394     0(0.00%) |     70       4    2594     14 |    9.50        0.00

Type     Name                                                                          # reqs      # fails |    Avg     Min     Max    Med |   req/s  failures/s
--------|----------------------------------------------------------------------------|-------|-------------|-------|-------|-------|-------|--------|-----------
GET      GET /admin/cashin                                                                 10     0(0.00%) |     13       5      18     12 |    0.30        0.00
GET      GET /admin/settlements                                                             2     0(0.00%) |      9       5      12      5 |    0.10        0.00
GET      GET /admin/transactions                                                            3     0(0.00%) |     29      25      36     27 |    0.00        0.00
GET      GET /cashout/history                                                              11     0(0.00%) |     17       8      61     14 |    0.50        0.00
GET      GET /dashboard                                                                    19     0(0.00%) |     15       7      21     16 |    0.20        0.00
GET      GET /quote (API)                                                                  32     0(0.00%) |     10       4      17     10 |    0.90        0.00
GET      GET /send                                                                          6     0(0.00%) |     15       8      43     10 |    0.00        0.00
GET      GET /send/pay                                                                     65     0(0.00%) |      8       4      19      8 |    1.60        0.00
GET      GET /send/review                                                                  65     0(0.00%) |     14       5      77     13 |    1.60        0.00
GET      GET /transactions                                                                 17     0(0.00%) |     14       5      23     15 |    0.30        0.00
GET      GET /wallet                                                                       32     0(0.00%) |    145       7    1356     16 |    0.50        0.00
POST     POST /admin/cashin/{id}/received                                                  53     0(0.00%) |     16       9      49     14 |    1.90        0.00
POST     POST /cashout/preview                                                             19     0(0.00%) |     19       6      72     17 |    0.20        0.00
POST     POST /login                                                                       10     0(0.00%) |   1943    1500    2594   1600 |    0.00        0.00
POST     POST /remittances                                                                 54     0(0.00%) |     17      10      43     17 |    1.40        0.00
POST     POST /remittances (declined)                                                      11     0(0.00%) |     21      13      40     17 |    0.20        0.00
--------|----------------------------------------------------------------------------|-------|-------------|-------|-------|-------|-------|--------|-----------
         Aggregated                                                                       409     0(0.00%) |     71       4    2594     14 |    9.70        0.00

Type     Name                                                                          # reqs      # fails |    Avg     Min     Max    Med |   req/s  failures/s
--------|----------------------------------------------------------------------------|-------|-------------|-------|-------|-------|-------|--------|-----------
GET      GET /admin/cashin                                                                 10     0(0.00%) |     13       5      18     12 |    0.30        0.00
GET      GET /admin/settlements                                                             3     0(0.00%) |      8       5      12      7 |    0.00        0.00
GET      GET /admin/transactions                                                            3     0(0.00%) |     29      25      36     27 |    0.00        0.00
GET      GET /cashout/history                                                              11     0(0.00%) |     17       8      61     14 |    0.30        0.00
GET      GET /dashboard                                                                    20     0(0.00%) |     15       7      21     16 |    0.40        0.00
GET      GET /quote (API)                                                                  33     0(0.00%) |     10       4      17     10 |    0.70        0.00
GET      GET /send                                                                          6     0(0.00%) |     15       8      43     10 |    0.00        0.00
GET      GET /send/pay                                                                     67     0(0.00%) |      8       4      19      8 |    1.60        0.00
GET      GET /send/review                                                                  67     0(0.00%) |     14       5      77     13 |    1.60        0.00
GET      GET /transactions                                                                 17     0(0.00%) |     14       5      23     15 |    0.30        0.00
GET      GET /wallet                                                                       33     0(0.00%) |    141       7    1356     17 |    0.70        0.00
POST     POST /admin/cashin/{id}/received                                                  53     0(0.00%) |     16       9      49     14 |    1.90        0.00
POST     POST /cashout/preview                                                             20     0(0.00%) |     19       6      72     17 |    0.20        0.00
POST     POST /login                                                                       10     0(0.00%) |   1943    1500    2594   1600 |    0.00        0.00
POST     POST /remittances                                                                 56     0(0.00%) |     17      10      43     17 |    1.40        0.00
POST     POST /remittances (declined)                                                      11     0(0.00%) |     21      13      40     17 |    0.20        0.00
--------|----------------------------------------------------------------------------|-------|-------------|-------|-------|-------|-------|--------|-----------
         Aggregated                                                                       420     0(0.00%) |     70       4    2594     14 |    9.60        0.00

Type     Name                                                                          # reqs      # fails |    Avg     Min     Max    Med |   req/s  failures/s
--------|----------------------------------------------------------------------------|-------|-------------|-------|-------|-------|-------|--------|-----------
GET      GET /admin/cashin                                                                 11     0(0.00%) |     13       5      18     14 |    0.20        0.00
GET      GET /admin/settlements                                                             3     0(0.00%) |      8       5      12      7 |    0.10        0.00
GET      GET /admin/transactions                                                            3     0(0.00%) |     29      25      36     27 |    0.00        0.00
GET      GET /cashout/history                                                              11     0(0.00%) |     17       8      61     14 |    0.40        0.00
GET      GET /dashboard                                                                    21     0(0.00%) |     15       7      21     16 |    0.60        0.00
GET      GET /quote (API)                                                                  34     0(0.00%) |     10       4      17     10 |    0.90        0.00
GET      GET /send                                                                          6     0(0.00%) |     15       8      43     10 |    0.00        0.00
GET      GET /send/pay                                                                     70     0(0.00%) |      8       4      19      8 |    1.30        0.00
GET      GET /send/review                                                                  70     0(0.00%) |     14       5      77     13 |    1.30        0.00
GET      GET /transactions                                                                 18     0(0.00%) |     14       5      23     15 |    0.30        0.00
GET      GET /wallet                                                                       36     0(0.00%) |    202       7    1356     17 |    0.70        0.00
POST     POST /admin/cashin/{id}/received                                                  58     0(0.00%) |     16       9      49     14 |    1.10        0.00
POST     POST /cashout/preview                                                             20     0(0.00%) |     19       6      72     17 |    0.20        0.00
POST     POST /login                                                                       10     0(0.00%) |   1943    1500    2594   1600 |    0.00        0.00
POST     POST /remittances                                                                 59     0(0.00%) |     17      10      43     17 |    1.20        0.00
POST     POST /remittances (declined)                                                      11     0(0.00%) |     21      13      40     17 |    0.10        0.00
--------|----------------------------------------------------------------------------|-------|-------------|-------|-------|-------|-------|--------|-----------
         Aggregated                                                                       441     0(0.00%) |     73       4    2594     14 |    8.40        0.00

Type     Name                                                                          # reqs      # fails |    Avg     Min     Max    Med |   req/s  failures/s
--------|----------------------------------------------------------------------------|-------|-------------|-------|-------|-------|-------|--------|-----------
GET      GET /admin/cashin                                                                 12     0(0.00%) |     13       5      18     12 |    0.30        0.00
GET      GET /admin/settlements                                                             3     0(0.00%) |      8       5      12      7 |    0.10        0.00
GET      GET /admin/transactions                                                            3     0(0.00%) |     29      25      36     27 |    0.00        0.00
GET      GET /cashout/history                                                              11     0(0.00%) |     17       8      61     14 |    0.20        0.00
GET      GET /dashboard                                                                    21     0(0.00%) |     15       7      21     16 |    0.60        0.00
GET      GET /quote (API)                                                                  36     0(0.00%) |     10       4      17     10 |    0.80        0.00
GET      GET /send                                                                          6     0(0.00%) |     15       8      43     10 |    0.00        0.00
GET      GET /send/pay                                                                     73     0(0.00%) |      8       4      19      8 |    1.20        0.00
GET      GET /send/review                                                                  73     0(0.00%) |     14       5      77     13 |    1.20        0.00
GET      GET /transactions                                                                 18     0(0.00%) |     14       5      23     15 |    0.40        0.00
GET      GET /wallet                                                                       37     0(0.00%) |    231       7    1356     17 |    0.80        0.00
POST     POST /admin/cashin/{id}/received                                                  61     0(0.00%) |     16       9      49     14 |    1.50        0.00
POST     POST /cashout/preview                                                             22     0(0.00%) |     19       6      72     17 |    0.20        0.00
POST     POST /login                                                                       10     0(0.00%) |   1943    1500    2594   1600 |    0.00        0.00
POST     POST /remittances                                                                 61     0(0.00%) |     17      10      43     17 |    1.10        0.00
POST     POST /remittances (declined)                                                      12     0(0.00%) |     20      13      40     17 |    0.10        0.00
--------|----------------------------------------------------------------------------|-------|-------------|-------|-------|-------|-------|--------|-----------
         Aggregated                                                                       459     0(0.00%) |     73       4    2594     13 |    8.50        0.00

Type     Name                                                                          # reqs      # fails |    Avg     Min     Max    Med |   req/s  failures/s
--------|----------------------------------------------------------------------------|-------|-------------|-------|-------|-------|-------|--------|-----------
GET      GET /admin/cashin                                                                 12     0(0.00%) |     13       5      18     12 |    0.20        0.00
GET      GET /admin/settlements                                                             3     0(0.00%) |      8       5      12      7 |    0.10        0.00
GET      GET /admin/transactions                                                            3     0(0.00%) |     29      25      36     27 |    0.00        0.00
GET      GET /cashout/history                                                              11     0(0.00%) |     17       8      61     14 |    0.10        0.00
GET      GET /dashboard                                                                    23     0(0.00%) |     15       7      21     16 |    0.60        0.00
GET      GET /quote (API)                                                                  37     0(0.00%) |     10       4      17     11 |    0.70        0.00
GET      GET /send                                                                          6     0(0.00%) |     15       8      43     10 |    0.00        0.00
GET      GET /send/pay                                                                     77     0(0.00%) |      8       4      19      8 |    1.30        0.00
GET      GET /send/review                                                                  77     0(0.00%) |     14       5      77     13 |    1.30        0.00
GET      GET /transactions                                                                 20     0(0.00%) |     14       5      23     15 |    0.20        0.00
GET      GET /wallet                                                                       37     0(0.00%) |    231       7    1356     17 |    0.90        0.00
POST     POST /admin/cashin/{id}/received                                                  61     0(0.00%) |     16       9      49     14 |    0.90        0.00
POST     POST /cashout/preview                                                             25     0(0.00%) |     18       6      72     16 |    0.30        0.00
POST     POST /login                                                                       10     0(0.00%) |   1943    1500    2594   1600 |    0.00        0.00
POST     POST /remittances                                                                 65     0(0.00%) |     17      10      43     17 |    1.10        0.00
POST     POST /remittances (declined)                                                      12     0(0.00%) |     20      13      40     17 |    0.20        0.00
--------|----------------------------------------------------------------------------|-------|-------------|-------|-------|-------|-------|--------|-----------
         Aggregated                                                                       479     0(0.00%) |     71       4    2594     13 |    7.90        0.00

Type     Name                                                                          # reqs      # fails |    Avg     Min     Max    Med |   req/s  failures/s
--------|----------------------------------------------------------------------------|-------|-------------|-------|-------|-------|-------|--------|-----------
GET      GET /admin/cashin                                                                 12     0(0.00%) |     13       5      18     12 |    0.20        0.00
GET      GET /admin/settlements                                                             3     0(0.00%) |      8       5      12      7 |    0.10        0.00
GET      GET /admin/transactions                                                            4     0(0.00%) |     29      25      36     27 |    0.00        0.00
GET      GET /cashout/history                                                              11     0(0.00%) |     17       8      61     14 |    0.10        0.00
GET      GET /dashboard                                                                    24     0(0.00%) |     15       7      21     16 |    0.60        0.00
GET      GET /quote (API)                                                                  38     0(0.00%) |     10       4      17     10 |    0.70        0.00
GET      GET /send                                                                          6     0(0.00%) |     15       8      43     10 |    0.00        0.00
GET      GET /send/pay                                                                     78     0(0.00%) |      8       4      19      8 |    1.30        0.00
GET      GET /send/review                                                                  78     0(0.00%) |     14       5      77     13 |    1.30        0.00
GET      GET /transactions                                                                 21     0(0.00%) |     14       5      23     15 |    0.30        0.00
GET      GET /wallet                                                                       38     0(0.00%) |    261       7    1356     17 |    0.80        0.00
POST     POST /admin/cashin/{id}/received                                                  61     0(0.00%) |     16       9      49     14 |    0.80        0.00
POST     POST /cashout/preview                                                             26     0(0.00%) |     18       6      72     16 |    0.40        0.00
POST     POST /login                                                                       10     0(0.00%) |   1943    1500    2594   1600 |    0.00        0.00
POST     POST /remittances                                                                 66     0(0.00%) |     17      10      43     17 |    1.10        0.00
POST     POST /remittances (declined)                                                      12     0(0.00%) |     20      13      40     17 |    0.20        0.00
--------|----------------------------------------------------------------------------|-------|-------------|-------|-------|-------|-------|--------|-----------
         Aggregated                                                                       488     0(0.00%) |     73       4    2594     13 |    7.90        0.00

Type     Name                                                                          # reqs      # fails |    Avg     Min     Max    Med |   req/s  failures/s
--------|----------------------------------------------------------------------------|-------|-------------|-------|-------|-------|-------|--------|-----------
GET      GET /admin/cashin                                                                 12     0(0.00%) |     13       5      18     12 |    0.20        0.00
GET      GET /admin/settlements                                                             3     0(0.00%) |      8       5      12      7 |    0.10        0.00
GET      GET /admin/transactions                                                            4     0(0.00%) |     29      25      36     27 |    0.10        0.00
GET      GET /cashout/history                                                              11     0(0.00%) |     17       8      61     14 |    0.10        0.00
GET      GET /dashboard                                                                    25     0(0.00%) |     15       7      21     16 |    0.60        0.00
GET      GET /quote (API)                                                                  40     0(0.00%) |     10       4      17     10 |    0.70        0.00
GET      GET /send                                                                          6     0(0.00%) |     15       8      43     10 |    0.00        0.00
GET      GET /send/pay                                                                     82     0(0.00%) |      8       4      19      8 |    1.30        0.00
GET      GET /send/review                                                                  82     0(0.00%) |     14       5      77     13 |    1.30        0.00
GET      GET /transactions                                                                 22     0(0.00%) |     14       5      23     14 |    0.40        0.00
GET      GET /wallet                                                                       39     0(0.00%) |    287       7    1356     17 |    0.50        0.00
POST     POST /admin/cashin/{id}/received                                                  61     0(0.00%) |     16       9      49     14 |    0.80        0.00
POST     POST /cashout/preview                                                             28     0(0.00%) |     17       6      72     16 |    0.60        0.00
POST     POST /login                                                                       10     0(0.00%) |   1943    1500    2594   1600 |    0.00        0.00
POST     POST /remittances                                                                 69     0(0.00%) |     17      10      43     17 |    1.20        0.00
POST     POST /remittances (declined)                                                      13     0(0.00%) |     20      13      40     17 |    0.10        0.00
--------|----------------------------------------------------------------------------|-------|-------------|-------|-------|-------|-------|--------|-----------
         Aggregated                                                                       507     0(0.00%) |     73       4    2594     13 |    8.00        0.00

Type     Name                                                                          # reqs      # fails |    Avg     Min     Max    Med |   req/s  failures/s
--------|----------------------------------------------------------------------------|-------|-------------|-------|-------|-------|-------|--------|-----------
GET      GET /admin/cashin                                                                 13     0(0.00%) |     13       5      18     14 |    0.20        0.00
GET      GET /admin/settlements                                                             3     0(0.00%) |      8       5      12      7 |    0.00        0.00
GET      GET /admin/transactions                                                            4     0(0.00%) |     29      25      36     27 |    0.10        0.00
GET      GET /cashout/history                                                              11     0(0.00%) |     17       8      61     14 |    0.00        0.00
GET      GET /dashboard                                                                    25     0(0.00%) |     15       7      21     16 |    0.50        0.00
GET      GET /quote (API)                                                                  42     0(0.00%) |     10       4      17     10 |    0.60        0.00
GET      GET /send                                                                          6     0(0.00%) |     15       8      43     10 |    0.00        0.00
GET      GET /send/pay                                                                     84     0(0.00%) |      8       4      19      8 |    1.30        0.00
GET      GET /send/review                                                                  84     0(0.00%) |     14       5      77     13 |    1.30        0.00
GET      GET /transactions                                                                 22     0(0.00%) |     14       5      23     14 |    0.50        0.00
GET      GET /wallet                                                                       39     0(0.00%) |    287       7    1356     17 |    0.70        0.00
POST     POST /admin/cashin/{id}/received                                                  69     0(0.00%) |     16       9      49     14 |    0.80        0.00
POST     POST /cashout/preview                                                             28     0(0.00%) |     17       6      72     16 |    0.70        0.00
POST     POST /login                                                                       10     0(0.00%) |   1943    1500    2594   1600 |    0.00        0.00
POST     POST /remittances                                                                 71     0(0.00%) |     17      10      43     17 |    1.10        0.00
POST     POST /remittances (declined)                                                      13     0(0.00%) |     20      13      40     17 |    0.20        0.00
--------|----------------------------------------------------------------------------|-------|-------------|-------|-------|-------|-------|--------|-----------
         Aggregated                                                                       524     0(0.00%) |     71       4    2594     13 |    8.00        0.00

Type     Name                                                                          # reqs      # fails |    Avg     Min     Max    Med |   req/s  failures/s
--------|----------------------------------------------------------------------------|-------|-------------|-------|-------|-------|-------|--------|-----------
GET      GET /admin/cashin                                                                 13     0(0.00%) |     13       5      18     14 |    0.20        0.00
GET      GET /admin/settlements                                                             3     0(0.00%) |      8       5      12      7 |    0.00        0.00
GET      GET /admin/transactions                                                            4     0(0.00%) |     29      25      36     27 |    0.10        0.00
GET      GET /cashout/history                                                              11     0(0.00%) |     17       8      61     14 |    0.00        0.00
GET      GET /dashboard                                                                    26     0(0.00%) |     15       7      21     16 |    0.40        0.00
GET      GET /quote (API)                                                                  44     0(0.00%) |     10       4      17     10 |    0.70        0.00
GET      GET /send                                                                          6     0(0.00%) |     15       8      43     10 |    0.00        0.00
GET      GET /send/pay                                                                     86     0(0.00%) |      8       4      19      8 |    1.40        0.00
GET      GET /send/review                                                                  86     0(0.00%) |     14       5      77     13 |    1.40        0.00
GET      GET /transactions                                                                 23     0(0.00%) |     14       5      23     14 |    0.40        0.00
GET      GET /wallet                                                                       42     0(0.00%) |    359       7    1356     18 |    0.50        0.00
POST     POST /admin/cashin/{id}/received                                                  69     0(0.00%) |     16       9      49     14 |    1.20        0.00
POST     POST /cashout/preview                                                             28     0(0.00%) |     17       6      72     16 |    0.80        0.00
POST     POST /login                                                                       10     0(0.00%) |   1943    1500    2594   1600 |    0.00        0.00
POST     POST /remittances                                                                 72     0(0.00%) |     17      10      43     17 |    1.20        0.00
POST     POST /remittances (declined)                                                      14     0(0.00%) |     19      11      40     17 |    0.20        0.00
--------|----------------------------------------------------------------------------|-------|-------------|-------|-------|-------|-------|--------|-----------
         Aggregated                                                                       537     0(0.00%) |     77       4    2594     13 |    8.50        0.00

Type     Name                                                                          # reqs      # fails |    Avg     Min     Max    Med |   req/s  failures/s
--------|----------------------------------------------------------------------------|-------|-------------|-------|-------|-------|-------|--------|-----------
GET      GET /admin/cashin                                                                 13     0(0.00%) |     13       5      18     14 |    0.20        0.00
GET      GET /admin/settlements                                                             4     0(0.00%) |     10       5      15      7 |    0.00        0.00
GET      GET /admin/transactions                                                            4     0(0.00%) |     29      25      36     27 |    0.10        0.00
GET      GET /cashout/history                                                              12     0(0.00%) |     17       8      61     13 |    0.00        0.00
GET      GET /dashboard                                                                    28     0(0.00%) |     15       7      21     16 |    0.50        0.00
GET      GET /quote (API)                                                                  47     0(0.00%) |     10       4      17     10 |    0.80        0.00
GET      GET /send                                                                          6     0(0.00%) |     15       8      43     10 |    0.00        0.00
GET      GET /send/pay                                                                     86     0(0.00%) |      8       4      19      8 |    1.20        0.00
GET      GET /send/review                                                                  86     0(0.00%) |     14       5      77     13 |    1.20        0.00
GET      GET /transactions                                                                 25     0(0.00%) |     14       5      23     14 |    0.50        0.00
GET      GET /wallet                                                                       43     0(0.00%) |    383       7    1385     18 |    0.50        0.00
POST     POST /admin/cashin/{id}/received                                                  69     0(0.00%) |     16       9      49     14 |    1.10        0.00
POST     POST /cashout/preview                                                             29     0(0.00%) |     17       6      72     16 |    0.60        0.00
POST     POST /login                                                                       10     0(0.00%) |   1943    1500    2594   1600 |    0.00        0.00
POST     POST /remittances                                                                 72     0(0.00%) |     17      10      43     17 |    1.10        0.00
POST     POST /remittances (declined)                                                      14     0(0.00%) |     19      11      40     17 |    0.10        0.00
--------|----------------------------------------------------------------------------|-------|-------------|-------|-------|-------|-------|--------|-----------
         Aggregated                                                                       548     0(0.00%) |     78       4    2594     13 |    7.90        0.00

Type     Name                                                                          # reqs      # fails |    Avg     Min     Max    Med |   req/s  failures/s
--------|----------------------------------------------------------------------------|-------|-------------|-------|-------|-------|-------|--------|-----------
GET      GET /admin/cashin                                                                 14     0(0.00%) |     14       5      19     14 |    0.10        0.00
GET      GET /admin/settlements                                                             4     0(0.00%) |     10       5      15      7 |    0.10        0.00
GET      GET /admin/transactions                                                            4     0(0.00%) |     29      25      36     27 |    0.10        0.00
GET      GET /cashout/history                                                              13     0(0.00%) |     16       8      61     13 |    0.10        0.00
GET      GET /dashboard                                                                    29     0(0.00%) |     15       7      21     17 |    0.60        0.00
GET      GET /quote (API)                                                                  47     0(0.00%) |     10       4      17     10 |    0.90        0.00
GET      GET /send                                                                          6     0(0.00%) |     15       8      43     10 |    0.00        0.00
GET      GET /send/pay                                                                     88     0(0.00%) |      8       4      19      8 |    1.00        0.00
GET      GET /send/review                                                                  88     0(0.00%) |     14       5      77     13 |    1.00        0.00
GET      GET /transactions                                                                 26     0(0.00%) |     14       5      23     14 |    0.50        0.00
GET      GET /wallet                                                                       44     0(0.00%) |    406       7    1413     18 |    0.50        0.00
POST     POST /admin/cashin/{id}/received                                                  74     0(0.00%) |     16       9      49     14 |    0.80        0.00
POST     POST /cashout/preview                                                             29     0(0.00%) |     17       6      72     16 |    0.60        0.00
POST     POST /login                                                                       10     0(0.00%) |   1943    1500    2594   1600 |    0.00        0.00
POST     POST /remittances                                                                 74     0(0.00%) |     17      10      43     17 |    0.80        0.00
POST     POST /remittances (declined)                                                      14     0(0.00%) |     19      11      40     17 |    0.20        0.00
--------|----------------------------------------------------------------------------|-------|-------------|-------|-------|-------|-------|--------|-----------
         Aggregated                                                                       564     0(0.00%) |     78       4    2594     13 |    7.30        0.00

Type     Name                                                                          # reqs      # fails |    Avg     Min     Max    Med |   req/s  failures/s
--------|----------------------------------------------------------------------------|-------|-------------|-------|-------|-------|-------|--------|-----------
GET      GET /admin/cashin                                                                 14     0(0.00%) |     14       5      19     14 |    0.10        0.00
GET      GET /admin/settlements                                                             4     0(0.00%) |     10       5      15      7 |    0.10        0.00
GET      GET /admin/transactions                                                            4     0(0.00%) |     29      25      36     27 |    0.00        0.00
GET      GET /cashout/history                                                              14     0(0.00%) |     16       8      61     12 |    0.10        0.00
GET      GET /dashboard                                                                    30     0(0.00%) |     15       7      21     17 |    0.50        0.00
GET      GET /quote (API)                                                                  49     0(0.00%) |     10       4      17     10 |    0.90        0.00
GET      GET /send                                                                          6     0(0.00%) |     15       8      43     10 |    0.00        0.00
GET      GET /send/pay                                                                     92     0(0.00%) |      8       4      19      8 |    1.00        0.00
GET      GET /send/review                                                                  92     0(0.00%) |     13       5      77     13 |    1.00        0.00
GET      GET /transactions                                                                 26     0(0.00%) |     14       5      23     14 |    0.50        0.00
GET      GET /wallet                                                                       45     0(0.00%) |    426       7    1413     20 |    0.70        0.00
POST     POST /admin/cashin/{id}/received                                                  74     0(0.00%) |     16       9      49     14 |    0.80        0.00
POST     POST /cashout/preview                                                             29     0(0.00%) |     17       6      72     16 |    0.40        0.00
POST     POST /login                                                                       10     0(0.00%) |   1943    1500    2594   1600 |    0.00        0.00
POST     POST /remittances                                                                 75     0(0.00%) |     17      10      43     17 |    0.80        0.00
POST     POST /remittances (declined)                                                      17     0(0.00%) |     19      11      40     18 |    0.20        0.00
--------|----------------------------------------------------------------------------|-------|-------------|-------|-------|-------|-------|--------|-----------
         Aggregated                                                                       581     0(0.00%) |     79       4    2594     13 |    7.10        0.00

Type     Name                                                                          # reqs      # fails |    Avg     Min     Max    Med |   req/s  failures/s
--------|----------------------------------------------------------------------------|-------|-------------|-------|-------|-------|-------|--------|-----------
GET      GET /admin/cashin                                                                 15     0(0.00%) |     14       5      19     14 |    0.20        0.00
GET      GET /admin/settlements                                                             4     0(0.00%) |     10       5      15      7 |    0.10        0.00
GET      GET /admin/transactions                                                            4     0(0.00%) |     29      25      36     27 |    0.00        0.00
GET      GET /cashout/history                                                              15     0(0.00%) |     15       8      61     12 |    0.20        0.00
GET      GET /dashboard                                                                    30     0(0.00%) |     15       7      21     17 |    0.50        0.00
GET      GET /quote (API)                                                                  50     0(0.00%) |     10       4      17     10 |    0.90        0.00
GET      GET /send                                                                          6     0(0.00%) |     15       8      43     10 |    0.00        0.00
GET      GET /send/pay                                                                     95     0(0.00%) |      8       4      19      8 |    1.10        0.00
GET      GET /send/review                                                                  95     0(0.00%) |     14       5      77     13 |    1.10        0.00
GET      GET /transactions                                                                 27     0(0.00%) |     14       5      23     14 |    0.40        0.00
GET      GET /wallet                                                                       45     0(0.00%) |    426       7    1413     20 |    0.60        0.00
POST     POST /admin/cashin/{id}/received                                                  77     0(0.00%) |     16       9      49     14 |    1.30        0.00
POST     POST /cashout/preview                                                             31     0(0.00%) |     17       4      72     16 |    0.20        0.00
POST     POST /login                                                                       10     0(0.00%) |   1943    1500    2594   1600 |    0.00        0.00
POST     POST /remittances                                                                 78     0(0.00%) |     17      10      43     17 |    0.80        0.00
POST     POST /remittances (declined)                                                      17     0(0.00%) |     19      11      40     18 |    0.30        0.00
--------|----------------------------------------------------------------------------|-------|-------------|-------|-------|-------|-------|--------|-----------
         Aggregated                                                                       599     0(0.00%) |     77       4    2594     13 |    7.70        0.00

Type     Name                                                                          # reqs      # fails |    Avg     Min     Max    Med |   req/s  failures/s
--------|----------------------------------------------------------------------------|-------|-------------|-------|-------|-------|-------|--------|-----------
GET      GET /admin/cashin                                                                 16     0(0.00%) |     13       5      19     14 |    0.20        0.00
GET      GET /admin/settlements                                                             4     0(0.00%) |     10       5      15      7 |    0.10        0.00
GET      GET /admin/transactions                                                            4     0(0.00%) |     29      25      36     27 |    0.00        0.00
GET      GET /cashout/history                                                              16     0(0.00%) |     15       8      61     12 |    0.30        0.00
GET      GET /dashboard                                                                    33     0(0.00%) |     15       7      21     17 |    0.50        0.00
GET      GET /quote (API)                                                                  52     0(0.00%) |     10       4      17     10 |    0.90        0.00
GET      GET /send                                                                          6     0(0.00%) |     15       8      43     10 |    0.00        0.00
GET      GET /send/pay                                                                     97     0(0.00%) |      8       4      19      8 |    1.20        0.00
GET      GET /send/review                                                                  97     0(0.00%) |     14       5      77     13 |    1.20        0.00
GET      GET /transactions                                                                 27     0(0.00%) |     14       5      23     14 |    0.50        0.00
GET      GET /wallet                                                                       45     0(0.00%) |    426       7    1413     20 |    0.60        0.00
POST     POST /admin/cashin/{id}/received                                                  79     0(0.00%) |     16       9      49     14 |    0.80        0.00
POST     POST /cashout/preview                                                             31     0(0.00%) |     17       4      72     16 |    0.30        0.00
POST     POST /login                                                                       10     0(0.00%) |   1943    1500    2594   1600 |    0.00        0.00
POST     POST /remittances                                                                 80     0(0.00%) |     17      10      43     17 |    0.80        0.00
POST     POST /remittances (declined)                                                      17     0(0.00%) |     19      11      40     18 |    0.40        0.00
--------|----------------------------------------------------------------------------|-------|-------------|-------|-------|-------|-------|--------|-----------
         Aggregated                                                                       614     0(0.00%) |     75       4    2594     13 |    7.80        0.00

Type     Name                                                                          # reqs      # fails |    Avg     Min     Max    Med |   req/s  failures/s
--------|----------------------------------------------------------------------------|-------|-------------|-------|-------|-------|-------|--------|-----------
GET      GET /admin/cashin                                                                 16     0(0.00%) |     13       5      19     14 |    0.30        0.00
GET      GET /admin/settlements                                                             4     0(0.00%) |     10       5      15      7 |    0.10        0.00
GET      GET /admin/transactions                                                            4     0(0.00%) |     29      25      36     27 |    0.00        0.00
GET      GET /cashout/history                                                              17     0(0.00%) |     15       8      61     12 |    0.50        0.00
GET      GET /dashboard                                                                    34     0(0.00%) |     15       7      21     17 |    0.60        0.00
GET      GET /quote (API)                                                                  55     0(0.00%) |     10       4      17     10 |    0.80        0.00
GET      GET /send                                                                          6     0(0.00%) |     15       8      43     10 |    0.00        0.00
GET      GET /send/pay                                                                     99     0(0.00%) |      8       4      19      8 |    1.30        0.00
GET      GET /send/review                                                                  99     0(0.00%) |     13       5      77     13 |    1.30        0.00
GET      GET /transactions                                                                 27     0(0.00%) |     14       5      23     14 |    0.40        0.00
GET      GET /wallet                                                                       46     0(0.00%) |    447       7    1413     20 |    0.30        0.00
POST     POST /admin/cashin/{id}/received                                                  79     0(0.00%) |     16       9      49     14 |    0.90        0.00
POST     POST /cashout/preview                                                             31     0(0.00%) |     17       4      72     16 |    0.30        0.00
POST     POST /login                                                                       10     0(0.00%) |   1943    1500    2594   1600 |    0.00        0.00
POST     POST /remittances                                                                 82     0(0.00%) |     17       9      43     17 |    0.90        0.00
POST     POST /remittances (declined)                                                      17     0(0.00%) |     19      11      40     18 |    0.40        0.00
--------|----------------------------------------------------------------------------|-------|-------------|-------|-------|-------|-------|--------|-----------
         Aggregated                                                                       626     0(0.00%) |     76       4    2594     13 |    8.10        0.00

Type     Name                                                                          # reqs      # fails |    Avg     Min     Max    Med |   req/s  failures/s
--------|----------------------------------------------------------------------------|-------|-------------|-------|-------|-------|-------|--------|-----------
GET      GET /admin/cashin                                                                 17     0(0.00%) |     13       5      19     14 |    0.30        0.00
GET      GET /admin/settlements                                                             4     0(0.00%) |     10       5      15      7 |    0.00        0.00
GET      GET /admin/transactions                                                            4     0(0.00%) |     29      25      36     27 |    0.00        0.00
GET      GET /cashout/history                                                              17     0(0.00%) |     15       8      61     12 |    0.50        0.00
GET      GET /dashboard                                                                    35     0(0.00%) |     15       7      21     17 |    0.60        0.00
GET      GET /quote (API)                                                                  57     0(0.00%) |     10       4      17     11 |    0.80        0.00
GET      GET /send                                                                          6     0(0.00%) |     15       8      43     10 |    0.00        0.00
GET      GET /send/pay                                                                    102     0(0.00%) |      8       4      19      8 |    1.20        0.00
GET      GET /send/review                                                                 102     0(0.00%) |     13       5      77     13 |    1.20        0.00
GET      GET /transactions                                                                 28     0(0.00%) |     14       5      24     14 |    0.30        0.00
GET      GET /wallet                                                                       47     0(0.00%) |    465       7    1413     20 |    0.40        0.00
POST     POST /admin/cashin/{id}/received                                                  83     0(0.00%) |     16       9      49     14 |    1.00        0.00
POST     POST /cashout/preview                                                             32     0(0.00%) |     16       4      72     16 |    0.20        0.00
POST     POST /login                                                                       10     0(0.00%) |   1943    1500    2594   1600 |    0.00        0.00
POST     POST /remittances                                                                 84     0(0.00%) |     17       9      43     17 |    0.90        0.00
POST     POST /remittances (declined)                                                      18     0(0.00%) |     19      11      40     18 |    0.30        0.00
--------|----------------------------------------------------------------------------|-------|-------------|-------|-------|-------|-------|--------|-----------
         Aggregated                                                                       646     0(0.00%) |     76       4    2594     13 |    7.70        0.00

Type     Name                                                                          # reqs      # fails |    Avg     Min     Max    Med |   req/s  failures/s
--------|----------------------------------------------------------------------------|-------|-------------|-------|-------|-------|-------|--------|-----------
GET      GET /admin/cashin                                                                 18     0(0.00%) |     13       5      19     14 |    0.40        0.00
GET      GET /admin/settlements                                                             4     0(0.00%) |     10       5      15      7 |    0.00        0.00
GET      GET /admin/transactions                                                            4     0(0.00%) |     29      25      36     27 |    0.00        0.00
GET      GET /cashout/history                                                              18     0(0.00%) |     15       8      61     12 |    0.50        0.00
GET      GET /dashboard                                                                    37     0(0.00%) |     15       7      21     17 |    0.50        0.00
GET      GET /quote (API)                                                                  57     0(0.00%) |     10       4      17     11 |    0.90        0.00
GET      GET /send                                                                          6     0(0.00%) |     15       8      43     10 |    0.00        0.00
GET      GET /send/pay                                                                    104     0(0.00%) |      8       4      19      8 |    1.30        0.00
GET      GET /send/review                                                                 104     0(0.00%) |     13       5      77     13 |    1.30        0.00
GET      GET /transactions                                                                 29     0(0.00%) |     14       5      24     14 |    0.20        0.00
GET      GET /wallet                                                                       49     0(0.00%) |    500       7    1413     20 |    0.30        0.00
POST     POST /admin/cashin/{id}/received                                                  84     0(0.00%) |     16       9      49     14 |    1.40        0.00
POST     POST /cashout/preview                                                             32     0(0.00%) |     16       4      72     16 |    0.30        0.00
POST     POST /login                                                                       10     0(0.00%) |   1943    1500    2594   1600 |    0.00        0.00
POST     POST /remittances                                                                 85     0(0.00%) |     17       9      43     17 |    1.00        0.00
POST     POST /remittances (declined)                                                      19     0(0.00%) |     19      11      40     18 |    0.30        0.00
--------|----------------------------------------------------------------------------|-------|-------------|-------|-------|-------|-------|--------|-----------
         Aggregated                                                                       660     0(0.00%) |     79       4    2594     13 |    8.40        0.00

Type     Name                                                                          # reqs      # fails |    Avg     Min     Max    Med |   req/s  failures/s
--------|----------------------------------------------------------------------------|-------|-------------|-------|-------|-------|-------|--------|-----------
GET      GET /admin/cashin                                                                 19     0(0.00%) |     13       5      19     14 |    0.40        0.00
GET      GET /admin/settlements                                                             4     0(0.00%) |     10       5      15      7 |    0.00        0.00
GET      GET /admin/transactions                                                            4     0(0.00%) |     29      25      36     27 |    0.00        0.00
GET      GET /cashout/history                                                              20     0(0.00%) |     14       8      61     12 |    0.50        0.00
GET      GET /dashboard                                                                    40     0(0.00%) |     16       7      21     17 |    0.60        0.00
GET      GET /quote (API)                                                                  57     0(0.00%) |     10       4      17     11 |    0.90        0.00
GET      GET /send                                                                          6     0(0.00%) |     15       8      43     10 |    0.00        0.00
GET      GET /send/pay                                                                    106     0(0.00%) |      8       4      19      8 |    1.20        0.00
GET      GET /send/review                                                                 106     0(0.00%) |     13       5      77     13 |    1.20        0.00
GET      GET /transactions                                                                 30     0(0.00%) |     14       5      24     14 |    0.30        0.00
GET      GET /wallet                                                                       49     0(0.00%) |    500       7    1413     20 |    0.40        0.00
POST     POST /admin/cashin/{id}/received                                                  85     0(0.00%) |     16       9      49     14 |    1.00        0.00
POST     POST /cashout/preview                                                             32     0(0.00%) |     16       4      72     16 |    0.30        0.00
POST     POST /login                                                                       10     0(0.00%) |   1943    1500    2594   1600 |    0.00        0.00
POST     POST /remittances                                                                 85     0(0.00%) |     17       9      43     17 |    0.90        0.00
POST     POST /remittances (declined)                                                      21     0(0.00%) |     19      11      40     18 |    0.30        0.00
--------|----------------------------------------------------------------------------|-------|-------------|-------|-------|-------|-------|--------|-----------
         Aggregated                                                                       674     0(0.00%) |     78       4    2594     13 |    8.00        0.00

Type     Name                                                                          # reqs      # fails |    Avg     Min     Max    Med |   req/s  failures/s
--------|----------------------------------------------------------------------------|-------|-------------|-------|-------|-------|-------|--------|-----------
GET      GET /admin/cashin                                                                 19     0(0.00%) |     13       5      19     14 |    0.30        0.00
GET      GET /admin/settlements                                                             4     0(0.00%) |     10       5      15      7 |    0.00        0.00
GET      GET /admin/transactions                                                            4     0(0.00%) |     29      25      36     27 |    0.00        0.00
GET      GET /cashout/history                                                              20     0(0.00%) |     14       8      61     12 |    0.50        0.00
GET      GET /dashboard                                                                    40     0(0.00%) |     16       7      21     17 |    1.00        0.00
GET      GET /quote (API)                                                                  59     0(0.00%) |     10       4      17     11 |    0.70        0.00
GET      GET /send                                                                          6     0(0.00%) |     15       8      43     10 |    0.00        0.00
GET      GET /send/pay                                                                    109     0(0.00%) |      8       4      19      8 |    0.90        0.00
GET      GET /send/review                                                                 109     0(0.00%) |     13       5      77     13 |    0.90        0.00
GET      GET /transactions                                                                 31     0(0.00%) |     14       5      24     14 |    0.20        0.00
GET      GET /wallet                                                                       50     0(0.00%) |    523       7    1638     20 |    0.40        0.00
POST     POST /admin/cashin/{id}/received                                                  85     0(0.00%) |     16       9      49     14 |    0.70        0.00
POST     POST /cashout/preview                                                             33     0(0.00%) |     16       4      72     16 |    0.10        0.00
POST     POST /login                                                                       10     0(0.00%) |   1943    1500    2594   1600 |    0.00        0.00
POST     POST /remittances                                                                 88     0(0.00%) |     17       9      43     17 |    0.70        0.00
POST     POST /remittances (declined)                                                      21     0(0.00%) |     19      11      40     18 |    0.20        0.00
--------|----------------------------------------------------------------------------|-------|-------------|-------|-------|-------|-------|--------|-----------
         Aggregated                                                                       688     0(0.00%) |     79       4    2594     13 |    6.60        0.00

Type     Name                                                                          # reqs      # fails |    Avg     Min     Max    Med |   req/s  failures/s
--------|----------------------------------------------------------------------------|-------|-------------|-------|-------|-------|-------|--------|-----------
GET      GET /admin/cashin                                                                 19     0(0.00%) |     13       5      19     14 |    0.30        0.00
GET      GET /admin/settlements                                                             4     0(0.00%) |     10       5      15      7 |    0.00        0.00
GET      GET /admin/transactions                                                            5     0(0.00%) |     30      25      36     29 |    0.00        0.00
GET      GET /cashout/history                                                              20     0(0.00%) |     14       8      61     12 |    0.40        0.00
GET      GET /dashboard                                                                    42     0(0.00%) |     16       7      26     17 |    0.80        0.00
GET      GET /quote (API)                                                                  60     0(0.00%) |     10       4      17     11 |    0.60        0.00
GET      GET /send                                                                          6     0(0.00%) |     15       8      43     10 |    0.00        0.00
GET      GET /send/pay                                                                    112     0(0.00%) |      8       4      19      8 |    1.10        0.00
GET      GET /send/review                                                                 112     0(0.00%) |     13       5      77     13 |    1.10        0.00
GET      GET /transactions                                                                 31     0(0.00%) |     14       5      24     14 |    0.40        0.00
GET      GET /wallet                                                                       51     0(0.00%) |    537       7    1638     21 |    0.50        0.00
POST     POST /admin/cashin/{id}/received                                                  85     0(0.00%) |     16       9      49     14 |    0.70        0.00
POST     POST /cashout/preview                                                             35     0(0.00%) |     16       4      72     16 |    0.20        0.00
POST     POST /login                                                                       10     0(0.00%) |   1943    1500    2594   1600 |    0.00        0.00
POST     POST /remittances                                                                 91     0(0.00%) |     17       9      43     17 |    0.70        0.00
POST     POST /remittances (declined)                                                      21     0(0.00%) |     19      11      40     18 |    0.40        0.00
--------|----------------------------------------------------------------------------|-------|-------------|-------|-------|-------|-------|--------|-----------
         Aggregated                                                                       704     0(0.00%) |     79       4    2594     13 |    7.20        0.00

Type     Name                                                                          # reqs      # fails |    Avg     Min     Max    Med |   req/s  failures/s
--------|----------------------------------------------------------------------------|-------|-------------|-------|-------|-------|-------|--------|-----------
GET      GET /admin/cashin                                                                 20     0(0.00%) |     13       5      19     14 |    0.30        0.00
GET      GET /admin/settlements                                                             4     0(0.00%) |     10       5      15      7 |    0.00        0.00
GET      GET /admin/transactions                                                            5     0(0.00%) |     30      25      36     29 |    0.10        0.00
GET      GET /cashout/history                                                              20     0(0.00%) |     14       8      61     12 |    0.30        0.00
GET      GET /dashboard                                                                    42     0(0.00%) |     16       7      26     17 |    0.70        0.00
GET      GET /quote (API)                                                                  63     0(0.00%) |     10       4      17     11 |    0.50        0.00
GET      GET /send                                                                          6     0(0.00%) |     15       8      43     10 |    0.00        0.00
GET      GET /send/pay                                                                    114     0(0.00%) |      8       4      19      8 |    1.30        0.00
GET      GET /send/review                                                                 114     0(0.00%) |     13       5      77     13 |    1.30        0.00
GET      GET /transactions                                                                 31     0(0.00%) |     14       5      24     14 |    0.40        0.00
GET      GET /wallet                                                                       53     0(0.00%) |    566       7    1638     25 |    0.50        0.00
POST     POST /admin/cashin/{id}/received                                                  91     0(0.00%) |     16       9      98     14 |    0.60        0.00
POST     POST /cashout/preview                                                             35     0(0.00%) |     16       4      72     16 |    0.30        0.00
POST     POST /login                                                                       10     0(0.00%) |   1943    1500    2594   1600 |    0.00        0.00
POST     POST /remittances                                                                 93     0(0.00%) |     17       9      43     17 |    0.90        0.00
POST     POST /remittances (declined)                                                      21     0(0.00%) |     19      11      40     18 |    0.40        0.00
--------|----------------------------------------------------------------------------|-------|-------------|-------|-------|-------|-------|--------|-----------
         Aggregated                                                                       722     0(0.00%) |     81       4    2594     13 |    7.60        0.00

Type     Name                                                                          # reqs      # fails |    Avg     Min     Max    Med |   req/s  failures/s
--------|----------------------------------------------------------------------------|-------|-------------|-------|-------|-------|-------|--------|-----------
GET      GET /admin/cashin                                                                 20     0(0.00%) |     13       5      19     14 |    0.30        0.00
GET      GET /admin/settlements                                                             4     0(0.00%) |     10       5      15      7 |    0.00        0.00
GET      GET /admin/transactions                                                            5     0(0.00%) |     30      25      36     29 |    0.10        0.00
GET      GET /cashout/history                                                              20     0(0.00%) |     14       8      61     12 |    0.30        0.00
GET      GET /dashboard                                                                    43     0(0.00%) |     16       7      26     18 |    0.80        0.00
GET      GET /quote (API)                                                                  66     0(0.00%) |     10       4      17     10 |    0.60        0.00
GET      GET /send                                                                          6     0(0.00%) |     15       8      43     10 |    0.00        0.00
GET      GET /send/pay                                                                    115     0(0.00%) |      8       4      19      8 |    1.10        0.00
GET      GET /send/review                                                                 115     0(0.00%) |     13       5      77     13 |    1.10        0.00
GET      GET /transactions                                                                 32     0(0.00%) |     14       5      24     14 |    0.30        0.00
GET      GET /wallet                                                                       54     0(0.00%) |    580       7    1638     25 |    0.50        0.00
POST     POST /admin/cashin/{id}/received                                                  91     0(0.00%) |     16       9      98     14 |    0.70        0.00
POST     POST /cashout/preview                                                             36     0(0.00%) |     16       4      72     15 |    0.30        0.00
POST     POST /login                                                                       10     0(0.00%) |   1943    1500    2594   1600 |    0.00        0.00
POST     POST /remittances                                                                 94     0(0.00%) |     17       9      43     17 |    0.70        0.00
POST     POST /remittances (declined)                                                      21     0(0.00%) |     19      11      40     18 |    0.40        0.00
--------|----------------------------------------------------------------------------|-------|-------------|-------|-------|-------|-------|--------|-----------
         Aggregated                                                                       732     0(0.00%) |     82       4    2594     13 |    7.20        0.00

Type     Name                                                                          # reqs      # fails |    Avg     Min     Max    Med |   req/s  failures/s
--------|----------------------------------------------------------------------------|-------|-------------|-------|-------|-------|-------|--------|-----------
GET      GET /admin/cashin                                                                 21     0(0.00%) |     13       5      19     14 |    0.20        0.00
GET      GET /admin/settlements                                                             4     0(0.00%) |     10       5      15      7 |    0.00        0.00
GET      GET /admin/transactions                                                            5     0(0.00%) |     30      25      36     29 |    0.10        0.00
GET      GET /cashout/history                                                              20     0(0.00%) |     14       8      61     12 |    0.20        0.00
GET      GET /dashboard                                                                    44     0(0.00%) |     16       7      26     18 |    0.60        0.00
GET      GET /quote (API)                                                                  67     0(0.00%) |     10       4      17     11 |    0.90        0.00
GET      GET /send                                                                          6     0(0.00%) |     15       8      43     10 |    0.00        0.00
GET      GET /send/pay                                                                    118     0(0.00%) |      8       4      19      8 |    1.20        0.00
GET      GET /send/review                                                                 118     0(0.00%) |     13       5      77     13 |    1.20        0.00
GET      GET /transactions                                                                 34     0(0.00%) |     14       5      24     14 |    0.30        0.00
GET      GET /wallet                                                                       55     0(0.00%) |    592       7    1638     31 |    0.40        0.00
POST     POST /admin/cashin/{id}/received                                                  94     0(0.00%) |     16       9      98     14 |    0.70        0.00
POST     POST /cashout/preview                                                             39     0(0.00%) |     16       4      72     16 |    0.40        0.00
POST     POST /login                                                                       10     0(0.00%) |   1943    1500    2594   1600 |    0.00        0.00
POST     POST /remittances                                                                 97     0(0.00%) |     17       9      43     17 |    1.00        0.00
POST     POST /remittances (declined)                                                      21     0(0.00%) |     19      11      40     18 |    0.20        0.00
--------|----------------------------------------------------------------------------|-------|-------------|-------|-------|-------|-------|--------|-----------
         Aggregated                                                                       753     0(0.00%) |     82       4    2594     14 |    7.40        0.00

Type     Name                                                                          # reqs      # fails |    Avg     Min     Max    Med |   req/s  failures/s
--------|----------------------------------------------------------------------------|-------|-------------|-------|-------|-------|-------|--------|-----------
GET      GET /admin/cashin                                                                 21     0(0.00%) |     13       5      19     14 |    0.30        0.00
GET      GET /admin/settlements                                                             5     0(0.00%) |     10       5      15     11 |    0.00        0.00
GET      GET /admin/transactions                                                            5     0(0.00%) |     30      25      36     29 |    0.10        0.00
GET      GET /cashout/history                                                              20     0(0.00%) |     14       8      61     12 |    0.10        0.00
GET      GET /dashboard                                                                    44     0(0.00%) |     16       7      26     18 |    0.30        0.00
GET      GET /quote (API)                                                                  68     0(0.00%) |     10       4      17     10 |    0.90        0.00
GET      GET /send                                                                          6     0(0.00%) |     15       8      43     10 |    0.00        0.00
GET      GET /send/pay                                                                    121     0(0.00%) |      8       4      19      8 |    1.30        0.00
GET      GET /send/review                                                                 121     0(0.00%) |     13       5      77     13 |    1.30        0.00
GET      GET /transactions                                                                 35     0(0.00%) |     14       5      24     14 |    0.50        0.00
GET      GET /wallet                                                                       56     0(0.00%) |    605       7    1638     31 |    0.60        0.00
POST     POST /admin/cashin/{id}/received                                                  94     0(0.00%) |     16       9      98     14 |    1.00        0.00
POST     POST /cashout/preview                                                             41     0(0.00%) |     16       4      72     16 |    0.60        0.00
POST     POST /login                                                                       10     0(0.00%) |   1943    1500    2594   1600 |    0.00        0.00
POST     POST /remittances                                                                100     0(0.00%) |     17       9      43     17 |    1.10        0.00
POST     POST /remittances (declined)                                                      21     0(0.00%) |     19      11      40     18 |    0.20        0.00
--------|----------------------------------------------------------------------------|-------|-------------|-------|-------|-------|-------|--------|-----------
         Aggregated                                                                       768     0(0.00%) |     82       4    2594     14 |    8.30        0.00

Type     Name                                                                          # reqs      # fails |    Avg     Min     Max    Med |   req/s  failures/s
--------|----------------------------------------------------------------------------|-------|-------------|-------|-------|-------|-------|--------|-----------
GET      GET /admin/cashin                                                                 22     0(0.00%) |     13       5      19     14 |    0.20        0.00
GET      GET /admin/settlements                                                             5     0(0.00%) |     10       5      15     11 |    0.10        0.00
GET      GET /admin/transactions                                                            5     0(0.00%) |     30      25      36     29 |    0.10        0.00
GET      GET /cashout/history                                                              20     0(0.00%) |     14       8      61     12 |    0.00        0.00
GET      GET /dashboard                                                                    44     0(0.00%) |     16       7      26     18 |    0.40        0.00
GET      GET /quote (API)                                                                  69     0(0.00%) |     10       4      17     11 |    0.90        0.00
GET      GET /send                                                                          6     0(0.00%) |     15       8      43     10 |    0.00        0.00
GET      GET /send/pay                                                                    125     0(0.00%) |      8       4      19      8 |    1.20        0.00
GET      GET /send/review                                                                 125     0(0.00%) |     13       5      77     13 |    1.20        0.00
GET      GET /transactions                                                                 36     0(0.00%) |     15       5      24     14 |    0.40        0.00
GET      GET /wallet                                                                       56     0(0.00%) |    605       7    1638     31 |    0.50        0.00
POST     POST /admin/cashin/{id}/received                                                 102     0(0.00%) |     16       9      98     14 |    0.90        0.00
POST     POST /cashout/preview                                                             41     0(0.00%) |     16       4      72     16 |    0.70        0.00
POST     POST /login                                                                       10     0(0.00%) |   1943    1500    2594   1600 |    0.00        0.00
POST     POST /remittances                                                                103     0(0.00%) |     17       9      43     17 |    1.20        0.00
POST     POST /remittances (declined)                                                      22     0(0.00%) |     19      11      40     18 |    0.00        0.00
--------|----------------------------------------------------------------------------|-------|-------------|-------|-------|-------|-------|--------|-----------
         Aggregated                                                                       791     0(0.00%) |     80       4    2594     14 |    7.80        0.00

Type     Name                                                                          # reqs      # fails |    Avg     Min     Max    Med |   req/s  failures/s
--------|----------------------------------------------------------------------------|-------|-------------|-------|-------|-------|-------|--------|-----------
GET      GET /admin/cashin                                                                 22     0(0.00%) |     13       5      19     14 |    0.20        0.00
GET      GET /admin/settlements                                                             6     0(0.00%) |      9       5      15      7 |    0.10        0.00
GET      GET /admin/transactions                                                            5     0(0.00%) |     30      25      36     29 |    0.00        0.00
GET      GET /cashout/history                                                              20     0(0.00%) |     14       8      61     12 |    0.00        0.00
GET      GET /dashboard                                                                    45     0(0.00%) |     16       7      28     18 |    0.30        0.00
GET      GET /quote (API)                                                                  72     0(0.00%) |     10       4      24     11 |    1.00        0.00
GET      GET /send                                                                          6     0(0.00%) |     15       8      43     10 |    0.00        0.00
GET      GET /send/pay                                                                    126     0(0.00%) |      8       4      19      8 |    1.30        0.00
GET      GET /send/review                                                                 126     0(0.00%) |     13       5      77     13 |    1.30        0.00
GET      GET /transactions                                                                 37     0(0.00%) |     14       5      24     14 |    0.50        0.00
GET      GET /wallet                                                                       58     0(0.00%) |    627       7    1638     31 |    0.50        0.00
POST     POST /admin/cashin/{id}/received                                                 102     0(0.00%) |     16       9      98     14 |    0.90        0.00
POST     POST /cashout/preview                                                             42     0(0.00%) |     16       4      72     15 |    0.70        0.00
POST     POST /login                                                                       10     0(0.00%) |   1943    1500    2594   1600 |    0.00        0.00
POST     POST /remittances                                                                103     0(0.00%) |     17       9      43     17 |    1.20        0.00
POST     POST /remittances (declined)                                                      23     0(0.00%) |     19      11      40     18 |    0.10        0.00
--------|----------------------------------------------------------------------------|-------|-------------|-------|-------|-------|-------|--------|-----------
         Aggregated                                                                       803     0(0.00%) |     82       4    2594     14 |    8.10        0.00

Type     Name                                                                          # reqs      # fails |    Avg     Min     Max    Med |   req/s  failures/s
--------|----------------------------------------------------------------------------|-------|-------------|-------|-------|-------|-------|--------|-----------
GET      GET /admin/cashin                                                                 22     0(0.00%) |     13       5      19     14 |    0.20        0.00
GET      GET /admin/settlements                                                             6     0(0.00%) |      9       5      15      7 |    0.10        0.00
GET      GET /admin/transactions                                                            5     0(0.00%) |     30      25      36     29 |    0.00        0.00
GET      GET /cashout/history                                                              20     0(0.00%) |     14       8      61     12 |    0.00        0.00
GET      GET /dashboard                                                                    45     0(0.00%) |     16       7      28     18 |    0.30        0.00
GET      GET /quote (API)                                                                  75     0(0.00%) |     10       4      24     11 |    1.00        0.00
GET      GET /send                                                                          6     0(0.00%) |     15       8      43     10 |    0.00        0.00
GET      GET /send/pay                                                                    129     0(0.00%) |      8       4      19      8 |    1.40        0.00
GET      GET /send/review                                                                 129     0(0.00%) |     13       5      77     13 |    1.40        0.00
GET      GET /transactions                                                                 37     0(0.00%) |     14       5      24     14 |    0.50        0.00
GET      GET /wallet                                                                       60     0(0.00%) |    649       7    1638     95 |    0.60        0.00
POST     POST /admin/cashin/{id}/received                                                 102     0(0.00%) |     16       9      98     14 |    1.20        0.00
POST     POST /cashout/preview                                                             43     0(0.00%) |     16       4      72     15 |    0.70        0.00
POST     POST /login                                                                       10     0(0.00%) |   1943    1500    2594   1600 |    0.00        0.00
POST     POST /remittances                                                                105     0(0.00%) |     17       9      43     17 |    1.20        0.00
POST     POST /remittances (declined)                                                      24     0(0.00%) |     19      11      40     18 |    0.20        0.00
--------|----------------------------------------------------------------------------|-------|-------------|-------|-------|-------|-------|--------|-----------
         Aggregated                                                                       818     0(0.00%) |     84       4    2594     14 |    8.80        0.00

Type     Name                                                                          # reqs      # fails |    Avg     Min     Max    Med |   req/s  failures/s
--------|----------------------------------------------------------------------------|-------|-------------|-------|-------|-------|-------|--------|-----------
GET      GET /admin/cashin                                                                 22     0(0.00%) |     13       5      19     14 |    0.20        0.00
GET      GET /admin/settlements                                                             6     0(0.00%) |      9       5      15      7 |    0.20        0.00
GET      GET /admin/transactions                                                            6     0(0.00%) |     30      25      36     29 |    0.00        0.00
GET      GET /cashout/history                                                              20     0(0.00%) |     14       8      61     12 |    0.00        0.00
GET      GET /dashboard                                                                    45     0(0.00%) |     16       7      28     18 |    0.30        0.00
GET      GET /quote (API)                                                                  77     0(0.00%) |     10       4      24     11 |    0.90        0.00
GET      GET /send                                                                          6     0(0.00%) |     15       8      43     10 |    0.00        0.00
GET      GET /send/pay                                                                    132     0(0.00%) |      8       4      19      8 |    1.40        0.00
GET      GET /send/review                                                                 132     0(0.00%) |     13       5      77     13 |    1.40        0.00
GET      GET /transactions                                                                 38     0(0.00%) |     15       5      24     14 |    0.50        0.00
GET      GET /wallet                                                                       60     0(0.00%) |    649       7    1638     95 |    0.60        0.00
POST     POST /admin/cashin/{id}/received                                                 102     0(0.00%) |     16       9      98     14 |    1.10        0.00
POST     POST /cashout/preview                                                             44     0(0.00%) |     16       4      72     15 |    0.70        0.00
POST     POST /login                                                                       10     0(0.00%) |   1943    1500    2594   1600 |    0.00        0.00
POST     POST /remittances                                                                107     0(0.00%) |     17       9      43     17 |    1.10        0.00
POST     POST /remittances (declined)                                                      25     0(0.00%) |     19      11      40     18 |    0.30        0.00
--------|----------------------------------------------------------------------------|-------|-------------|-------|-------|-------|-------|--------|-----------
         Aggregated                                                                       832     0(0.00%) |     83       4    2594     14 |    8.70        0.00

Type     Name                                                                          # reqs      # fails |    Avg     Min     Max    Med |   req/s  failures/s
--------|----------------------------------------------------------------------------|-------|-------------|-------|-------|-------|-------|--------|-----------
GET      GET /admin/cashin                                                                 22     0(0.00%) |     13       5      19     14 |    0.10        0.00
GET      GET /admin/settlements                                                             6     0(0.00%) |      9       5      15      7 |    0.20        0.00
GET      GET /admin/transactions                                                            6     0(0.00%) |     30      25      36     29 |    0.00        0.00
GET      GET /cashout/history                                                              20     0(0.00%) |     14       8      61     12 |    0.00        0.00
GET      GET /dashboard                                                                    46     0(0.00%) |     17       7      28     18 |    0.20        0.00
GET      GET /quote (API)                                                                  79     0(0.00%) |     10       4      24     11 |    1.00        0.00
GET      GET /send                                                                          6     0(0.00%) |     15       8      43     10 |    0.00        0.00
GET      GET /send/pay                                                                    135     0(0.00%) |      8       4      19      8 |    1.40        0.00
GET      GET /send/review                                                                 135     0(0.00%) |     13       5      77     13 |    1.40        0.00
GET      GET /transactions                                                                 39     0(0.00%) |     15       5      24     15 |    0.40        0.00
GET      GET /wallet                                                                       62     0(0.00%) |    673       7    1638    120 |    0.50        0.00
POST     POST /admin/cashin/{id}/received                                                 102     0(0.00%) |     16       9      98     14 |    0.80        0.00
POST     POST /cashout/preview                                                             46     0(0.00%) |     16       4      72     15 |    0.60        0.00
POST     POST /login                                                                       10     0(0.00%) |   1943    1500    2594   1600 |    0.00        0.00
POST     POST /remittances                                                                110     0(0.00%) |     17       9      43     17 |    1.00        0.00
POST     POST /remittances (declined)                                                      25     0(0.00%) |     19      11      40     18 |    0.40        0.00
--------|----------------------------------------------------------------------------|-------|-------------|-------|-------|-------|-------|--------|-----------
         Aggregated                                                                       849     0(0.00%) |     85       4    2594     14 |    8.00        0.00

Type     Name                                                                          # reqs      # fails |    Avg     Min     Max    Med |   req/s  failures/s
--------|----------------------------------------------------------------------------|-------|-------------|-------|-------|-------|-------|--------|-----------
GET      GET /admin/cashin                                                                 23     0(0.00%) |     13       5      19     14 |    0.10        0.00
GET      GET /admin/settlements                                                             6     0(0.00%) |      9       5      15      7 |    0.10        0.00
GET      GET /admin/transactions                                                            6     0(0.00%) |     30      25      36     29 |    0.10        0.00
GET      GET /cashout/history                                                              20     0(0.00%) |     14       8      61     12 |    0.00        0.00
GET      GET /dashboard                                                                    47     0(0.00%) |     16       6      28     18 |    0.20        0.00
GET      GET /quote (API)                                                                  82     0(0.00%) |     10       4      24     11 |    1.10        0.00
GET      GET /send                                                                          6     0(0.00%) |     15       8      43     10 |    0.00        0.00
GET      GET /send/pay                                                                    137     0(0.00%) |      8       4      19      8 |    1.30        0.00
GET      GET /send/review                                                                 137     0(0.00%) |     13       5      77     13 |    1.30        0.00
GET      GET /transactions                                                                 39     0(0.00%) |     15       5      24     15 |    0.30        0.00
GET      GET /wallet                                                                       62     0(0.00%) |    673       7    1638    120 |    0.60        0.00
POST     POST /admin/cashin/{id}/received                                                 110     0(0.00%) |     16       8      98     14 |    0.80        0.00
POST     POST /cashout/preview                                                             46     0(0.00%) |     16       4      72     15 |    0.60        0.00
POST     POST /login                                                                       10     0(0.00%) |   1943    1500    2594   1600 |    0.00        0.00
POST     POST /remittances                                                                111     0(0.00%) |     17       9      43     17 |    0.90        0.00
POST     POST /remittances (declined)                                                      26     0(0.00%) |     19      11      40     18 |    0.40        0.00
--------|----------------------------------------------------------------------------|-------|-------------|-------|-------|-------|-------|--------|-----------
         Aggregated                                                                       868     0(0.00%) |     83       4    2594     13 |    7.80        0.00

Type     Name                                                                          # reqs      # fails |    Avg     Min     Max    Med |   req/s  failures/s
--------|----------------------------------------------------------------------------|-------|-------------|-------|-------|-------|-------|--------|-----------
GET      GET /admin/cashin                                                                 24     0(0.00%) |     13       5      19     14 |    0.20        0.00
GET      GET /admin/settlements                                                             6     0(0.00%) |      9       5      15      7 |    0.10        0.00
GET      GET /admin/transactions                                                            6     0(0.00%) |     30      25      36     29 |    0.10        0.00
GET      GET /cashout/history                                                              20     0(0.00%) |     14       8      61     12 |    0.00        0.00
GET      GET /dashboard                                                                    48     0(0.00%) |     16       6      28     18 |    0.30        0.00
GET      GET /quote (API)                                                                  84     0(0.00%) |     10       4      24     11 |    1.20        0.00
GET      GET /send                                                                          6     0(0.00%) |     15       8      43     10 |    0.00        0.00
GET      GET /send/pay                                                                    139     0(0.00%) |      8       4      19      8 |    1.30        0.00
GET      GET /send/review                                                                 139     0(0.00%) |     13       5      77     13 |    1.30        0.00
GET      GET /transactions                                                                 40     0(0.00%) |     15       5      24     14 |    0.30        0.00
GET      GET /wallet                                                                       64     0(0.00%) |    691       7    1638   1200 |    0.60        0.00
POST     POST /admin/cashin/{id}/received                                                 112     0(0.00%) |     16       8      98     14 |    1.60        0.00
POST     POST /cashout/preview                                                             49     0(0.00%) |     15       4      72     15 |    0.50        0.00
POST     POST /login                                                                       10     0(0.00%) |   1943    1500    2594   1600 |    0.00        0.00
POST     POST /remittances                                                                112     0(0.00%) |     17       9      43     17 |    0.90        0.00
POST     POST /remittances (declined)                                                      27     0(0.00%) |     19      11      40     18 |    0.40        0.00
--------|----------------------------------------------------------------------------|-------|-------------|-------|-------|-------|-------|--------|-----------
         Aggregated                                                                       886     0(0.00%) |     84       4    2594     13 |    8.80        0.00

Type     Name                                                                          # reqs      # fails |    Avg     Min     Max    Med |   req/s  failures/s
--------|----------------------------------------------------------------------------|-------|-------------|-------|-------|-------|-------|--------|-----------
GET      GET /admin/cashin                                                                 24     0(0.00%) |     13       5      19     14 |    0.10        0.00
GET      GET /admin/settlements                                                             6     0(0.00%) |      9       5      15      7 |    0.10        0.00
GET      GET /admin/transactions                                                            6     0(0.00%) |     30      25      36     29 |    0.10        0.00
GET      GET /cashout/history                                                              20     0(0.00%) |     14       8      61     12 |    0.00        0.00
GET      GET /dashboard                                                                    50     0(0.00%) |     16       6      28     18 |    0.20        0.00
GET      GET /quote (API)                                                                  86     0(0.00%) |     10       4      24     11 |    1.00        0.00
GET      GET /send                                                                          6     0(0.00%) |     15       8      43     10 |    0.00        0.00
GET      GET /send/pay                                                                    141     0(0.00%) |      8       4      19      8 |    1.20        0.00
GET      GET /send/review                                                                 141     0(0.00%) |     13       5      77     13 |    1.20        0.00
GET      GET /transactions                                                                 40     0(0.00%) |     15       5      24     14 |    0.40        0.00
GET      GET /wallet                                                                       64     0(0.00%) |    691       7    1638   1200 |    0.60        0.00
POST     POST /admin/cashin/{id}/received                                                 112     0(0.00%) |     16       8      98     14 |    0.80        0.00
POST     POST /cashout/preview                                                             50     0(0.00%) |     15       4      72     15 |    0.50        0.00
POST     POST /login                                                                       10     0(0.00%) |   1943    1500    2594   1600 |    0.00        0.00
POST     POST /remittances                                                                114     0(0.00%) |     17       9      43     17 |    0.90        0.00
POST     POST /remittances (declined)                                                      27     0(0.00%) |     19      11      40     18 |    0.30        0.00
--------|----------------------------------------------------------------------------|-------|-------------|-------|-------|-------|-------|--------|-----------
         Aggregated                                                                       897     0(0.00%) |     83       4    2594     13 |    7.40        0.00

Type     Name                                                                          # reqs      # fails |    Avg     Min     Max    Med |   req/s  failures/s
--------|----------------------------------------------------------------------------|-------|-------------|-------|-------|-------|-------|--------|-----------
GET      GET /admin/cashin                                                                 24     0(0.00%) |     13       5      19     14 |    0.20        0.00
GET      GET /admin/settlements                                                             7     0(0.00%) |      9       5      15     11 |    0.00        0.00
GET      GET /admin/transactions                                                            6     0(0.00%) |     30      25      36     29 |    0.10        0.00
GET      GET /cashout/history                                                              20     0(0.00%) |     14       8      61     12 |    0.00        0.00
GET      GET /dashboard                                                                    51     0(0.00%) |     16       6      28     18 |    0.40        0.00
GET      GET /quote (API)                                                                  86     0(0.00%) |     10       4      24     11 |    1.00        0.00
GET      GET /send                                                                          6     0(0.00%) |     15       8      43     10 |    0.00        0.00
GET      GET /send/pay                                                                    143     0(0.00%) |      8       4      19      8 |    1.00        0.00
GET      GET /send/review                                                                 143     0(0.00%) |     13       5      77     13 |    1.00        0.00
GET      GET /transactions                                                                 41     0(0.00%) |     15       5      24     14 |    0.30        0.00
GET      GET /wallet                                                                       65     0(0.00%) |    702       7    1638   1200 |    0.50        0.00
POST     POST /admin/cashin/{id}/received                                                 112     0(0.00%) |     16       8      98     14 |    1.00        0.00
POST     POST /cashout/preview                                                             52     0(0.00%) |     15       4      72     15 |    0.70        0.00
POST     POST /login                                                                       10     0(0.00%) |   1943    1500    2594   1600 |    0.00        0.00
POST     POST /remittances                                                                116     0(0.00%) |     17       9      43     17 |    0.70        0.00
POST     POST /remittances (declined)                                                      27     0(0.00%) |     19      11      40     18 |    0.30        0.00
--------|----------------------------------------------------------------------------|-------|-------------|-------|-------|-------|-------|--------|-----------
         Aggregated                                                                       909     0(0.00%) |     84       4    2594     13 |    7.20        0.00

Type     Name                                                                          # reqs      # fails |    Avg     Min     Max    Med |   req/s  failures/s
--------|----------------------------------------------------------------------------|-------|-------------|-------|-------|-------|-------|--------|-----------
GET      GET /admin/cashin                                                                 24     0(0.00%) |     13       5      19     14 |    0.20        0.00
GET      GET /admin/settlements                                                             7     0(0.00%) |      9       5      15     11 |    0.10        0.00
GET      GET /admin/transactions                                                            6     0(0.00%) |     30      25      36     29 |    0.10        0.00
GET      GET /cashout/history                                                              21     0(0.00%) |     14       8      61     12 |    0.00        0.00
GET      GET /dashboard                                                                    51     0(0.00%) |     16       6      28     18 |    0.50        0.00
GET      GET /quote (API)                                                                  88     0(0.00%) |     10       4      24     11 |    1.00        0.00
GET      GET /send                                                                          6     0(0.00%) |     15       8      43     10 |    0.00        0.00
GET      GET /send/pay                                                                    146     0(0.00%) |      8       4      19      8 |    1.00        0.00
GET      GET /send/review                                                                 146     0(0.00%) |     13       5      77     13 |    1.00        0.00
GET      GET /transactions                                                                 41     0(0.00%) |     15       5      24     14 |    0.30        0.00
GET      GET /wallet                                                                       66     0(0.00%) |    713       7    1638   1200 |    0.50        0.00
POST     POST /admin/cashin/{id}/received                                                 112     0(0.00%) |     16       8      98     14 |    1.00        0.00
POST     POST /cashout/preview                                                             52     0(0.00%) |     15       4      72     15 |    0.70        0.00
POST     POST /login                                                                       10     0(0.00%) |   1943    1500    2594   1600 |    0.00        0.00
POST     POST /remittances                                                                119     0(0.00%) |     17       9      43     17 |    0.80        0.00
POST     POST /remittances (declined)                                                      27     0(0.00%) |     19      11      40     18 |    0.20        0.00
--------|----------------------------------------------------------------------------|-------|-------------|-------|-------|-------|-------|--------|-----------
         Aggregated                                                                       922     0(0.00%) |     85       4    2594     13 |    7.40        0.00

Type     Name                                                                          # reqs      # fails |    Avg     Min     Max    Med |   req/s  failures/s
--------|----------------------------------------------------------------------------|-------|-------------|-------|-------|-------|-------|--------|-----------
GET      GET /admin/cashin                                                                 25     0(0.00%) |     14       5      19     14 |    0.20        0.00
GET      GET /admin/settlements                                                             7     0(0.00%) |      9       5      15     11 |    0.10        0.00
GET      GET /admin/transactions                                                            6     0(0.00%) |     30      25      36     29 |    0.00        0.00
GET      GET /cashout/history                                                              21     0(0.00%) |     14       8      61     12 |    0.00        0.00
GET      GET /dashboard                                                                    52     0(0.00%) |     16       6      28     18 |    0.50        0.00
GET      GET /quote (API)                                                                  90     0(0.00%) |     10       4      24     11 |    0.90        0.00
GET      GET /send                                                                          6     0(0.00%) |     15       8      43     10 |    0.00        0.00
GET      GET /send/pay                                                                    148     0(0.00%) |      8       4      19      8 |    1.20        0.00
GET      GET /send/review                                                                 148     0(0.00%) |     13       5      77     13 |    1.20        0.00
GET      GET /transactions                                                                 41     0(0.00%) |     15       5      24     14 |    0.30        0.00
GET      GET /wallet                                                                       67     0(0.00%) |    722       7    1638   1300 |    0.50        0.00
POST     POST /admin/cashin/{id}/received                                                 119     0(0.00%) |     16       8      98     14 |    1.00        0.00
POST     POST /cashout/preview                                                             52     0(0.00%) |     15       4      72     15 |    0.60        0.00
POST     POST /login                                                                       10     0(0.00%) |   1943    1500    2594   1600 |    0.00        0.00
POST     POST /remittances                                                                120     0(0.00%) |     17       9      43     17 |    1.00        0.00
POST     POST /remittances (declined)                                                      28     0(0.00%) |     18      10      40     18 |    0.20        0.00
--------|----------------------------------------------------------------------------|-------|-------------|-------|-------|-------|-------|--------|-----------
         Aggregated                                                                       940     0(0.00%) |     85       4    2594     13 |    7.70        0.00

Type     Name                                                                          # reqs      # fails |    Avg     Min     Max    Med |   req/s  failures/s
--------|----------------------------------------------------------------------------|-------|-------------|-------|-------|-------|-------|--------|-----------
GET      GET /admin/cashin                                                                 25     0(0.00%) |     14       5      19     14 |    0.20        0.00
GET      GET /admin/settlements                                                             8     0(0.00%) |      9       5      15     11 |    0.10        0.00
GET      GET /admin/transactions                                                            6     0(0.00%) |     30      25      36     29 |    0.00        0.00
GET      GET /cashout/history                                                              22     0(0.00%) |     14       6      61     12 |    0.10        0.00
GET      GET /dashboard                                                                    54     0(0.00%) |     17       6      28     18 |    0.40        0.00
GET      GET /quote (API)                                                                  91     0(0.00%) |     10       4      24     11 |    0.80        0.00
GET      GET /send                                                                          6     0(0.00%) |     15       8      43     10 |    0.00        0.00
GET      GET /send/pay                                                                    152     0(0.00%) |      8       4      19      8 |    1.10        0.00
GET      GET /send/review                                                                 152     0(0.00%) |     13       5      77     13 |    1.10        0.00
GET      GET /transactions                                                                 43     0(0.00%) |     15       5      24     14 |    0.20        0.00
GET      GET /wallet                                                                       69     0(0.00%) |    739       7    1638   1300 |    0.40        0.00
POST     POST /admin/cashin/{id}/received                                                 119     0(0.00%) |     16       8      98     14 |    0.90        0.00
POST     POST /cashout/preview                                                             52     0(0.00%) |     15       4      72     15 |    0.60        0.00
POST     POST /login                                                                       10     0(0.00%) |   1943    1500    2594   1600 |    0.00        0.00
POST     POST /remittances                                                                121     0(0.00%) |     17       9      43     17 |    0.90        0.00
POST     POST /remittances (declined)                                                      31     0(0.00%) |     18      10      40     18 |    0.20        0.00
--------|----------------------------------------------------------------------------|-------|-------------|-------|-------|-------|-------|--------|-----------
         Aggregated                                                                       961     0(0.00%) |     86       4    2594     13 |    7.00        0.00

Type     Name                                                                          # reqs      # fails |    Avg     Min     Max    Med |   req/s  failures/s
--------|----------------------------------------------------------------------------|-------|-------------|-------|-------|-------|-------|--------|-----------
GET      GET /admin/cashin                                                                 25     0(0.00%) |     14       5      19     14 |    0.20        0.00
GET      GET /admin/settlements                                                             8     0(0.00%) |      9       5      15     11 |    0.20        0.00
GET      GET /admin/transactions                                                            6     0(0.00%) |     30      25      36     29 |    0.00        0.00
GET      GET /cashout/history                                                              22     0(0.00%) |     14       6      61     12 |    0.10        0.00
GET      GET /dashboard                                                                    55     0(0.00%) |     16       6      28     18 |    0.70        0.00
GET      GET /quote (API)                                                                  94     0(0.00%) |     10       4      24     11 |    0.90        0.00
GET      GET /send                                                                          6     0(0.00%) |     15       8      43     10 |    0.00        0.00
GET      GET /send/pay                                                                    154     0(0.00%) |      8       4      19      8 |    1.30        0.00
GET      GET /send/review                                                                 154     0(0.00%) |     13       5      77     13 |    1.30        0.00
GET      GET /transactions                                                                 43     0(0.00%) |     15       5      24     14 |    0.30        0.00
GET      GET /wallet                                                                       71     0(0.00%) |    755       7    1638   1300 |    0.50        0.00
POST     POST /admin/cashin/{id}/received                                                 119     0(0.00%) |     16       8      98     14 |    0.90        0.00
POST     POST /cashout/preview                                                             52     0(0.00%) |     15       4      72     15 |    0.50        0.00
POST     POST /login                                                                       10     0(0.00%) |   1943    1500    2594   1600 |    0.00        0.00
POST     POST /remittances                                                                123     0(0.00%) |     17       9      43     17 |    0.80        0.00
POST     POST /remittances (declined)                                                      31     0(0.00%) |     18      10      40     18 |    0.40        0.00
--------|----------------------------------------------------------------------------|-------|-------------|-------|-------|-------|-------|--------|-----------
         Aggregated                                                                       973     0(0.00%) |     87       4    2594     13 |    8.10        0.00

[2026-09-28 14:00:04,278] Mac/INFO/locust.main: --run-time limit reached, shutting down

Requests: 983  failures: 0  median: 13 ms  p95: 1200.0 ms  rps: 8.2
[2026-09-28 14:00:04,306] Mac/INFO/locust.main: Shutting down (exit code 0)
Type     Name                                                                          # reqs      # fails |    Avg     Min     Max    Med |   req/s  failures/s
--------|----------------------------------------------------------------------------|-------|-------------|-------|-------|-------|-------|--------|-----------
GET      GET /admin/cashin                                                                 25     0(0.00%) |     14       5      19     14 |    0.21        0.00
GET      GET /admin/settlements                                                             8     0(0.00%) |      9       5      15     11 |    0.07        0.00
GET      GET /admin/transactions                                                            7     0(0.00%) |     30      25      36     30 |    0.06        0.00
GET      GET /cashout/history                                                              23     0(0.00%) |     14       6      61     12 |    0.19        0.00
GET      GET /dashboard                                                                    55     0(0.00%) |     16       6      28     18 |    0.46        0.00
GET      GET /quote (API)                                                                  94     0(0.00%) |     10       4      24     11 |    0.78        0.00
GET      GET /send                                                                          6     0(0.00%) |     15       8      43     10 |    0.05        0.00
GET      GET /send/pay                                                                    156     0(0.00%) |      8       4      19      8 |    1.30        0.00
GET      GET /send/review                                                                 156     0(0.00%) |     13       5      77     13 |    1.30        0.00
GET      GET /transactions                                                                 44     0(0.00%) |     14       5      24     14 |    0.37        0.00
GET      GET /wallet                                                                       72     0(0.00%) |    762       7    1638   1300 |    0.60        0.00
POST     POST /admin/cashin/{id}/received                                                 119     0(0.00%) |     16       8      98     14 |    0.99        0.00
POST     POST /cashout/preview                                                             52     0(0.00%) |     15       4      72     15 |    0.43        0.00
POST     POST /login                                                                       10     0(0.00%) |   1943    1500    2594   1600 |    0.08        0.00
POST     POST /remittances                                                                124     0(0.00%) |     17       9      43     17 |    1.03        0.00
POST     POST /remittances (declined)                                                      32     0(0.00%) |     18      10      40     18 |    0.27        0.00
--------|----------------------------------------------------------------------------|-------|-------------|-------|-------|-------|-------|--------|-----------
         Aggregated                                                                       983     0(0.00%) |     88       4    2594     13 |    8.20        0.00

Response time percentiles (approximated)
Type     Name                                                                                  50%    66%    75%    80%    90%    95%    98%    99%  99.9% 99.99%   100% # reqs
--------|--------------------------------------------------------------------------------|--------|------|------|------|------|------|------|------|------|------|------|------
GET      GET /admin/cashin                                                                      14     16     17     17     18     19     19     19     19     19     19     25
GET      GET /admin/settlements                                                                 11     12     13     13     15     15     15     15     15     15     15      8
GET      GET /admin/transactions                                                                30     32     34     34     36     36     36     36     36     36     36      7
GET      GET /cashout/history                                                                   12     13     14     14     18     18     62     62     62     62     62     23
GET      GET /dashboard                                                                         18     19     20     20     21     24     26     29     29     29     29     55
GET      GET /quote (API)                                                                       12     12     13     14     15     18     18     25     25     25     25     94
GET      GET /send                                                                              11     11     14     14     43     43     43     43     43     43     43      6
GET      GET /send/pay                                                                           8      9      9     10     11     13     14     17     19     19     19    156
GET      GET /send/review                                                                       13     14     14     15     16     18     24     69     78     78     78    156
GET      GET /transactions                                                                      14     17     18     19     20     24     24     24     24     24     24     44
GET      GET /wallet                                                                          1300   1300   1300   1300   1400   1400   1400   1600   1600   1600   1600     72
POST     POST /admin/cashin/{id}/received                                                       14     16     18     20     23     30     47     49     98     98     98    119
POST     POST /cashout/preview                                                                  15     16     17     18     20     23     28     72     72     72     72     52
POST     POST /login                                                                          1700   2500   2500   2600   2600   2600   2600   2600   2600   2600   2600     10
POST     POST /remittances                                                                      17     18     19     19     21     23     35     40     44     44     44    124
POST     POST /remittances (declined)                                                           18     18     19     20     21     38     40     40     40     40     40     32
--------|--------------------------------------------------------------------------------|--------|------|------|------|------|------|------|------|------|------|------|------
         Aggregated                                                                             13     16     18     19     23   1200   1300   1500   2600   2600   2600    983

