[2026-09-28 14:00:11,747] Mac/INFO/locust.main: Starting Locust 2.32.4
[2026-09-28 14:00:11,750] Mac/INFO/locust.main: Run time limit set to 120 seconds
Type     Name                                                                          # reqs      # fails |    Avg     Min     Max    Med |   req/s  failures/s
--------|----------------------------------------------------------------------------|-------|-------------|-------|-------|-------|-------|--------|-----------
--------|----------------------------------------------------------------------------|-------|-------------|-------|-------|-------|-------|--------|-----------
         Aggregated                                                                         0     0(0.00%) |      0       0       0      0 |    0.00        0.00

[2026-09-28 14:00:11,750] Mac/INFO/locust.runners: Ramping to 25 users at a rate of 5.00 per second
Type     Name                                                                          # reqs      # fails |    Avg     Min     Max    Med |   req/s  failures/s
--------|----------------------------------------------------------------------------|-------|-------------|-------|-------|-------|-------|--------|-----------
POST     POST /login                                                                        1     0(0.00%) |   1971    1971    1971   1971 |    0.00        0.00
--------|----------------------------------------------------------------------------|-------|-------------|-------|-------|-------|-------|--------|-----------
         Aggregated                                                                         1     0(0.00%) |   1971    1971    1971   1971 |    0.00        0.00

Type     Name                                                                          # reqs      # fails |    Avg     Min     Max    Med |   req/s  failures/s
--------|----------------------------------------------------------------------------|-------|-------------|-------|-------|-------|-------|--------|-----------
GET      GET /send                                                                          1     0(0.00%) |    497     497     497    497 |    0.00        0.00
GET      GET /wallet                                                                        2     0(0.00%) |     43      18      69     18 |    0.00        0.00
POST     POST /login                                                                        6     0(0.00%) |   1782     728    2752   1800 |    0.00        0.00
--------|----------------------------------------------------------------------------|-------|-------------|-------|-------|-------|-------|--------|-----------
         Aggregated                                                                         9     0(0.00%) |   1253      18    2752   1700 |    0.00        0.00

[2026-09-28 14:00:15,764] Mac/INFO/locust.runners: All users spawned: {"AdminUser": 3, "RecipientUser": 7, "SenderUser": 15} (25 total users)
Type     Name                                                                          # reqs      # fails |    Avg     Min     Max    Med |   req/s  failures/s
--------|----------------------------------------------------------------------------|-------|-------------|-------|-------|-------|-------|--------|-----------
GET      GET /admin/settlements                                                             1     0(0.00%) |    495     495     495    495 |    0.00        0.00
GET      GET /quote (API)                                                                   1     0(0.00%) |   2082    2082    2082   2082 |    0.00        0.00
GET      GET /send                                                                          3     0(0.00%) |   1388     497    1834   1800 |    0.25        0.00
GET      GET /transactions                                                                  1     0(0.00%) |   1218    1218    1218   1218 |    0.00        0.00
GET      GET /wallet                                                                        5     0(0.00%) |   1230      18    2569   1700 |    0.50        0.00
POST     POST /login                                                                       16     0(0.00%) |   3260     728    5781   2800 |    1.50        0.00
--------|----------------------------------------------------------------------------|-------|-------------|-------|-------|-------|-------|--------|-----------
         Aggregated                                                                        27     0(0.00%) |   2454      18    5781   2000 |    2.25        0.00

Type     Name                                                                          # reqs      # fails |    Avg     Min     Max    Med |   req/s  failures/s
--------|----------------------------------------------------------------------------|-------|-------------|-------|-------|-------|-------|--------|-----------
GET      GET /admin/cashin                                                                  1     0(0.00%) |     21      21      21     21 |    0.00        0.00
GET      GET /admin/settlements                                                             2     0(0.00%) |    260      25     495     25 |    0.00        0.00
GET      GET /cashout/history                                                               2     0(0.00%) |     28      18      39     18 |    0.00        0.00
GET      GET /dashboard                                                                     4     0(0.00%) |     24       9      40     15 |    0.00        0.00
GET      GET /quote (API)                                                                   6     0(0.00%) |    361       9    2082     16 |    0.00        0.00
GET      GET /send                                                                         15     0(0.00%) |    426      19    1834    250 |    0.50        0.00
GET      GET /send/pay                                                                      7     0(0.00%) |     32       5      59     32 |    0.00        0.00
GET      GET /send/review                                                                   7     0(0.00%) |    221       8    1462     15 |    0.00        0.00
GET      GET /transactions                                                                  4     0(0.00%) |    319      11    1218     23 |    0.00        0.00
GET      GET /wallet                                                                       11     0(0.00%) |    685      12    2569    280 |    0.33        0.00
POST     POST /cashout/preview                                                              2     0(0.00%) |     12      10      15     10 |    0.00        0.00
POST     POST /login                                                                       25     0(0.00%) |   3063     728    5781   2800 |    1.00        0.00
POST     POST /remittances                                                                  7     0(0.00%) |     39      13      89     30 |    0.00        0.00
--------|----------------------------------------------------------------------------|-------|-------------|-------|-------|-------|-------|--------|-----------
         Aggregated                                                                        93     0(0.00%) |   1040       5    5781     69 |    1.83        0.00

Type     Name                                                                          # reqs      # fails |    Avg     Min     Max    Med |   req/s  failures/s
--------|----------------------------------------------------------------------------|-------|-------------|-------|-------|-------|-------|--------|-----------
GET      GET /admin/cashin                                                                  4     0(0.00%) |     15       7      21     16 |    0.12        0.00
GET      GET /admin/settlements                                                             2     0(0.00%) |    260      25     495     25 |    0.25        0.00
GET      GET /cashout/history                                                               3     0(0.00%) |     40      18      64     39 |    0.25        0.00
GET      GET /dashboard                                                                     8     0(0.00%) |     17       6      40     15 |    0.38        0.00
GET      GET /quote (API)                                                                   9     0(0.00%) |    244       5    2082     13 |    0.50        0.00
GET      GET /send                                                                         15     0(0.00%) |    426      19    1834    250 |    1.88        0.00
GET      GET /send/pay                                                                     14     0(0.00%) |     20       5      59      9 |    0.62        0.00
GET      GET /send/review                                                                  14     0(0.00%) |    116       8    1462     12 |    0.62        0.00
GET      GET /transactions                                                                  6     0(0.00%) |    215       6    1218     11 |    0.50        0.00
GET      GET /wallet                                                                       14     0(0.00%) |    540       4    2569     30 |    1.12        0.00
POST     POST /admin/cashin/{id}/received                                                  12     0(0.00%) |     18       6      48     13 |    0.00        0.00
POST     POST /cashout/preview                                                              5     0(0.00%) |     14      10      15     15 |    0.12        0.00
POST     POST /login                                                                       25     0(0.00%) |   3063     728    5781   2800 |    3.12        0.00
POST     POST /remittances                                                                 13     0(0.00%) |     29      13      89     18 |    0.62        0.00
POST     POST /remittances (declined)                                                       1     0(0.00%) |     18      18      18     18 |    0.00        0.00
--------|----------------------------------------------------------------------------|-------|-------------|-------|-------|-------|-------|--------|-----------
         Aggregated                                                                       145     0(0.00%) |    672       4    5781     22 |   10.12        0.00

Type     Name                                                                          # reqs      # fails |    Avg     Min     Max    Med |   req/s  failures/s
--------|----------------------------------------------------------------------------|-------|-------------|-------|-------|-------|-------|--------|-----------
GET      GET /admin/cashin                                                                  6     0(0.00%) |     16       7      21     17 |    0.30        0.00
GET      GET /admin/settlements                                                             2     0(0.00%) |    260      25     495     25 |    0.20        0.00
GET      GET /admin/transactions                                                            1     0(0.00%) |     24      24      24     24 |    0.00        0.00
GET      GET /cashout/history                                                               5     0(0.00%) |     29      10      64     18 |    0.20        0.00
GET      GET /dashboard                                                                    10     0(0.00%) |     16       6      40     12 |    0.70        0.00
GET      GET /quote (API)                                                                  17     0(0.00%) |    133       5    2082     10 |    0.70        0.00
GET      GET /send                                                                         15     0(0.00%) |    426      19    1834    250 |    1.50        0.00
GET      GET /send/pay                                                                     19     0(0.00%) |     17       5      59      9 |    1.30        0.00
GET      GET /send/review                                                                  19     0(0.00%) |     88       6    1462     12 |    1.30        0.00
GET      GET /transactions                                                                  7     0(0.00%) |    186       6    1218     11 |    0.60        0.00
GET      GET /wallet                                                                       15     0(0.00%) |    504       4    2569     30 |    1.40        0.00
POST     POST /admin/cashin/{id}/received                                                  24     0(0.00%) |     16       6      48     14 |    0.70        0.00
POST     POST /cashout/preview                                                              7     0(0.00%) |     13       6      17     15 |    0.30        0.00
POST     POST /login                                                                       25     0(0.00%) |   3063     728    5781   2800 |    2.50        0.00
POST     POST /remittances                                                                 18     0(0.00%) |     26      13      89     18 |    1.20        0.00
POST     POST /remittances (declined)                                                       1     0(0.00%) |     18      18      18     18 |    0.10        0.00
--------|----------------------------------------------------------------------------|-------|-------------|-------|-------|-------|-------|--------|-----------
         Aggregated                                                                       191     0(0.00%) |    513       4    5781     17 |   13.00        0.00

Type     Name                                                                          # reqs      # fails |    Avg     Min     Max    Med |   req/s  failures/s
--------|----------------------------------------------------------------------------|-------|-------------|-------|-------|-------|-------|--------|-----------
GET      GET /admin/cashin                                                                  6     0(0.00%) |     16       7      21     17 |    0.40        0.00
GET      GET /admin/settlements                                                             2     0(0.00%) |    260      25     495     25 |    0.20        0.00
GET      GET /admin/transactions                                                            1     0(0.00%) |     24      24      24     24 |    0.10        0.00
GET      GET /cashout/history                                                               7     0(0.00%) |     25      10      64     17 |    0.50        0.00
GET      GET /dashboard                                                                    13     0(0.00%) |     14       6      40     11 |    0.90        0.00
GET      GET /quote (API)                                                                  21     0(0.00%) |    109       5    2082     11 |    1.40        0.00
GET      GET /send                                                                         15     0(0.00%) |    426      19    1834    250 |    1.50        0.00
GET      GET /send/pay                                                                     26     0(0.00%) |     14       5      59      8 |    1.70        0.00
GET      GET /send/review                                                                  26     0(0.00%) |     67       6    1462     12 |    1.70        0.00
GET      GET /transactions                                                                  7     0(0.00%) |    186       6    1218     11 |    0.60        0.00
GET      GET /wallet                                                                       19     0(0.00%) |    471       4    2569     25 |    1.40        0.00
POST     POST /admin/cashin/{id}/received                                                  24     0(0.00%) |     16       6      48     14 |    1.20        0.00
POST     POST /cashout/preview                                                              8     0(0.00%) |     14       6      17     15 |    0.60        0.00
POST     POST /login                                                                       25     0(0.00%) |   3063     728    5781   2800 |    2.50        0.00
POST     POST /remittances                                                                 25     0(0.00%) |     23      13      89     17 |    1.60        0.00
POST     POST /remittances (declined)                                                       1     0(0.00%) |     18      18      18     18 |    0.10        0.00
--------|----------------------------------------------------------------------------|-------|-------------|-------|-------|-------|-------|--------|-----------
         Aggregated                                                                       226     0(0.00%) |    441       4    5781     16 |   16.40        0.00

Type     Name                                                                          # reqs      # fails |    Avg     Min     Max    Med |   req/s  failures/s
--------|----------------------------------------------------------------------------|-------|-------------|-------|-------|-------|-------|--------|-----------
GET      GET /admin/cashin                                                                  9     0(0.00%) |     13       4      21     16 |    0.60        0.00
GET      GET /admin/settlements                                                             2     0(0.00%) |    260      25     495     25 |    0.20        0.00
GET      GET /admin/transactions                                                            1     0(0.00%) |     24      24      24     24 |    0.10        0.00
GET      GET /cashout/history                                                               9     0(0.00%) |     21       8      64     16 |    0.60        0.00
GET      GET /dashboard                                                                    16     0(0.00%) |     14       6      40     11 |    1.00        0.00
GET      GET /quote (API)                                                                  24     0(0.00%) |     97       3    2082     10 |    1.90        0.00
GET      GET /send                                                                         15     0(0.00%) |    426      19    1834    250 |    1.40        0.00
GET      GET /send/pay                                                                     32     0(0.00%) |     13       4      59      8 |    2.20        0.00
GET      GET /send/review                                                                  32     0(0.00%) |     56       4    1462     11 |    2.30        0.00
GET      GET /transactions                                                                 10     0(0.00%) |    132       6    1218     10 |    0.70        0.00
GET      GET /wallet                                                                       23     0(0.00%) |    390       4    2569     18 |    1.70        0.00
POST     POST /admin/cashin/{id}/received                                                  34     0(0.00%) |     15       6      48     13 |    2.40        0.00
POST     POST /cashout/preview                                                             10     0(0.00%) |     13       6      17     15 |    0.70        0.00
POST     POST /login                                                                       25     0(0.00%) |   3063     728    5781   2800 |    1.90        0.00
POST     POST /remittances                                                                 30     0(0.00%) |     21      10      89     17 |    2.10        0.00
POST     POST /remittances (declined)                                                       2     0(0.00%) |     14      10      18     10 |    0.10        0.00
--------|----------------------------------------------------------------------------|-------|-------------|-------|-------|-------|-------|--------|-----------
         Aggregated                                                                       274     0(0.00%) |    366       3    5781     14 |   19.90        0.00

Type     Name                                                                          # reqs      # fails |    Avg     Min     Max    Med |   req/s  failures/s
--------|----------------------------------------------------------------------------|-------|-------------|-------|-------|-------|-------|--------|-----------
GET      GET /admin/cashin                                                                 10     0(0.00%) |     13       4      21     14 |    0.80        0.00
GET      GET /admin/settlements                                                             2     0(0.00%) |    260      25     495     25 |    0.20        0.00
GET      GET /admin/transactions                                                            1     0(0.00%) |     24      24      24     24 |    0.10        0.00
GET      GET /cashout/history                                                              10     0(0.00%) |     20       8      64     12 |    0.80        0.00
GET      GET /dashboard                                                                    19     0(0.00%) |     13       6      40     12 |    1.30        0.00
GET      GET /quote (API)                                                                  27     0(0.00%) |     87       3    2082     10 |    2.20        0.00
GET      GET /send                                                                         15     0(0.00%) |    426      19    1834    250 |    1.20        0.00
GET      GET /send/pay                                                                     37     0(0.00%) |     12       4      59      8 |    2.90        0.00
GET      GET /send/review                                                                  37     0(0.00%) |     50       4    1462     12 |    2.90        0.00
GET      GET /transactions                                                                 14     0(0.00%) |     98       6    1218     11 |    0.90        0.00
GET      GET /wallet                                                                       26     0(0.00%) |    347       4    2569     17 |    2.00        0.00
POST     POST /admin/cashin/{id}/received                                                  37     0(0.00%) |     15       6      48     13 |    3.10        0.00
POST     POST /cashout/preview                                                             14     0(0.00%) |     13       6      17     14 |    0.90        0.00
POST     POST /login                                                                       25     0(0.00%) |   3063     728    5781   2800 |    1.90        0.00
POST     POST /remittances                                                                 35     0(0.00%) |     21      10      89     17 |    2.80        0.00
POST     POST /remittances (declined)                                                       2     0(0.00%) |     14      10      18     10 |    0.10        0.00
--------|----------------------------------------------------------------------------|-------|-------------|-------|-------|-------|-------|--------|-----------
         Aggregated                                                                       311     0(0.00%) |    323       3    5781     14 |   24.10        0.00

Type     Name                                                                          # reqs      # fails |    Avg     Min     Max    Med |   req/s  failures/s
--------|----------------------------------------------------------------------------|-------|-------------|-------|-------|-------|-------|--------|-----------
GET      GET /admin/cashin                                                                 13     0(0.00%) |     13       4      21     14 |    0.90        0.00
GET      GET /admin/settlements                                                             2     0(0.00%) |    260      25     495     25 |    0.00        0.00
GET      GET /admin/transactions                                                            1     0(0.00%) |     24      24      24     24 |    0.10        0.00
GET      GET /cashout/history                                                              13     0(0.00%) |     19       8      64     13 |    0.70        0.00
GET      GET /dashboard                                                                    23     0(0.00%) |     14       6      40     13 |    1.50        0.00
GET      GET /quote (API)                                                                  29     0(0.00%) |     81       3    2082     10 |    2.20        0.00
GET      GET /send                                                                         15     0(0.00%) |    426      19    1834    250 |    0.00        0.00
GET      GET /send/pay                                                                     43     0(0.00%) |     11       4      59      8 |    2.90        0.00
GET      GET /send/review                                                                  43     0(0.00%) |     44       4    1462     12 |    2.90        0.00
GET      GET /transactions                                                                 17     0(0.00%) |     82       5    1218     11 |    0.90        0.00
GET      GET /wallet                                                                       28     0(0.00%) |    323       4    2569     17 |    1.50        0.00
POST     POST /admin/cashin/{id}/received                                                  43     0(0.00%) |     15       6      48     14 |    3.70        0.00
POST     POST /cashout/preview                                                             15     0(0.00%) |     13       6      17     14 |    1.20        0.00
POST     POST /login                                                                       25     0(0.00%) |   3063     728    5781   2800 |    0.00        0.00
POST     POST /remittances                                                                 39     0(0.00%) |     20      10      89     17 |    2.70        0.00
POST     POST /remittances (declined)                                                       4     0(0.00%) |     14      10      18     13 |    0.20        0.00
--------|----------------------------------------------------------------------------|-------|-------------|-------|-------|-------|-------|--------|-----------
         Aggregated                                                                       353     0(0.00%) |    286       3    5781     13 |   21.40        0.00

Type     Name                                                                          # reqs      # fails |    Avg     Min     Max    Med |   req/s  failures/s
--------|----------------------------------------------------------------------------|-------|-------------|-------|-------|-------|-------|--------|-----------
GET      GET /admin/cashin                                                                 14     0(0.00%) |     13       4      21     12 |    1.00        0.00
GET      GET /admin/settlements                                                             2     0(0.00%) |    260      25     495     25 |    0.00        0.00
GET      GET /admin/transactions                                                            1     0(0.00%) |     24      24      24     24 |    0.10        0.00
GET      GET /cashout/history                                                              14     0(0.00%) |     18       8      64     12 |    1.00        0.00
GET      GET /dashboard                                                                    26     0(0.00%) |     14       6      40     13 |    1.40        0.00
GET      GET /quote (API)                                                                  33     0(0.00%) |     72       3    2082     10 |    2.10        0.00
GET      GET /send                                                                         15     0(0.00%) |    426      19    1834    250 |    0.00        0.00
GET      GET /send/pay                                                                     48     0(0.00%) |     10       4      59      8 |    2.80        0.00
GET      GET /send/review                                                                  48     0(0.00%) |     41       4    1462     11 |    2.80        0.00
GET      GET /transactions                                                                 18     0(0.00%) |     78       5    1218     10 |    1.00        0.00
GET      GET /wallet                                                                       30     0(0.00%) |    302       4    2569     16 |    1.20        0.00
POST     POST /admin/cashin/{id}/received                                                  47     0(0.00%) |     15       6      48     13 |    3.60        0.00
POST     POST /cashout/preview                                                             18     0(0.00%) |     13       5      19     14 |    1.20        0.00
POST     POST /login                                                                       25     0(0.00%) |   3063     728    5781   2800 |    0.00        0.00
POST     POST /remittances                                                                 44     0(0.00%) |     19      10      89     16 |    2.50        0.00
POST     POST /remittances (declined)                                                       4     0(0.00%) |     14      10      18     13 |    0.30        0.00
--------|----------------------------------------------------------------------------|-------|-------------|-------|-------|-------|-------|--------|-----------
         Aggregated                                                                       387     0(0.00%) |    262       3    5781     13 |   21.00        0.00

Type     Name                                                                          # reqs      # fails |    Avg     Min     Max    Med |   req/s  failures/s
--------|----------------------------------------------------------------------------|-------|-------------|-------|-------|-------|-------|--------|-----------
GET      GET /admin/cashin                                                                 16     0(0.00%) |     12       4      21     12 |    1.00        0.00
GET      GET /admin/settlements                                                             3     0(0.00%) |    177      10     495     25 |    0.00        0.00
GET      GET /admin/transactions                                                            1     0(0.00%) |     24      24      24     24 |    0.00        0.00
GET      GET /cashout/history                                                              18     0(0.00%) |     17       8      64     12 |    0.90        0.00
GET      GET /dashboard                                                                    30     0(0.00%) |     14       6      40     14 |    1.70        0.00
GET      GET /quote (API)                                                                  38     0(0.00%) |     64       3    2082     10 |    1.80        0.00
GET      GET /send                                                                         15     0(0.00%) |    426      19    1834    250 |    0.00        0.00
GET      GET /send/pay                                                                     54     0(0.00%) |     10       4      59      8 |    3.10        0.00
GET      GET /send/review                                                                  54     0(0.00%) |     37       4    1462     11 |    3.10        0.00
GET      GET /transactions                                                                 19     0(0.00%) |     74       5    1218     11 |    1.20        0.00
GET      GET /wallet                                                                       34     0(0.00%) |    268       4    2569     15 |    1.50        0.00
POST     POST /admin/cashin/{id}/received                                                  53     0(0.00%) |     15       6      48     13 |    3.50        0.00
POST     POST /cashout/preview                                                             18     0(0.00%) |     13       5      19     14 |    1.10        0.00
POST     POST /login                                                                       25     0(0.00%) |   3063     728    5781   2800 |    0.00        0.00
POST     POST /remittances                                                                 49     0(0.00%) |     19      10      89     16 |    2.80        0.00
POST     POST /remittances (declined)                                                       5     0(0.00%) |     13      10      18     13 |    0.30        0.00
--------|----------------------------------------------------------------------------|-------|-------------|-------|-------|-------|-------|--------|-----------
         Aggregated                                                                       432     0(0.00%) |    236       3    5781     13 |   22.00        0.00

Type     Name                                                                          # reqs      # fails |    Avg     Min     Max    Med |   req/s  failures/s
--------|----------------------------------------------------------------------------|-------|-------------|-------|-------|-------|-------|--------|-----------
GET      GET /admin/cashin                                                                 18     0(0.00%) |     12       4      21     12 |    1.00        0.00
GET      GET /admin/settlements                                                             3     0(0.00%) |    177      10     495     25 |    0.10        0.00
GET      GET /admin/transactions                                                            2     0(0.00%) |     18      12      24     12 |    0.00        0.00
GET      GET /cashout/history                                                              21     0(0.00%) |     16       8      64     12 |    1.00        0.00
GET      GET /dashboard                                                                    30     0(0.00%) |     14       6      40     14 |    1.90        0.00
GET      GET /quote (API)                                                                  41     0(0.00%) |     60       3    2082     10 |    1.90        0.00
GET      GET /send                                                                         15     0(0.00%) |    426      19    1834    250 |    0.00        0.00
GET      GET /send/pay                                                                     65     0(0.00%) |      9       4      59      8 |    3.00        0.00
GET      GET /send/review                                                                  65     0(0.00%) |     32       4    1462     11 |    2.90        0.00
GET      GET /transactions                                                                 22     0(0.00%) |     65       5    1218     11 |    1.20        0.00
GET      GET /wallet                                                                       37     0(0.00%) |    247       4    2569     15 |    1.30        0.00
POST     POST /admin/cashin/{id}/received                                                  61     0(0.00%) |     15       6      48     13 |    2.90        0.00
POST     POST /cashout/preview                                                             19     0(0.00%) |     13       5      19     14 |    1.10        0.00
POST     POST /login                                                                       25     0(0.00%) |   3063     728    5781   2800 |    0.00        0.00
POST     POST /remittances                                                                 55     0(0.00%) |     18       9      89     16 |    2.60        0.00
POST     POST /remittances (declined)                                                       9     0(0.00%) |     13      10      18     12 |    0.40        0.00
--------|----------------------------------------------------------------------------|-------|-------------|-------|-------|-------|-------|--------|-----------
         Aggregated                                                                       488     0(0.00%) |    210       3    5781     12 |   21.30        0.00

Type     Name                                                                          # reqs      # fails |    Avg     Min     Max    Med |   req/s  failures/s
--------|----------------------------------------------------------------------------|-------|-------------|-------|-------|-------|-------|--------|-----------
GET      GET /admin/cashin                                                                 18     0(0.00%) |     12       4      21     12 |    0.80        0.00
GET      GET /admin/settlements                                                             4     0(0.00%) |    134       8     495     10 |    0.10        0.00
GET      GET /admin/transactions                                                            2     0(0.00%) |     18      12      24     12 |    0.00        0.00
GET      GET /cashout/history                                                              23     0(0.00%) |     16       8      64     12 |    1.20        0.00
GET      GET /dashboard                                                                    33     0(0.00%) |     14       6      40     14 |    1.70        0.00
GET      GET /quote (API)                                                                  45     0(0.00%) |     55       3    2082     10 |    1.70        0.00
GET      GET /send                                                                         15     0(0.00%) |    426      19    1834    250 |    0.00        0.00
GET      GET /send/pay                                                                     70     0(0.00%) |      9       4      59      8 |    2.80        0.00
GET      GET /send/review                                                                  70     0(0.00%) |     31       4    1462     11 |    2.80        0.00
GET      GET /transactions                                                                 23     0(0.00%) |     63       5    1218     11 |    1.30        0.00
GET      GET /wallet                                                                       40     0(0.00%) |    229       4    2569     15 |    1.40        0.00
POST     POST /admin/cashin/{id}/received                                                  61     0(0.00%) |     15       6      48     13 |    2.20        0.00
POST     POST /cashout/preview                                                             20     0(0.00%) |     12       5      19     13 |    0.90        0.00
POST     POST /login                                                                       25     0(0.00%) |   3063     728    5781   2800 |    0.00        0.00
POST     POST /remittances                                                                 59     0(0.00%) |     18       9      89     16 |    2.40        0.00
POST     POST /remittances (declined)                                                      11     0(0.00%) |     14      10      18     13 |    0.40        0.00
--------|----------------------------------------------------------------------------|-------|-------------|-------|-------|-------|-------|--------|-----------
         Aggregated                                                                       519     0(0.00%) |    198       3    5781     12 |   19.70        0.00

Type     Name                                                                          # reqs      # fails |    Avg     Min     Max    Med |   req/s  failures/s
--------|----------------------------------------------------------------------------|-------|-------------|-------|-------|-------|-------|--------|-----------
GET      GET /admin/cashin                                                                 19     0(0.00%) |     12       4      21     14 |    0.80        0.00
GET      GET /admin/settlements                                                             5     0(0.00%) |    109       8     495     10 |    0.10        0.00
GET      GET /admin/transactions                                                            2     0(0.00%) |     18      12      24     12 |    0.10        0.00
GET      GET /cashout/history                                                              23     0(0.00%) |     16       8      64     12 |    1.40        0.00
GET      GET /dashboard                                                                    37     0(0.00%) |     13       6      40     13 |    1.50        0.00
GET      GET /quote (API)                                                                  46     0(0.00%) |     54       3    2082      9 |    1.60        0.00
GET      GET /send                                                                         15     0(0.00%) |    426      19    1834    250 |    0.00        0.00
GET      GET /send/pay                                                                     79     0(0.00%) |      9       4      59      8 |    3.40        0.00
GET      GET /send/review                                                                  79     0(0.00%) |     28       4    1462     11 |    3.40        0.00
GET      GET /transactions                                                                 25     0(0.00%) |     59       5    1218     11 |    1.00        0.00
GET      GET /wallet                                                                       47     0(0.00%) |    230       4    2569     14 |    1.40        0.00
POST     POST /admin/cashin/{id}/received                                                  71     0(0.00%) |     14       6      48     13 |    2.40        0.00
POST     POST /cashout/preview                                                             21     0(0.00%) |     12       5      19     13 |    0.70        0.00
POST     POST /login                                                                       25     0(0.00%) |   3063     728    5781   2800 |    0.00        0.00
POST     POST /remittances                                                                 67     0(0.00%) |     18       9      89     16 |    2.60        0.00
POST     POST /remittances (declined)                                                      12     0(0.00%) |     14      10      18     13 |    0.80        0.00
--------|----------------------------------------------------------------------------|-------|-------------|-------|-------|-------|-------|--------|-----------
         Aggregated                                                                       573     0(0.00%) |    183       3    5781     12 |   21.20        0.00

Type     Name                                                                          # reqs      # fails |    Avg     Min     Max    Med |   req/s  failures/s
--------|----------------------------------------------------------------------------|-------|-------------|-------|-------|-------|-------|--------|-----------
GET      GET /admin/cashin                                                                 21     0(0.00%) |     12       4      21     12 |    0.50        0.00
GET      GET /admin/settlements                                                             5     0(0.00%) |    109       8     495     10 |    0.20        0.00
GET      GET /admin/transactions                                                            2     0(0.00%) |     18      12      24     12 |    0.10        0.00
GET      GET /cashout/history                                                              26     0(0.00%) |     15       6      64     12 |    1.10        0.00
GET      GET /dashboard                                                                    37     0(0.00%) |     13       6      40     13 |    1.30        0.00
GET      GET /quote (API)                                                                  51     0(0.00%) |     50       3    2082     10 |    1.70        0.00
GET      GET /send                                                                         15     0(0.00%) |    426      19    1834    250 |    0.00        0.00
GET      GET /send/pay                                                                     86     0(0.00%) |      9       4      59      8 |    3.40        0.00
GET      GET /send/review                                                                  86     0(0.00%) |     27       4    1462     11 |    3.40        0.00
GET      GET /transactions                                                                 28     0(0.00%) |     53       3    1218     11 |    0.90        0.00
GET      GET /wallet                                                                       51     0(0.00%) |    213       4    2569     14 |    1.90        0.00
POST     POST /admin/cashin/{id}/received                                                  79     0(0.00%) |     14       6      48     13 |    1.80        0.00
POST     POST /cashout/preview                                                             22     0(0.00%) |     12       5      19     13 |    0.60        0.00
POST     POST /login                                                                       25     0(0.00%) |   3063     728    5781   2800 |    0.00        0.00
POST     POST /remittances                                                                 74     0(0.00%) |     17       9      89     16 |    2.60        0.00
POST     POST /remittances (declined)                                                      12     0(0.00%) |     14      10      18     13 |    0.80        0.00
--------|----------------------------------------------------------------------------|-------|-------------|-------|-------|-------|-------|--------|-----------
         Aggregated                                                                       620     0(0.00%) |    170       3    5781     12 |   20.30        0.00

Type     Name                                                                          # reqs      # fails |    Avg     Min     Max    Med |   req/s  failures/s
--------|----------------------------------------------------------------------------|-------|-------------|-------|-------|-------|-------|--------|-----------
GET      GET /admin/cashin                                                                 22     0(0.00%) |     12       4      21     12 |    0.60        0.00
GET      GET /admin/settlements                                                             5     0(0.00%) |    109       8     495     10 |    0.30        0.00
GET      GET /admin/transactions                                                            2     0(0.00%) |     18      12      24     12 |    0.10        0.00
GET      GET /cashout/history                                                              27     0(0.00%) |     15       6      64     12 |    1.10        0.00
GET      GET /dashboard                                                                    39     0(0.00%) |     13       6      40     13 |    1.10        0.00
GET      GET /quote (API)                                                                  56     0(0.00%) |     46       3    2082     10 |    1.60        0.00
GET      GET /send                                                                         15     0(0.00%) |    426      19    1834    250 |    0.00        0.00
GET      GET /send/pay                                                                     92     0(0.00%) |      9       4      59      8 |    3.60        0.00
GET      GET /send/review                                                                  92     0(0.00%) |     26       4    1462     11 |    3.60        0.00
GET      GET /transactions                                                                 31     0(0.00%) |     49       3    1218     11 |    0.90        0.00
GET      GET /wallet                                                                       55     0(0.00%) |    198       4    2569     13 |    1.90        0.00
POST     POST /admin/cashin/{id}/received                                                  80     0(0.00%) |     14       6      48     13 |    2.50        0.00
POST     POST /cashout/preview                                                             24     0(0.00%) |     13       5      19     13 |    0.50        0.00
POST     POST /login                                                                       25     0(0.00%) |   3063     728    5781   2800 |    0.00        0.00
POST     POST /remittances                                                                 79     0(0.00%) |     17       9      89     16 |    2.80        0.00
POST     POST /remittances (declined)                                                      13     0(0.00%) |     14      10      20     15 |    0.80        0.00
--------|----------------------------------------------------------------------------|-------|-------------|-------|-------|-------|-------|--------|-----------
         Aggregated                                                                       657     0(0.00%) |    161       3    5781     12 |   21.40        0.00

Type     Name                                                                          # reqs      # fails |    Avg     Min     Max    Med |   req/s  failures/s
--------|----------------------------------------------------------------------------|-------|-------------|-------|-------|-------|-------|--------|-----------
GET      GET /admin/cashin                                                                 24     0(0.00%) |     12       4      21     12 |    0.60        0.00
GET      GET /admin/settlements                                                             5     0(0.00%) |    109       8     495     10 |    0.20        0.00
GET      GET /admin/transactions                                                            3     0(0.00%) |     22      12      31     24 |    0.10        0.00
GET      GET /cashout/history                                                              28     0(0.00%) |     15       6      64     12 |    1.10        0.00
GET      GET /dashboard                                                                    41     0(0.00%) |     13       6      40     13 |    0.90        0.00
GET      GET /quote (API)                                                                  59     0(0.00%) |     45       3    2082     10 |    1.70        0.00
GET      GET /send                                                                         15     0(0.00%) |    426      19    1834    250 |    0.00        0.00
GET      GET /send/pay                                                                     99     0(0.00%) |      9       4      59      8 |    3.70        0.00
GET      GET /send/review                                                                  99     0(0.00%) |     25       4    1462     11 |    3.70        0.00
GET      GET /transactions                                                                 32     0(0.00%) |     48       3    1218     10 |    1.00        0.00
GET      GET /wallet                                                                       59     0(0.00%) |    212       4    2569     13 |    2.20        0.00
POST     POST /admin/cashin/{id}/received                                                  87     0(0.00%) |     14       6      48     13 |    2.70        0.00
POST     POST /cashout/preview                                                             25     0(0.00%) |     12       5      19     13 |    0.50        0.00
POST     POST /login                                                                       25     0(0.00%) |   3063     728    5781   2800 |    0.00        0.00
POST     POST /remittances                                                                 85     0(0.00%) |     17       9      89     16 |    2.90        0.00
POST     POST /remittances (declined)                                                      14     0(0.00%) |     14      10      20     15 |    0.80        0.00
--------|----------------------------------------------------------------------------|-------|-------------|-------|-------|-------|-------|--------|-----------
         Aggregated                                                                       700     0(0.00%) |    154       3    5781     12 |   22.10        0.00

Type     Name                                                                          # reqs      # fails |    Avg     Min     Max    Med |   req/s  failures/s
--------|----------------------------------------------------------------------------|-------|-------------|-------|-------|-------|-------|--------|-----------
GET      GET /admin/cashin                                                                 27     0(0.00%) |     12       4      21     12 |    0.80        0.00
GET      GET /admin/settlements                                                             5     0(0.00%) |    109       8     495     10 |    0.20        0.00
GET      GET /admin/transactions                                                            3     0(0.00%) |     22      12      31     24 |    0.20        0.00
GET      GET /cashout/history                                                              30     0(0.00%) |     15       5      64     12 |    0.70        0.00
GET      GET /dashboard                                                                    42     0(0.00%) |     13       6      40     13 |    0.90        0.00
GET      GET /quote (API)                                                                  64     0(0.00%) |     42       3    2082     10 |    1.90        0.00
GET      GET /send                                                                         15     0(0.00%) |    426      19    1834    250 |    0.00        0.00
GET      GET /send/pay                                                                    104     0(0.00%) |      9       4      59      8 |    3.90        0.00
GET      GET /send/review                                                                 104     0(0.00%) |     24       4    1462     11 |    3.90        0.00
GET      GET /transactions                                                                 36     0(0.00%) |     44       3    1218     11 |    0.90        0.00
GET      GET /wallet                                                                       62     0(0.00%) |    202       4    2569     13 |    2.00        0.00
POST     POST /admin/cashin/{id}/received                                                  96     0(0.00%) |     14       6      48     13 |    3.20        0.00
POST     POST /cashout/preview                                                             27     0(0.00%) |     13       5      19     14 |    0.70        0.00
POST     POST /login                                                                       25     0(0.00%) |   3063     728    5781   2800 |    0.00        0.00
POST     POST /remittances                                                                 90     0(0.00%) |     17       9      89     16 |    2.90        0.00
POST     POST /remittances (declined)                                                      14     0(0.00%) |     14      10      20     15 |    0.90        0.00
--------|----------------------------------------------------------------------------|-------|-------------|-------|-------|-------|-------|--------|-----------
         Aggregated                                                                       744     0(0.00%) |    146       3    5781     12 |   23.10        0.00

Type     Name                                                                          # reqs      # fails |    Avg     Min     Max    Med |   req/s  failures/s
--------|----------------------------------------------------------------------------|-------|-------------|-------|-------|-------|-------|--------|-----------
GET      GET /admin/cashin                                                                 28     0(0.00%) |     12       4      21     12 |    0.70        0.00
GET      GET /admin/settlements                                                             5     0(0.00%) |    109       8     495     10 |    0.20        0.00
GET      GET /admin/transactions                                                            3     0(0.00%) |     22      12      31     24 |    0.10        0.00
GET      GET /cashout/history                                                              31     0(0.00%) |     14       5      64     12 |    0.70        0.00
GET      GET /dashboard                                                                    46     0(0.00%) |     13       5      40     13 |    0.90        0.00
GET      GET /quote (API)                                                                  69     0(0.00%) |     40       3    2082     10 |    2.00        0.00
GET      GET /send                                                                         15     0(0.00%) |    426      19    1834    250 |    0.00        0.00
GET      GET /send/pay                                                                    108     0(0.00%) |      8       4      59      7 |    3.40        0.00
GET      GET /send/review                                                                 108     0(0.00%) |     24       4    1462     11 |    3.40        0.00
GET      GET /transactions                                                                 37     0(0.00%) |     43       3    1218     11 |    1.20        0.00
GET      GET /wallet                                                                       67     0(0.00%) |    188       4    2569     13 |    2.30        0.00
POST     POST /admin/cashin/{id}/received                                                  98     0(0.00%) |     14       6      48     13 |    2.60        0.00
POST     POST /cashout/preview                                                             28     0(0.00%) |     13       5      24     14 |    0.60        0.00
POST     POST /login                                                                       25     0(0.00%) |   3063     728    5781   2800 |    0.00        0.00
POST     POST /remittances                                                                 92     0(0.00%) |     17       9      89     16 |    3.00        0.00
POST     POST /remittances (declined)                                                      16     0(0.00%) |     14       9      20     15 |    0.40        0.00
--------|----------------------------------------------------------------------------|-------|-------------|-------|-------|-------|-------|--------|-----------
         Aggregated                                                                       776     0(0.00%) |    140       3    5781     12 |   21.50        0.00

Type     Name                                                                          # reqs      # fails |    Avg     Min     Max    Med |   req/s  failures/s
--------|----------------------------------------------------------------------------|-------|-------------|-------|-------|-------|-------|--------|-----------
GET      GET /admin/cashin                                                                 29     0(0.00%) |     12       4      21     12 |    0.90        0.00
GET      GET /admin/settlements                                                             6     0(0.00%) |     92       5     495      9 |    0.10        0.00
GET      GET /admin/transactions                                                            3     0(0.00%) |     22      12      31     24 |    0.10        0.00
GET      GET /cashout/history                                                              32     0(0.00%) |     14       5      64     12 |    0.80        0.00
GET      GET /dashboard                                                                    49     0(0.00%) |     13       5      40     13 |    1.00        0.00
GET      GET /quote (API)                                                                  77     0(0.00%) |     37       3    2082     10 |    2.30        0.00
GET      GET /send                                                                         15     0(0.00%) |    426      19    1834    250 |    0.00        0.00
GET      GET /send/pay                                                                    112     0(0.00%) |      8       4      59      8 |    3.10        0.00
GET      GET /send/review                                                                 112     0(0.00%) |     23       4    1462     11 |    3.10        0.00
GET      GET /transactions                                                                 39     0(0.00%) |     41       3    1218     11 |    1.20        0.00
GET      GET /wallet                                                                       72     0(0.00%) |    176       4    2569     13 |    2.00        0.00
POST     POST /admin/cashin/{id}/received                                                  98     0(0.00%) |     14       6      48     13 |    3.50        0.00
POST     POST /cashout/preview                                                             30     0(0.00%) |     13       5      24     15 |    0.70        0.00
POST     POST /login                                                                       25     0(0.00%) |   3063     728    5781   2800 |    0.00        0.00
POST     POST /remittances                                                                 94     0(0.00%) |     17       9      89     16 |    2.80        0.00
POST     POST /remittances (declined)                                                      17     0(0.00%) |     14       9      20     15 |    0.30        0.00
--------|----------------------------------------------------------------------------|-------|-------------|-------|-------|-------|-------|--------|-----------
         Aggregated                                                                       810     0(0.00%) |    135       3    5781     12 |   21.90        0.00

Type     Name                                                                          # reqs      # fails |    Avg     Min     Max    Med |   req/s  failures/s
--------|----------------------------------------------------------------------------|-------|-------------|-------|-------|-------|-------|--------|-----------
GET      GET /admin/cashin                                                                 32     0(0.00%) |     11       4      21     12 |    0.90        0.00
GET      GET /admin/settlements                                                             6     0(0.00%) |     92       5     495      9 |    0.00        0.00
GET      GET /admin/transactions                                                            3     0(0.00%) |     22      12      31     24 |    0.10        0.00
GET      GET /cashout/history                                                              33     0(0.00%) |     14       5      64     12 |    0.60        0.00
GET      GET /dashboard                                                                    51     0(0.00%) |     13       5      40     14 |    1.00        0.00
GET      GET /quote (API)                                                                  80     0(0.00%) |     36       3    2082     10 |    2.70        0.00
GET      GET /send                                                                         15     0(0.00%) |    426      19    1834    250 |    0.00        0.00
GET      GET /send/pay                                                                    115     0(0.00%) |      8       4      59      8 |    2.60        0.00
GET      GET /send/review                                                                 115     0(0.00%) |     23       4    1462     11 |    2.60        0.00
GET      GET /transactions                                                                 45     0(0.00%) |     38       3    1218     11 |    1.20        0.00
GET      GET /wallet                                                                       74     0(0.00%) |    172       4    2569     13 |    2.20        0.00
POST     POST /admin/cashin/{id}/received                                                 106     0(0.00%) |     14       6      48     13 |    2.60        0.00
POST     POST /cashout/preview                                                             33     0(0.00%) |     14       5      24     15 |    0.70        0.00
POST     POST /login                                                                       25     0(0.00%) |   3063     728    5781   2800 |    0.00        0.00
POST     POST /remittances                                                                 98     0(0.00%) |     17       9      89     16 |    2.10        0.00
POST     POST /remittances (declined)                                                      17     0(0.00%) |     14       9      20     15 |    0.50        0.00
--------|----------------------------------------------------------------------------|-------|-------------|-------|-------|-------|-------|--------|-----------
         Aggregated                                                                       848     0(0.00%) |    129       3    5781     12 |   19.80        0.00

Type     Name                                                                          # reqs      # fails |    Avg     Min     Max    Med |   req/s  failures/s
--------|----------------------------------------------------------------------------|-------|-------------|-------|-------|-------|-------|--------|-----------
GET      GET /admin/cashin                                                                 33     0(0.00%) |     11       4      21     12 |    0.80        0.00
GET      GET /admin/settlements                                                             6     0(0.00%) |     92       5     495      9 |    0.10        0.00
GET      GET /admin/transactions                                                            3     0(0.00%) |     22      12      31     24 |    0.10        0.00
GET      GET /cashout/history                                                              33     0(0.00%) |     14       5      64     12 |    0.50        0.00
GET      GET /dashboard                                                                    54     0(0.00%) |     13       5      40     13 |    1.10        0.00
GET      GET /quote (API)                                                                  84     0(0.00%) |     34       3    2082     10 |    2.30        0.00
GET      GET /send                                                                         15     0(0.00%) |    426      19    1834    250 |    0.00        0.00
GET      GET /send/pay                                                                    121     0(0.00%) |      8       4      59      7 |    2.50        0.00
GET      GET /send/review                                                                 121     0(0.00%) |     22       4    1462     11 |    2.50        0.00
GET      GET /transactions                                                                 48     0(0.00%) |     36       3    1218     11 |    1.30        0.00
GET      GET /wallet                                                                       76     0(0.00%) |    168       4    2569     13 |    1.90        0.00
POST     POST /admin/cashin/{id}/received                                                 106     0(0.00%) |     14       6      48     13 |    2.10        0.00
POST     POST /cashout/preview                                                             36     0(0.00%) |     14       5      24     15 |    0.80        0.00
POST     POST /login                                                                       25     0(0.00%) |   3063     728    5781   2800 |    0.00        0.00
POST     POST /remittances                                                                103     0(0.00%) |     17       9      89     16 |    2.10        0.00
POST     POST /remittances (declined)                                                      18     0(0.00%) |     14       9      20     15 |    0.40        0.00
--------|----------------------------------------------------------------------------|-------|-------------|-------|-------|-------|-------|--------|-----------
         Aggregated                                                                       882     0(0.00%) |    125       3    5781     12 |   18.50        0.00

Type     Name                                                                          # reqs      # fails |    Avg     Min     Max    Med |   req/s  failures/s
--------|----------------------------------------------------------------------------|-------|-------------|-------|-------|-------|-------|--------|-----------
GET      GET /admin/cashin                                                                 34     0(0.00%) |     11       4      21     11 |    0.90        0.00
GET      GET /admin/settlements                                                             8     0(0.00%) |     71       5     495      9 |    0.10        0.00
GET      GET /admin/transactions                                                            3     0(0.00%) |     22      12      31     24 |    0.00        0.00
GET      GET /cashout/history                                                              34     0(0.00%) |     14       5      64     12 |    0.60        0.00
GET      GET /dashboard                                                                    57     0(0.00%) |     13       5      40     13 |    1.30        0.00
GET      GET /quote (API)                                                                  86     0(0.00%) |     34       3    2082     10 |    2.40        0.00
GET      GET /send                                                                         15     0(0.00%) |    426      19    1834    250 |    0.00        0.00
GET      GET /send/pay                                                                    127     0(0.00%) |      8       4      59      8 |    2.30        0.00
GET      GET /send/review                                                                 127     0(0.00%) |     22       4    1462     11 |    2.30        0.00
GET      GET /transactions                                                                 50     0(0.00%) |     35       3    1218     11 |    1.60        0.00
GET      GET /wallet                                                                       78     0(0.00%) |    164       4    2569     13 |    2.00        0.00
POST     POST /admin/cashin/{id}/received                                                 111     0(0.00%) |     14       6      48     13 |    2.10        0.00
POST     POST /cashout/preview                                                             41     0(0.00%) |     13       5      24     15 |    1.00        0.00
POST     POST /login                                                                       25     0(0.00%) |   3063     728    5781   2800 |    0.00        0.00
POST     POST /remittances                                                                108     0(0.00%) |     17       9      89     16 |    2.00        0.00
POST     POST /remittances (declined)                                                      19     0(0.00%) |     14       9      20     15 |    0.40        0.00
--------|----------------------------------------------------------------------------|-------|-------------|-------|-------|-------|-------|--------|-----------
         Aggregated                                                                       923     0(0.00%) |    120       3    5781     12 |   19.00        0.00

Type     Name                                                                          # reqs      # fails |    Avg     Min     Max    Med |   req/s  failures/s
--------|----------------------------------------------------------------------------|-------|-------------|-------|-------|-------|-------|--------|-----------
GET      GET /admin/cashin                                                                 36     0(0.00%) |     11       4      21     11 |    0.90        0.00
GET      GET /admin/settlements                                                             8     0(0.00%) |     71       5     495      9 |    0.30        0.00
GET      GET /admin/transactions                                                            3     0(0.00%) |     22      12      31     24 |    0.00        0.00
GET      GET /cashout/history                                                              34     0(0.00%) |     14       5      64     12 |    0.30        0.00
GET      GET /dashboard                                                                    58     0(0.00%) |     13       5      40     13 |    1.40        0.00
GET      GET /quote (API)                                                                  88     0(0.00%) |     33       3    2082     10 |    2.20        0.00
GET      GET /send                                                                         15     0(0.00%) |    426      19    1834    250 |    0.00        0.00
GET      GET /send/pay                                                                    134     0(0.00%) |      8       4      59      8 |    2.20        0.00
GET      GET /send/review                                                                 134     0(0.00%) |     21       4    1462     11 |    2.20        0.00
GET      GET /transactions                                                                 52     0(0.00%) |     34       3    1218     11 |    1.30        0.00
GET      GET /wallet                                                                       81     0(0.00%) |    175       4    2569     13 |    1.70        0.00
POST     POST /admin/cashin/{id}/received                                                 120     0(0.00%) |     14       6      48     13 |    2.40        0.00
POST     POST /cashout/preview                                                             44     0(0.00%) |     14       5      24     15 |    1.30        0.00
POST     POST /login                                                                       25     0(0.00%) |   3063     728    5781   2800 |    0.00        0.00
POST     POST /remittances                                                                115     0(0.00%) |     17       9      89     16 |    1.80        0.00
POST     POST /remittances (declined)                                                      19     0(0.00%) |     14       9      20     15 |    0.40        0.00
--------|----------------------------------------------------------------------------|-------|-------------|-------|-------|-------|-------|--------|-----------
         Aggregated                                                                       966     0(0.00%) |    117       3    5781     12 |   18.40        0.00

Type     Name                                                                          # reqs      # fails |    Avg     Min     Max    Med |   req/s  failures/s
--------|----------------------------------------------------------------------------|-------|-------------|-------|-------|-------|-------|--------|-----------
GET      GET /admin/cashin                                                                 37     0(0.00%) |     11       4      21     12 |    0.80        0.00
GET      GET /admin/settlements                                                             8     0(0.00%) |     71       5     495      9 |    0.30        0.00
GET      GET /admin/transactions                                                            3     0(0.00%) |     22      12      31     24 |    0.00        0.00
GET      GET /cashout/history                                                              35     0(0.00%) |     14       5      64     12 |    0.30        0.00
GET      GET /dashboard                                                                    60     0(0.00%) |     13       5      40     13 |    1.40        0.00
GET      GET /quote (API)                                                                  94     0(0.00%) |     32       3    2082     10 |    2.00        0.00
GET      GET /send                                                                         15     0(0.00%) |    426      19    1834    250 |    0.00        0.00
GET      GET /send/pay                                                                    140     0(0.00%) |      8       4      59      8 |    2.50        0.00
GET      GET /send/review                                                                 140     0(0.00%) |     21       4    1462     11 |    2.50        0.00
GET      GET /transactions                                                                 54     0(0.00%) |     33       3    1218     11 |    1.40        0.00
GET      GET /wallet                                                                       84     0(0.00%) |    170       4    2569     13 |    1.50        0.00
POST     POST /admin/cashin/{id}/received                                                 124     0(0.00%) |     14       6      48     13 |    2.10        0.00
POST     POST /cashout/preview                                                             48     0(0.00%) |     13       5      24     15 |    1.60        0.00
POST     POST /login                                                                       25     0(0.00%) |   3063     728    5781   2800 |    0.00        0.00
POST     POST /remittances                                                                120     0(0.00%) |     17       9      89     16 |    2.10        0.00
POST     POST /remittances (declined)                                                      20     0(0.00%) |     14       9      20     15 |    0.40        0.00
--------|----------------------------------------------------------------------------|-------|-------------|-------|-------|-------|-------|--------|-----------
         Aggregated                                                                      1007     0(0.00%) |    112       3    5781     12 |   18.90        0.00

Type     Name                                                                          # reqs      # fails |    Avg     Min     Max    Med |   req/s  failures/s
--------|----------------------------------------------------------------------------|-------|-------------|-------|-------|-------|-------|--------|-----------
GET      GET /admin/cashin                                                                 38     0(0.00%) |     11       4      21     12 |    0.80        0.00
GET      GET /admin/settlements                                                             9     0(0.00%) |     64       5     495     10 |    0.30        0.00
GET      GET /admin/transactions                                                            3     0(0.00%) |     22      12      31     24 |    0.00        0.00
GET      GET /cashout/history                                                              36     0(0.00%) |     14       5      64     12 |    0.30        0.00
GET      GET /dashboard                                                                    65     0(0.00%) |     13       5      40     13 |    1.30        0.00
GET      GET /quote (API)                                                                 100     0(0.00%) |     30       3    2082     10 |    1.60        0.00
GET      GET /send                                                                         15     0(0.00%) |    426      19    1834    250 |    0.00        0.00
GET      GET /send/pay                                                                    145     0(0.00%) |      8       4      59      8 |    2.60        0.00
GET      GET /send/review                                                                 145     0(0.00%) |     20       4    1462     11 |    2.60        0.00
GET      GET /transactions                                                                 55     0(0.00%) |     33       3    1218     11 |    1.50        0.00
GET      GET /wallet                                                                       90     0(0.00%) |    159       4    2569     13 |    1.20        0.00
POST     POST /admin/cashin/{id}/received                                                 130     0(0.00%) |     14       6      48     13 |    2.60        0.00
POST     POST /cashout/preview                                                             49     0(0.00%) |     13       5      24     15 |    1.80        0.00
POST     POST /login                                                                       25     0(0.00%) |   3063     728    5781   2800 |    0.00        0.00
POST     POST /remittances                                                                125     0(0.00%) |     17       9      89     16 |    2.30        0.00
POST     POST /remittances (declined)                                                      20     0(0.00%) |     14       9      20     15 |    0.30        0.00
--------|----------------------------------------------------------------------------|-------|-------------|-------|-------|-------|-------|--------|-----------
         Aggregated                                                                      1050     0(0.00%) |    108       3    5781     12 |   19.20        0.00

Type     Name                                                                          # reqs      # fails |    Avg     Min     Max    Med |   req/s  failures/s
--------|----------------------------------------------------------------------------|-------|-------------|-------|-------|-------|-------|--------|-----------
GET      GET /admin/cashin                                                                 41     0(0.00%) |     11       4      21     12 |    0.80        0.00
GET      GET /admin/settlements                                                             9     0(0.00%) |     64       5     495     10 |    0.30        0.00
GET      GET /admin/transactions                                                            3     0(0.00%) |     22      12      31     24 |    0.00        0.00
GET      GET /cashout/history                                                              36     0(0.00%) |     14       5      64     12 |    0.30        0.00
GET      GET /dashboard                                                                    69     0(0.00%) |     13       5      40     13 |    1.40        0.00
GET      GET /quote (API)                                                                 104     0(0.00%) |     30       3    2082     10 |    1.70        0.00
GET      GET /send                                                                         15     0(0.00%) |    426      19    1834    250 |    0.00        0.00
GET      GET /send/pay                                                                    148     0(0.00%) |      8       4      59      8 |    2.90        0.00
GET      GET /send/review                                                                 148     0(0.00%) |     20       4    1462     11 |    2.90        0.00
GET      GET /transactions                                                                 58     0(0.00%) |     31       3    1218     10 |    1.20        0.00
GET      GET /wallet                                                                       92     0(0.00%) |    170       4    2569     13 |    1.30        0.00
POST     POST /admin/cashin/{id}/received                                                 136     0(0.00%) |     14       6      48     13 |    2.90        0.00
POST     POST /cashout/preview                                                             54     0(0.00%) |     14       5      24     15 |    1.80        0.00
POST     POST /login                                                                       25     0(0.00%) |   3063     728    5781   2800 |    0.00        0.00
POST     POST /remittances                                                                128     0(0.00%) |     17       9      89     16 |    2.60        0.00
POST     POST /remittances (declined)                                                      20     0(0.00%) |     14       9      20     15 |    0.30        0.00
--------|----------------------------------------------------------------------------|-------|-------------|-------|-------|-------|-------|--------|-----------
         Aggregated                                                                      1086     0(0.00%) |    106       3    5781     12 |   20.40        0.00

Type     Name                                                                          # reqs      # fails |    Avg     Min     Max    Med |   req/s  failures/s
--------|----------------------------------------------------------------------------|-------|-------------|-------|-------|-------|-------|--------|-----------
GET      GET /admin/cashin                                                                 42     0(0.00%) |     11       4      21     12 |    0.60        0.00
GET      GET /admin/settlements                                                             9     0(0.00%) |     64       5     495     10 |    0.30        0.00
GET      GET /admin/transactions                                                            3     0(0.00%) |     22      12      31     24 |    0.00        0.00
GET      GET /cashout/history                                                              37     0(0.00%) |     14       5      64     12 |    0.30        0.00
GET      GET /dashboard                                                                    73     0(0.00%) |     14       5      48     14 |    1.50        0.00
GET      GET /quote (API)                                                                 108     0(0.00%) |     29       3    2082     10 |    2.00        0.00
GET      GET /send                                                                         15     0(0.00%) |    426      19    1834    250 |    0.00        0.00
GET      GET /send/pay                                                                    152     0(0.00%) |      8       4      59      8 |    2.80        0.00
GET      GET /send/review                                                                 152     0(0.00%) |     20       4    1462     11 |    2.80        0.00
GET      GET /transactions                                                                 60     0(0.00%) |     31       3    1218     11 |    1.00        0.00
GET      GET /wallet                                                                       96     0(0.00%) |    178       4    2569     14 |    1.50        0.00
POST     POST /admin/cashin/{id}/received                                                 138     0(0.00%) |     14       6      48     14 |    2.80        0.00
POST     POST /cashout/preview                                                             55     0(0.00%) |     14       5      24     15 |    1.70        0.00
POST     POST /login                                                                       25     0(0.00%) |   3063     728    5781   2800 |    0.00        0.00
POST     POST /remittances                                                                131     0(0.00%) |     16       9      89     16 |    2.60        0.00
POST     POST /remittances (declined)                                                      21     0(0.00%) |     14       9      20     15 |    0.20        0.00
--------|----------------------------------------------------------------------------|-------|-------------|-------|-------|-------|-------|--------|-----------
         Aggregated                                                                      1117     0(0.00%) |    105       3    5781     12 |   20.10        0.00

Type     Name                                                                          # reqs      # fails |    Avg     Min     Max    Med |   req/s  failures/s
--------|----------------------------------------------------------------------------|-------|-------------|-------|-------|-------|-------|--------|-----------
GET      GET /admin/cashin                                                                 44     0(0.00%) |     11       4      21     12 |    0.70        0.00
GET      GET /admin/settlements                                                             9     0(0.00%) |     64       5     495     10 |    0.10        0.00
GET      GET /admin/transactions                                                            3     0(0.00%) |     22      12      31     24 |    0.00        0.00
GET      GET /cashout/history                                                              38     0(0.00%) |     14       5      64     12 |    0.40        0.00
GET      GET /dashboard                                                                    76     0(0.00%) |     14       5      48     14 |    1.50        0.00
GET      GET /quote (API)                                                                 113     0(0.00%) |     28       3    2082     10 |    2.20        0.00
GET      GET /send                                                                         15     0(0.00%) |    426      19    1834    250 |    0.00        0.00
GET      GET /send/pay                                                                    156     0(0.00%) |      8       4      59      8 |    2.60        0.00
GET      GET /send/review                                                                 156     0(0.00%) |     20       4    1462     11 |    2.60        0.00
GET      GET /transactions                                                                 62     0(0.00%) |     31       3    1218     11 |    1.10        0.00
GET      GET /wallet                                                                       99     0(0.00%) |    173       4    2569     14 |    1.40        0.00
POST     POST /admin/cashin/{id}/received                                                 140     0(0.00%) |     14       6      48     14 |    2.50        0.00
POST     POST /cashout/preview                                                             57     0(0.00%) |     14       5      24     15 |    1.60        0.00
POST     POST /login                                                                       25     0(0.00%) |   3063     728    5781   2800 |    0.00        0.00
POST     POST /remittances                                                                135     0(0.00%) |     16       9      89     16 |    2.30        0.00
POST     POST /remittances (declined)                                                      21     0(0.00%) |     14       9      20     15 |    0.30        0.00
--------|----------------------------------------------------------------------------|-------|-------------|-------|-------|-------|-------|--------|-----------
         Aggregated                                                                      1149     0(0.00%) |    102       3    5781     12 |   19.30        0.00

Type     Name                                                                          # reqs      # fails |    Avg     Min     Max    Med |   req/s  failures/s
--------|----------------------------------------------------------------------------|-------|-------------|-------|-------|-------|-------|--------|-----------
GET      GET /admin/cashin                                                                 46     0(0.00%) |     11       3      21     12 |    0.90        0.00
GET      GET /admin/settlements                                                             9     0(0.00%) |     64       5     495     10 |    0.10        0.00
GET      GET /admin/transactions                                                            4     0(0.00%) |     23      12      31     24 |    0.00        0.00
GET      GET /cashout/history                                                              39     0(0.00%) |     14       5      64     13 |    0.40        0.00
GET      GET /dashboard                                                                    77     0(0.00%) |     14       5      48     14 |    1.60        0.00
GET      GET /quote (API)                                                                 118     0(0.00%) |     27       3    2082     10 |    2.40        0.00
GET      GET /send                                                                         15     0(0.00%) |    426      19    1834    250 |    0.00        0.00
GET      GET /send/pay                                                                    164     0(0.00%) |      8       4      59      8 |    2.30        0.00
GET      GET /send/review                                                                 164     0(0.00%) |     19       4    1462     11 |    2.30        0.00
GET      GET /transactions                                                                 63     0(0.00%) |     31       3    1218     11 |    1.10        0.00
GET      GET /wallet                                                                      102     0(0.00%) |    182       4    2569     14 |    1.70        0.00
POST     POST /admin/cashin/{id}/received                                                 145     0(0.00%) |     14       6      48     14 |    2.30        0.00
POST     POST /cashout/preview                                                             59     0(0.00%) |     14       5      24     15 |    1.20        0.00
POST     POST /login                                                                       25     0(0.00%) |   3063     728    5781   2800 |    0.00        0.00
POST     POST /remittances                                                                142     0(0.00%) |     16       9      89     16 |    2.10        0.00
POST     POST /remittances (declined)                                                      22     0(0.00%) |     14       9      20     15 |    0.20        0.00
--------|----------------------------------------------------------------------------|-------|-------------|-------|-------|-------|-------|--------|-----------
         Aggregated                                                                      1194     0(0.00%) |    100       3    5781     12 |   18.60        0.00

Type     Name                                                                          # reqs      # fails |    Avg     Min     Max    Med |   req/s  failures/s
--------|----------------------------------------------------------------------------|-------|-------------|-------|-------|-------|-------|--------|-----------
GET      GET /admin/cashin                                                                 47     0(0.00%) |     11       3      21     12 |    0.90        0.00
GET      GET /admin/settlements                                                            10     0(0.00%) |     59       5     495     10 |    0.10        0.00
GET      GET /admin/transactions                                                            4     0(0.00%) |     23      12      31     24 |    0.00        0.00
GET      GET /cashout/history                                                              40     0(0.00%) |     14       5      64     12 |    0.40        0.00
GET      GET /dashboard                                                                    84     0(0.00%) |     14       5      48     14 |    1.70        0.00
GET      GET /quote (API)                                                                 121     0(0.00%) |     27       3    2082     10 |    2.50        0.00
GET      GET /send                                                                         15     0(0.00%) |    426      19    1834    250 |    0.00        0.00
GET      GET /send/pay                                                                    169     0(0.00%) |      8       4      59      8 |    2.40        0.00
GET      GET /send/review                                                                 169     0(0.00%) |     19       4    1462     11 |    2.40        0.00
GET      GET /transactions                                                                 64     0(0.00%) |     30       3    1218     11 |    0.80        0.00
GET      GET /wallet                                                                      105     0(0.00%) |    178       4    2569     14 |    1.70        0.00
POST     POST /admin/cashin/{id}/received                                                 151     0(0.00%) |     14       6      48     14 |    2.10        0.00
POST     POST /cashout/preview                                                             61     0(0.00%) |     14       5      24     15 |    1.20        0.00
POST     POST /login                                                                       25     0(0.00%) |   3063     728    5781   2800 |    0.00        0.00
POST     POST /remittances                                                                144     0(0.00%) |     16       9      89     16 |    2.20        0.00
POST     POST /remittances (declined)                                                      25     0(0.00%) |     14       9      20     15 |    0.20        0.00
--------|----------------------------------------------------------------------------|-------|-------------|-------|-------|-------|-------|--------|-----------
         Aggregated                                                                      1234     0(0.00%) |     97       3    5781     12 |   18.60        0.00

Type     Name                                                                          # reqs      # fails |    Avg     Min     Max    Med |   req/s  failures/s
--------|----------------------------------------------------------------------------|-------|-------------|-------|-------|-------|-------|--------|-----------
GET      GET /admin/cashin                                                                 48     0(0.00%) |     11       3      21     11 |    0.90        0.00
GET      GET /admin/settlements                                                            11     0(0.00%) |     54       5     495     10 |    0.00        0.00
GET      GET /admin/transactions                                                            4     0(0.00%) |     23      12      31     24 |    0.10        0.00
GET      GET /cashout/history                                                              41     0(0.00%) |     14       5      64     13 |    0.40        0.00
GET      GET /dashboard                                                                    87     0(0.00%) |     14       5      48     14 |    1.70        0.00
GET      GET /quote (API)                                                                 129     0(0.00%) |     26       3    2082     11 |    2.50        0.00
GET      GET /send                                                                         15     0(0.00%) |    426      19    1834    250 |    0.00        0.00
GET      GET /send/pay                                                                    172     0(0.00%) |      8       4      59      8 |    2.40        0.00
GET      GET /send/review                                                                 172     0(0.00%) |     19       4    1462     11 |    2.40        0.00
GET      GET /transactions                                                                 64     0(0.00%) |     30       3    1218     11 |    0.90        0.00
GET      GET /wallet                                                                      110     0(0.00%) |    182       4    2569     14 |    1.90        0.00
POST     POST /admin/cashin/{id}/received                                                 156     0(0.00%) |     14       6      48     13 |    2.10        0.00
POST     POST /cashout/preview                                                             61     0(0.00%) |     14       5      24     15 |    1.10        0.00
POST     POST /login                                                                       25     0(0.00%) |   3063     728    5781   2800 |    0.00        0.00
POST     POST /remittances                                                                147     0(0.00%) |     16       9      89     16 |    1.90        0.00
POST     POST /remittances (declined)                                                      25     0(0.00%) |     14       9      20     15 |    0.50        0.00
--------|----------------------------------------------------------------------------|-------|-------------|-------|-------|-------|-------|--------|-----------
         Aggregated                                                                      1267     0(0.00%) |     96       3    5781     12 |   18.80        0.00

Type     Name                                                                          # reqs      # fails |    Avg     Min     Max    Med |   req/s  failures/s
--------|----------------------------------------------------------------------------|-------|-------------|-------|-------|-------|-------|--------|-----------
GET      GET /admin/cashin                                                                 50     0(0.00%) |     11       3      21     11 |    0.80        0.00
GET      GET /admin/settlements                                                            11     0(0.00%) |     54       5     495     10 |    0.20        0.00
GET      GET /admin/transactions                                                            4     0(0.00%) |     23      12      31     24 |    0.10        0.00
GET      GET /cashout/history                                                              42     0(0.00%) |     14       5      64     13 |    0.50        0.00
GET      GET /dashboard                                                                    92     0(0.00%) |     14       5      48     14 |    2.00        0.00
GET      GET /quote (API)                                                                 131     0(0.00%) |     26       3    2082     11 |    2.10        0.00
GET      GET /send                                                                         15     0(0.00%) |    426      19    1834    250 |    0.00        0.00
GET      GET /send/pay                                                                    179     0(0.00%) |      8       4      59      8 |    2.30        0.00
GET      GET /send/review                                                                 179     0(0.00%) |     18       4    1462     11 |    2.30        0.00
GET      GET /transactions                                                                 65     0(0.00%) |     30       3    1218     11 |    0.70        0.00
GET      GET /wallet                                                                      117     0(0.00%) |    195       4    2569     15 |    1.70        0.00
POST     POST /admin/cashin/{id}/received                                                 159     0(0.00%) |     14       6      48     13 |    1.70        0.00
POST     POST /cashout/preview                                                             63     0(0.00%) |     14       5      24     15 |    0.90        0.00
POST     POST /login                                                                       25     0(0.00%) |   3063     728    5781   2800 |    0.00        0.00
POST     POST /remittances                                                                154     0(0.00%) |     16       9      89     16 |    1.80        0.00
POST     POST /remittances (declined)                                                      25     0(0.00%) |     14       9      20     15 |    0.50        0.00
--------|----------------------------------------------------------------------------|-------|-------------|-------|-------|-------|-------|--------|-----------
         Aggregated                                                                      1311     0(0.00%) |     95       3    5781     12 |   17.60        0.00

Type     Name                                                                          # reqs      # fails |    Avg     Min     Max    Med |   req/s  failures/s
--------|----------------------------------------------------------------------------|-------|-------------|-------|-------|-------|-------|--------|-----------
GET      GET /admin/cashin                                                                 50     0(0.00%) |     11       3      21     11 |    0.80        0.00
GET      GET /admin/settlements                                                            13     0(0.00%) |     47       5     495     10 |    0.20        0.00
GET      GET /admin/transactions                                                            5     0(0.00%) |     25      12      34     24 |    0.10        0.00
GET      GET /cashout/history                                                              42     0(0.00%) |     14       5      64     13 |    0.50        0.00
GET      GET /dashboard                                                                    94     0(0.00%) |     14       5      48     14 |    2.10        0.00
GET      GET /quote (API)                                                                 136     0(0.00%) |     25       3    2082     10 |    2.40        0.00
GET      GET /send                                                                         15     0(0.00%) |    426      19    1834    250 |    0.00        0.00
GET      GET /send/pay                                                                    183     0(0.00%) |      8       4      59      8 |    2.30        0.00
GET      GET /send/review                                                                 183     0(0.00%) |     18       4    1462     11 |    2.40        0.00
GET      GET /transactions                                                                 69     0(0.00%) |     29       3    1218     11 |    0.60        0.00
GET      GET /wallet                                                                      117     0(0.00%) |    195       4    2569     15 |    2.20        0.00
POST     POST /admin/cashin/{id}/received                                                 159     0(0.00%) |     14       6      48     13 |    2.10        0.00
POST     POST /cashout/preview                                                             68     0(0.00%) |     14       5      24     15 |    0.70        0.00
POST     POST /login                                                                       25     0(0.00%) |   3063     728    5781   2800 |    0.00        0.00
POST     POST /remittances                                                                157     0(0.00%) |     16       9      89     16 |    1.90        0.00
POST     POST /remittances (declined)                                                      26     0(0.00%) |     15       9      20     15 |    0.40        0.00
--------|----------------------------------------------------------------------------|-------|-------------|-------|-------|-------|-------|--------|-----------
         Aggregated                                                                      1342     0(0.00%) |     93       3    5781     12 |   18.70        0.00

Type     Name                                                                          # reqs      # fails |    Avg     Min     Max    Med |   req/s  failures/s
--------|----------------------------------------------------------------------------|-------|-------------|-------|-------|-------|-------|--------|-----------
GET      GET /admin/cashin                                                                 50     0(0.00%) |     11       3      21     11 |    0.60        0.00
GET      GET /admin/settlements                                                            13     0(0.00%) |     47       5     495     10 |    0.30        0.00
GET      GET /admin/transactions                                                            6     0(0.00%) |     27      12      38     24 |    0.10        0.00
GET      GET /cashout/history                                                              45     0(0.00%) |     14       5      64     13 |    0.40        0.00
GET      GET /dashboard                                                                    94     0(0.00%) |     14       5      48     14 |    1.90        0.00
GET      GET /quote (API)                                                                 139     0(0.00%) |     25       3    2082     10 |    1.90        0.00
GET      GET /send                                                                         15     0(0.00%) |    426      19    1834    250 |    0.00        0.00
GET      GET /send/pay                                                                    191     0(0.00%) |      8       4      59      8 |    2.80        0.00
GET      GET /send/review                                                                 191     0(0.00%) |     18       4    1462     11 |    2.80        0.00
GET      GET /transactions                                                                 72     0(0.00%) |     28       3    1218     10 |    0.60        0.00
GET      GET /wallet                                                                      120     0(0.00%) |    201       4    2569     15 |    2.00        0.00
POST     POST /admin/cashin/{id}/received                                                 159     0(0.00%) |     14       6      48     13 |    1.90        0.00
POST     POST /cashout/preview                                                             69     0(0.00%) |     14       5      24     15 |    0.90        0.00
POST     POST /login                                                                       25     0(0.00%) |   3063     728    5781   2800 |    0.00        0.00
POST     POST /remittances                                                                164     0(0.00%) |     16       9      89     16 |    2.30        0.00
POST     POST /remittances (declined)                                                      27     0(0.00%) |     15       9      20     15 |    0.50        0.00
--------|----------------------------------------------------------------------------|-------|-------------|-------|-------|-------|-------|--------|-----------
         Aggregated                                                                      1380     0(0.00%) |     92       3    5781     12 |   19.00        0.00

Type     Name                                                                          # reqs      # fails |    Avg     Min     Max    Med |   req/s  failures/s
--------|----------------------------------------------------------------------------|-------|-------------|-------|-------|-------|-------|--------|-----------
GET      GET /admin/cashin                                                                 52     0(0.00%) |     11       3      21     11 |    0.40        0.00
GET      GET /admin/settlements                                                            13     0(0.00%) |     47       5     495     10 |    0.40        0.00
GET      GET /admin/transactions                                                            6     0(0.00%) |     27      12      38     24 |    0.20        0.00
GET      GET /cashout/history                                                              48     0(0.00%) |     14       5      64     12 |    0.60        0.00
GET      GET /dashboard                                                                    95     0(0.00%) |     14       5      48     14 |    1.70        0.00
GET      GET /quote (API)                                                                 143     0(0.00%) |     24       3    2082     10 |    2.30        0.00
GET      GET /send                                                                         15     0(0.00%) |    426      19    1834    250 |    0.00        0.00
GET      GET /send/pay                                                                    200     0(0.00%) |      8       4      59      8 |    2.70        0.00
GET      GET /send/review                                                                 200     0(0.00%) |     18       4    1462     11 |    2.70        0.00
GET      GET /transactions                                                                 72     0(0.00%) |     28       3    1218     10 |    0.80        0.00
GET      GET /wallet                                                                      123     0(0.00%) |    197       4    2569     15 |    2.00        0.00
POST     POST /admin/cashin/{id}/received                                                 179     0(0.00%) |     14       6      48     13 |    1.40        0.00
POST     POST /cashout/preview                                                             69     0(0.00%) |     14       5      24     15 |    0.90        0.00
POST     POST /login                                                                       25     0(0.00%) |   3063     728    5781   2800 |    0.00        0.00
POST     POST /remittances                                                                172     0(0.00%) |     16       9      89     16 |    2.20        0.00
POST     POST /remittances (declined)                                                      28     0(0.00%) |     15       9      20     15 |    0.50        0.00
--------|----------------------------------------------------------------------------|-------|-------------|-------|-------|-------|-------|--------|-----------
         Aggregated                                                                      1440     0(0.00%) |     89       3    5781     12 |   18.80        0.00

Type     Name                                                                          # reqs      # fails |    Avg     Min     Max    Med |   req/s  failures/s
--------|----------------------------------------------------------------------------|-------|-------------|-------|-------|-------|-------|--------|-----------
GET      GET /admin/cashin                                                                 52     0(0.00%) |     11       3      21     11 |    0.40        0.00
GET      GET /admin/settlements                                                            15     0(0.00%) |     42       5     495     10 |    0.40        0.00
GET      GET /admin/transactions                                                            6     0(0.00%) |     27      12      38     24 |    0.20        0.00
GET      GET /cashout/history                                                              51     0(0.00%) |     14       5      64     13 |    0.80        0.00
GET      GET /dashboard                                                                    98     0(0.00%) |     14       5      48     14 |    1.40        0.00
GET      GET /quote (API)                                                                 149     0(0.00%) |     23       3    2082     10 |    2.20        0.00
GET      GET /send                                                                         15     0(0.00%) |    426      19    1834    250 |    0.00        0.00
GET      GET /send/pay                                                                    203     0(0.00%) |      8       4      59      8 |    2.90        0.00
GET      GET /send/review                                                                 203     0(0.00%) |     18       4    1462     11 |    2.90        0.00
GET      GET /transactions                                                                 76     0(0.00%) |     28       3    1218     11 |    0.90        0.00
GET      GET /wallet                                                                      128     0(0.00%) |    200       4    2569     15 |    1.60        0.00
POST     POST /admin/cashin/{id}/received                                                 179     0(0.00%) |     14       6      48     13 |    1.80        0.00
POST     POST /cashout/preview                                                             69     0(0.00%) |     14       5      24     15 |    0.90        0.00
POST     POST /login                                                                       25     0(0.00%) |   3063     728    5781   2800 |    0.00        0.00
POST     POST /remittances                                                                174     0(0.00%) |     16       9      89     16 |    2.70        0.00
POST     POST /remittances (declined)                                                      29     0(0.00%) |     15       9      20     15 |    0.20        0.00
--------|----------------------------------------------------------------------------|-------|-------------|-------|-------|-------|-------|--------|-----------
         Aggregated                                                                      1472     0(0.00%) |     88       3    5781     12 |   19.30        0.00

Type     Name                                                                          # reqs      # fails |    Avg     Min     Max    Med |   req/s  failures/s
--------|----------------------------------------------------------------------------|-------|-------------|-------|-------|-------|-------|--------|-----------
GET      GET /admin/cashin                                                                 53     0(0.00%) |     11       3      21     11 |    0.50        0.00
GET      GET /admin/settlements                                                            15     0(0.00%) |     42       5     495     10 |    0.40        0.00
GET      GET /admin/transactions                                                            6     0(0.00%) |     27      12      38     24 |    0.20        0.00
GET      GET /cashout/history                                                              51     0(0.00%) |     14       5      64     13 |    0.80        0.00
GET      GET /dashboard                                                                   101     0(0.00%) |     14       5      48     14 |    1.10        0.00
GET      GET /quote (API)                                                                 154     0(0.00%) |     23       3    2082     10 |    2.20        0.00
GET      GET /send                                                                         15     0(0.00%) |    426      19    1834    250 |    0.00        0.00
GET      GET /send/pay                                                                    205     0(0.00%) |      8       4      59      8 |    3.20        0.00
GET      GET /send/review                                                                 205     0(0.00%) |     17       4    1462     11 |    3.20        0.00
GET      GET /transactions                                                                 79     0(0.00%) |     27       3    1218     11 |    1.00        0.00
GET      GET /wallet                                                                      132     0(0.00%) |    213       4    2569     15 |    1.90        0.00
POST     POST /admin/cashin/{id}/received                                                 183     0(0.00%) |     14       6      48     13 |    2.80        0.00
POST     POST /cashout/preview                                                             71     0(0.00%) |     14       4      26     15 |    0.80        0.00
POST     POST /login                                                                       25     0(0.00%) |   3063     728    5781   2800 |    0.00        0.00
POST     POST /remittances                                                                176     0(0.00%) |     16       9      89     16 |    2.80        0.00
POST     POST /remittances (declined)                                                      29     0(0.00%) |     15       9      20     15 |    0.40        0.00
--------|----------------------------------------------------------------------------|-------|-------------|-------|-------|-------|-------|--------|-----------
         Aggregated                                                                      1500     0(0.00%) |     88       3    5781     12 |   21.30        0.00

Type     Name                                                                          # reqs      # fails |    Avg     Min     Max    Med |   req/s  failures/s
--------|----------------------------------------------------------------------------|-------|-------------|-------|-------|-------|-------|--------|-----------
GET      GET /admin/cashin                                                                 55     0(0.00%) |     11       3      21     11 |    0.40        0.00
GET      GET /admin/settlements                                                            16     0(0.00%) |     40       5     495      9 |    0.40        0.00
GET      GET /admin/transactions                                                            6     0(0.00%) |     27      12      38     24 |    0.20        0.00
GET      GET /cashout/history                                                              54     0(0.00%) |     13       5      64     12 |    0.90        0.00
GET      GET /dashboard                                                                   107     0(0.00%) |     14       5      48     14 |    0.70        0.00
GET      GET /quote (API)                                                                 156     0(0.00%) |     23       3    2082     10 |    2.30        0.00
GET      GET /send                                                                         15     0(0.00%) |    426      19    1834    250 |    0.00        0.00
GET      GET /send/pay                                                                    211     0(0.00%) |      8       4      59      8 |    3.10        0.00
GET      GET /send/review                                                                 211     0(0.00%) |     17       4    1462     11 |    3.00        0.00
GET      GET /transactions                                                                 82     0(0.00%) |     27       3    1218     10 |    1.40        0.00
GET      GET /wallet                                                                      133     0(0.00%) |    212       4    2569     15 |    1.50        0.00
POST     POST /admin/cashin/{id}/received                                                 185     0(0.00%) |     14       6      48     13 |    2.60        0.00
POST     POST /cashout/preview                                                             74     0(0.00%) |     14       4      26     15 |    0.80        0.00
POST     POST /login                                                                       25     0(0.00%) |   3063     728    5781   2800 |    0.00        0.00
POST     POST /remittances                                                                180     0(0.00%) |     16       9      89     16 |    2.70        0.00
POST     POST /remittances (declined)                                                      31     0(0.00%) |     15       9      21     15 |    0.40        0.00
--------|----------------------------------------------------------------------------|-------|-------------|-------|-------|-------|-------|--------|-----------
         Aggregated                                                                      1541     0(0.00%) |     86       3    5781     12 |   20.40        0.00

Type     Name                                                                          # reqs      # fails |    Avg     Min     Max    Med |   req/s  failures/s
--------|----------------------------------------------------------------------------|-------|-------------|-------|-------|-------|-------|--------|-----------
GET      GET /admin/cashin                                                                 57     0(0.00%) |     11       3      21     11 |    0.50        0.00
GET      GET /admin/settlements                                                            16     0(0.00%) |     40       5     495      9 |    0.40        0.00
GET      GET /admin/transactions                                                            7     0(0.00%) |     28      12      38     32 |    0.20        0.00
GET      GET /cashout/history                                                              56     0(0.00%) |     13       4      64     12 |    1.10        0.00
GET      GET /dashboard                                                                   110     0(0.00%) |     14       5      48     14 |    1.10        0.00
GET      GET /quote (API)                                                                 161     0(0.00%) |     23       3    2082     10 |    2.40        0.00
GET      GET /send                                                                         15     0(0.00%) |    426      19    1834    250 |    0.00        0.00
GET      GET /send/pay                                                                    218     0(0.00%) |      8       4      59      8 |    2.50        0.00
GET      GET /send/review                                                                 218     0(0.00%) |     17       4    1462     11 |    2.50        0.00
GET      GET /transactions                                                                 82     0(0.00%) |     27       3    1218     10 |    1.20        0.00
GET      GET /wallet                                                                      138     0(0.00%) |    214       4    2569     15 |    1.60        0.00
POST     POST /admin/cashin/{id}/received                                                 190     0(0.00%) |     14       6      48     13 |    2.60        0.00
POST     POST /cashout/preview                                                             75     0(0.00%) |     14       4      26     15 |    0.70        0.00
POST     POST /login                                                                       25     0(0.00%) |   3063     728    5781   2800 |    0.00        0.00
POST     POST /remittances                                                                187     0(0.00%) |     16       9      89     16 |    2.10        0.00
POST     POST /remittances (declined)                                                      31     0(0.00%) |     15       9      21     15 |    0.40        0.00
--------|----------------------------------------------------------------------------|-------|-------------|-------|-------|-------|-------|--------|-----------
         Aggregated                                                                      1586     0(0.00%) |     85       3    5781     12 |   19.30        0.00

Type     Name                                                                          # reqs      # fails |    Avg     Min     Max    Med |   req/s  failures/s
--------|----------------------------------------------------------------------------|-------|-------------|-------|-------|-------|-------|--------|-----------
GET      GET /admin/cashin                                                                 57     0(0.00%) |     11       3      21     11 |    0.70        0.00
GET      GET /admin/settlements                                                            16     0(0.00%) |     40       5     495      9 |    0.30        0.00
GET      GET /admin/transactions                                                            7     0(0.00%) |     28      12      38     32 |    0.10        0.00
GET      GET /cashout/history                                                              58     0(0.00%) |     13       4      64     12 |    1.00        0.00
GET      GET /dashboard                                                                   112     0(0.00%) |     14       5      48     14 |    1.50        0.00
GET      GET /quote (API)                                                                 167     0(0.00%) |     22       3    2082     10 |    2.00        0.00
GET      GET /send                                                                         15     0(0.00%) |    426      19    1834    250 |    0.00        0.00
GET      GET /send/pay                                                                    222     0(0.00%) |      8       4      59      8 |    2.70        0.00
GET      GET /send/review                                                                 222     0(0.00%) |     17       4    1462     11 |    2.70        0.00
GET      GET /transactions                                                                 84     0(0.00%) |     27       3    1218     11 |    1.20        0.00
GET      GET /wallet                                                                      140     0(0.00%) |    221       4    2569     15 |    1.80        0.00
POST     POST /admin/cashin/{id}/received                                                 190     0(0.00%) |     14       6      48     13 |    3.10        0.00
POST     POST /cashout/preview                                                             76     0(0.00%) |     14       4      26     15 |    0.70        0.00
POST     POST /login                                                                       25     0(0.00%) |   3063     728    5781   2800 |    0.00        0.00
POST     POST /remittances                                                                191     0(0.00%) |     16       9      89     16 |    2.30        0.00
POST     POST /remittances (declined)                                                      31     0(0.00%) |     15       9      21     15 |    0.40        0.00
--------|----------------------------------------------------------------------------|-------|-------------|-------|-------|-------|-------|--------|-----------
         Aggregated                                                                      1613     0(0.00%) |     85       3    5781     12 |   20.50        0.00

Type     Name                                                                          # reqs      # fails |    Avg     Min     Max    Med |   req/s  failures/s
--------|----------------------------------------------------------------------------|-------|-------------|-------|-------|-------|-------|--------|-----------
GET      GET /admin/cashin                                                                 60     0(0.00%) |     11       3      22     11 |    0.60        0.00
GET      GET /admin/settlements                                                            16     0(0.00%) |     40       5     495      9 |    0.30        0.00
GET      GET /admin/transactions                                                            7     0(0.00%) |     28      12      38     32 |    0.10        0.00
GET      GET /cashout/history                                                              59     0(0.00%) |     13       4      64     12 |    1.00        0.00
GET      GET /dashboard                                                                   117     0(0.00%) |     14       5      48     14 |    1.70        0.00
GET      GET /quote (API)                                                                 172     0(0.00%) |     22       3    2082     10 |    2.20        0.00
GET      GET /send                                                                         15     0(0.00%) |    426      19    1834    250 |    0.00        0.00
GET      GET /send/pay                                                                    227     0(0.00%) |      8       4      59      8 |    2.40        0.00
GET      GET /send/review                                                                 227     0(0.00%) |     17       4    1462     11 |    2.40        0.00
GET      GET /transactions                                                                 87     0(0.00%) |     26       3    1218     11 |    1.10        0.00
GET      GET /wallet                                                                      145     0(0.00%) |    249       4    2569     15 |    1.90        0.00
POST     POST /admin/cashin/{id}/received                                                 211     0(0.00%) |     14       6      54     13 |    2.10        0.00
POST     POST /cashout/preview                                                             77     0(0.00%) |     14       4      26     15 |    0.60        0.00
POST     POST /login                                                                       25     0(0.00%) |   3063     728    5781   2800 |    0.00        0.00
POST     POST /remittances                                                                195     0(0.00%) |     16       9      89     16 |    2.00        0.00
POST     POST /remittances (declined)                                                      32     0(0.00%) |     15       9      23     15 |    0.40        0.00
--------|----------------------------------------------------------------------------|-------|-------------|-------|-------|-------|-------|--------|-----------
         Aggregated                                                                      1672     0(0.00%) |     85       3    5781     12 |   18.80        0.00

Type     Name                                                                          # reqs      # fails |    Avg     Min     Max    Med |   req/s  failures/s
--------|----------------------------------------------------------------------------|-------|-------------|-------|-------|-------|-------|--------|-----------
GET      GET /admin/cashin                                                                 61     0(0.00%) |     11       3      22     12 |    0.80        0.00
GET      GET /admin/settlements                                                            17     0(0.00%) |     38       5     495      9 |    0.10        0.00
GET      GET /admin/transactions                                                            7     0(0.00%) |     28      12      38     32 |    0.10        0.00
GET      GET /cashout/history                                                              60     0(0.00%) |     13       4      64     12 |    0.90        0.00
GET      GET /dashboard                                                                   119     0(0.00%) |     14       5      48     14 |    1.80        0.00
GET      GET /quote (API)                                                                 175     0(0.00%) |     22       3    2082     10 |    2.40        0.00
GET      GET /send                                                                         15     0(0.00%) |    426      19    1834    250 |    0.00        0.00
GET      GET /send/pay                                                                    233     0(0.00%) |      8       4      59      8 |    2.10        0.00
GET      GET /send/review                                                                 233     0(0.00%) |     17       4    1462     11 |    2.10        0.00
GET      GET /transactions                                                                 89     0(0.00%) |     26       3    1218     11 |    1.00        0.00
GET      GET /wallet                                                                      147     0(0.00%) |    246       4    2569     15 |    1.50        0.00
POST     POST /admin/cashin/{id}/received                                                 217     0(0.00%) |     14       6      54     13 |    3.20        0.00
POST     POST /cashout/preview                                                             79     0(0.00%) |     14       4      26     15 |    0.70        0.00
POST     POST /login                                                                       25     0(0.00%) |   3063     728    5781   2800 |    0.00        0.00
POST     POST /remittances                                                                199     0(0.00%) |     16       9      89     16 |    1.90        0.00
POST     POST /remittances (declined)                                                      34     0(0.00%) |     15       9      23     16 |    0.20        0.00
--------|----------------------------------------------------------------------------|-------|-------------|-------|-------|-------|-------|--------|-----------
         Aggregated                                                                      1710     0(0.00%) |     84       3    5781     12 |   18.80        0.00

Type     Name                                                                          # reqs      # fails |    Avg     Min     Max    Med |   req/s  failures/s
--------|----------------------------------------------------------------------------|-------|-------------|-------|-------|-------|-------|--------|-----------
GET      GET /admin/cashin                                                                 61     0(0.00%) |     11       3      22     12 |    0.70        0.00
GET      GET /admin/settlements                                                            18     0(0.00%) |     36       5     495      9 |    0.20        0.00
GET      GET /admin/transactions                                                            7     0(0.00%) |     28      12      38     32 |    0.10        0.00
GET      GET /cashout/history                                                              63     0(0.00%) |     13       4      64     12 |    0.90        0.00
GET      GET /dashboard                                                                   122     0(0.00%) |     14       5      48     14 |    2.00        0.00
GET      GET /quote (API)                                                                 178     0(0.00%) |     21       3    2082     10 |    2.00        0.00
GET      GET /send                                                                         15     0(0.00%) |    426      19    1834    250 |    0.00        0.00
GET      GET /send/pay                                                                    240     0(0.00%) |      8       4      59      8 |    2.60        0.00
GET      GET /send/review                                                                 240     0(0.00%) |     16       4    1462     11 |    2.60        0.00
GET      GET /transactions                                                                 90     0(0.00%) |     26       3    1218     11 |    0.80        0.00
GET      GET /wallet                                                                      148     0(0.00%) |    254       4    2569     15 |    1.70        0.00
POST     POST /admin/cashin/{id}/received                                                 217     0(0.00%) |     14       6      54     13 |    2.80        0.00
POST     POST /cashout/preview                                                             84     0(0.00%) |     14       4      26     14 |    0.80        0.00
POST     POST /login                                                                       25     0(0.00%) |   3063     728    5781   2800 |    0.00        0.00
POST     POST /remittances                                                                205     0(0.00%) |     16       9      89     16 |    2.20        0.00
POST     POST /remittances (declined)                                                      35     0(0.00%) |     15       9      23     16 |    0.40        0.00
--------|----------------------------------------------------------------------------|-------|-------------|-------|-------|-------|-------|--------|-----------
         Aggregated                                                                      1748     0(0.00%) |     83       3    5781     12 |   19.80        0.00

Type     Name                                                                          # reqs      # fails |    Avg     Min     Max    Med |   req/s  failures/s
--------|----------------------------------------------------------------------------|-------|-------------|-------|-------|-------|-------|--------|-----------
GET      GET /admin/cashin                                                                 63     0(0.00%) |     11       3      22     12 |    0.60        0.00
GET      GET /admin/settlements                                                            18     0(0.00%) |     36       5     495      9 |    0.20        0.00
GET      GET /admin/transactions                                                            8     0(0.00%) |     28      12      38     27 |    0.10        0.00
GET      GET /cashout/history                                                              66     0(0.00%) |     13       4      64     12 |    0.70        0.00
GET      GET /dashboard                                                                   125     0(0.00%) |     14       5      48     14 |    1.50        0.00
GET      GET /quote (API)                                                                 183     0(0.00%) |     21       3    2082     10 |    2.20        0.00
GET      GET /send                                                                         15     0(0.00%) |    426      19    1834    250 |    0.00        0.00
GET      GET /send/pay                                                                    244     0(0.00%) |      8       4      59      8 |    2.80        0.00
GET      GET /send/review                                                                 244     0(0.00%) |     16       4    1462     11 |    2.80        0.00
GET      GET /transactions                                                                 93     0(0.00%) |     25       3    1218     11 |    0.90        0.00
GET      GET /wallet                                                                      150     0(0.00%) |    251       4    2569     15 |    1.40        0.00
POST     POST /admin/cashin/{id}/received                                                 229     0(0.00%) |     14       6      54     13 |    3.20        0.00
POST     POST /cashout/preview                                                             84     0(0.00%) |     14       4      26     14 |    1.00        0.00
POST     POST /login                                                                       25     0(0.00%) |   3063     728    5781   2800 |    0.00        0.00
POST     POST /remittances                                                                208     0(0.00%) |     16       9      89     16 |    2.30        0.00
POST     POST /remittances (declined)                                                      36     0(0.00%) |     15       9      23     15 |    0.50        0.00
--------|----------------------------------------------------------------------------|-------|-------------|-------|-------|-------|-------|--------|-----------
         Aggregated                                                                      1791     0(0.00%) |     81       3    5781     12 |   20.20        0.00

Type     Name                                                                          # reqs      # fails |    Avg     Min     Max    Med |   req/s  failures/s
--------|----------------------------------------------------------------------------|-------|-------------|-------|-------|-------|-------|--------|-----------
GET      GET /admin/cashin                                                                 65     0(0.00%) |     11       3      22     11 |    0.60        0.00
GET      GET /admin/settlements                                                            18     0(0.00%) |     36       5     495      9 |    0.20        0.00
GET      GET /admin/transactions                                                            8     0(0.00%) |     28      12      38     27 |    0.20        0.00
GET      GET /cashout/history                                                              67     0(0.00%) |     13       4      64     12 |    0.90        0.00
GET      GET /dashboard                                                                   128     0(0.00%) |     14       5      48     14 |    1.40        0.00
GET      GET /quote (API)                                                                 184     0(0.00%) |     21       3    2082     10 |    2.00        0.00
GET      GET /send                                                                         15     0(0.00%) |    426      19    1834    250 |    0.00        0.00
GET      GET /send/pay                                                                    248     0(0.00%) |      8       4      59      8 |    2.90        0.00
GET      GET /send/review                                                                 248     0(0.00%) |     16       4    1462     11 |    2.90        0.00
GET      GET /transactions                                                                 96     0(0.00%) |     25       3    1218     11 |    1.00        0.00
GET      GET /wallet                                                                      152     0(0.00%) |    256       4    2569     15 |    1.10        0.00
POST     POST /admin/cashin/{id}/received                                                 234     0(0.00%) |     14       6      54     13 |    3.90        0.00
POST     POST /cashout/preview                                                             86     0(0.00%) |     14       4      26     14 |    0.90        0.00
POST     POST /login                                                                       25     0(0.00%) |   3063     728    5781   2800 |    0.00        0.00
POST     POST /remittances                                                                210     0(0.00%) |     16       9      89     16 |    2.40        0.00
POST     POST /remittances (declined)                                                      38     0(0.00%) |     15       9      23     16 |    0.50        0.00
--------|----------------------------------------------------------------------------|-------|-------------|-------|-------|-------|-------|--------|-----------
         Aggregated                                                                      1822     0(0.00%) |     81       3    5781     12 |   20.90        0.00

Type     Name                                                                          # reqs      # fails |    Avg     Min     Max    Med |   req/s  failures/s
--------|----------------------------------------------------------------------------|-------|-------------|-------|-------|-------|-------|--------|-----------
GET      GET /admin/cashin                                                                 66     0(0.00%) |     11       3      22     11 |    0.70        0.00
GET      GET /admin/settlements                                                            18     0(0.00%) |     36       5     495      9 |    0.20        0.00
GET      GET /admin/transactions                                                            8     0(0.00%) |     28      12      38     27 |    0.10        0.00
GET      GET /cashout/history                                                              70     0(0.00%) |     13       4      64     12 |    1.00        0.00
GET      GET /dashboard                                                                   130     0(0.00%) |     14       5      48     15 |    1.60        0.00
GET      GET /quote (API)                                                                 190     0(0.00%) |     21       3    2082     10 |    1.90        0.00
GET      GET /send                                                                         15     0(0.00%) |    426      19    1834    250 |    0.00        0.00
GET      GET /send/pay                                                                    254     0(0.00%) |      8       4      59      7 |    2.60        0.00
GET      GET /send/review                                                                 254     0(0.00%) |     16       4    1462     11 |    2.60        0.00
GET      GET /transactions                                                                 98     0(0.00%) |     25       3    1218     11 |    1.30        0.00
GET      GET /wallet                                                                      154     0(0.00%) |    253       4    2569     15 |    1.10        0.00
POST     POST /admin/cashin/{id}/received                                                 234     0(0.00%) |     14       6      54     13 |    4.30        0.00
POST     POST /cashout/preview                                                             88     0(0.00%) |     14       4      26     14 |    1.00        0.00
POST     POST /login                                                                       25     0(0.00%) |   3063     728    5781   2800 |    0.00        0.00
POST     POST /remittances                                                                216     0(0.00%) |     16       9      89     16 |    2.00        0.00
POST     POST /remittances (declined)                                                      38     0(0.00%) |     15       9      23     16 |    0.60        0.00
--------|----------------------------------------------------------------------------|-------|-------------|-------|-------|-------|-------|--------|-----------
         Aggregated                                                                      1858     0(0.00%) |     79       3    5781     12 |   21.00        0.00

Type     Name                                                                          # reqs      # fails |    Avg     Min     Max    Med |   req/s  failures/s
--------|----------------------------------------------------------------------------|-------|-------------|-------|-------|-------|-------|--------|-----------
GET      GET /admin/cashin                                                                 69     0(0.00%) |     11       3      45     11 |    0.60        0.00
GET      GET /admin/settlements                                                            18     0(0.00%) |     36       5     495      9 |    0.20        0.00
GET      GET /admin/transactions                                                            8     0(0.00%) |     28      12      38     27 |    0.10        0.00
GET      GET /cashout/history                                                              72     0(0.00%) |     13       4      64     12 |    1.00        0.00
GET      GET /dashboard                                                                   134     0(0.00%) |     15       5      48     15 |    1.40        0.00
GET      GET /quote (API)                                                                 194     0(0.00%) |     20       3    2082     10 |    1.80        0.00
GET      GET /send                                                                         15     0(0.00%) |    426      19    1834    250 |    0.00        0.00
GET      GET /send/pay                                                                    258     0(0.00%) |      8       4      59      7 |    2.80        0.00
GET      GET /send/review                                                                 258     0(0.00%) |     16       4    1462     11 |    2.80        0.00
GET      GET /transactions                                                                103     0(0.00%) |     24       3    1218     11 |    1.30        0.00
GET      GET /wallet                                                                      156     0(0.00%) |    259       4    2569     15 |    1.10        0.00
POST     POST /admin/cashin/{id}/received                                                 241     0(0.00%) |     14       6      54     13 |    2.30        0.00
POST     POST /cashout/preview                                                             90     0(0.00%) |     14       4      26     14 |    1.20        0.00
POST     POST /login                                                                       25     0(0.00%) |   3063     728    5781   2800 |    0.00        0.00
POST     POST /remittances                                                                218     0(0.00%) |     16       9      89     16 |    2.10        0.00
POST     POST /remittances (declined)                                                      40     0(0.00%) |     15       9      23     16 |    0.70        0.00
--------|----------------------------------------------------------------------------|-------|-------------|-------|-------|-------|-------|--------|-----------
         Aggregated                                                                      1899     0(0.00%) |     79       3    5781     12 |   19.40        0.00

Type     Name                                                                          # reqs      # fails |    Avg     Min     Max    Med |   req/s  failures/s
--------|----------------------------------------------------------------------------|-------|-------------|-------|-------|-------|-------|--------|-----------
GET      GET /admin/cashin                                                                 70     0(0.00%) |     11       3      45     11 |    0.90        0.00
GET      GET /admin/settlements                                                            18     0(0.00%) |     36       5     495      9 |    0.10        0.00
GET      GET /admin/transactions                                                           10     0(0.00%) |     30      12      43     28 |    0.10        0.00
GET      GET /cashout/history                                                              74     0(0.00%) |     13       4      64     12 |    1.10        0.00
GET      GET /dashboard                                                                   135     0(0.00%) |     15       5      48     15 |    1.30        0.00
GET      GET /quote (API)                                                                 199     0(0.00%) |     20       3    2082     10 |    1.90        0.00
GET      GET /send                                                                         15     0(0.00%) |    426      19    1834    250 |    0.00        0.00
GET      GET /send/pay                                                                    265     0(0.00%) |      8       4      59      7 |    2.60        0.00
GET      GET /send/review                                                                 265     0(0.00%) |     16       4    1462     11 |    2.60        0.00
GET      GET /transactions                                                                106     0(0.00%) |     24       3    1218     11 |    1.30        0.00
GET      GET /wallet                                                                      159     0(0.00%) |    262       4    2569     15 |    0.90        0.00
POST     POST /admin/cashin/{id}/received                                                 246     0(0.00%) |     14       6      54     13 |    3.00        0.00
POST     POST /cashout/preview                                                             93     0(0.00%) |     14       4      26     14 |    1.20        0.00
POST     POST /login                                                                       25     0(0.00%) |   3063     728    5781   2800 |    0.00        0.00
POST     POST /remittances                                                                223     0(0.00%) |     16       9      89     16 |    2.00        0.00
POST     POST /remittances (declined)                                                      42     0(0.00%) |     15       9      23     16 |    0.60        0.00
--------|----------------------------------------------------------------------------|-------|-------------|-------|-------|-------|-------|--------|-----------
         Aggregated                                                                      1945     0(0.00%) |     78       3    5781     12 |   19.60        0.00

Type     Name                                                                          # reqs      # fails |    Avg     Min     Max    Med |   req/s  failures/s
--------|----------------------------------------------------------------------------|-------|-------------|-------|-------|-------|-------|--------|-----------
GET      GET /admin/cashin                                                                 71     0(0.00%) |     11       3      45     11 |    0.90        0.00
GET      GET /admin/settlements                                                            19     0(0.00%) |     35       4     495      9 |    0.00        0.00
GET      GET /admin/transactions                                                           10     0(0.00%) |     30      12      43     28 |    0.30        0.00
GET      GET /cashout/history                                                              75     0(0.00%) |     13       4      64     12 |    1.10        0.00
GET      GET /dashboard                                                                   140     0(0.00%) |     15       5      48     15 |    1.30        0.00
GET      GET /quote (API)                                                                 201     0(0.00%) |     20       3    2082     10 |    2.10        0.00
GET      GET /send                                                                         15     0(0.00%) |    426      19    1834    250 |    0.00        0.00
GET      GET /send/pay                                                                    272     0(0.00%) |      8       4      59      7 |    2.50        0.00
GET      GET /send/review                                                                 272     0(0.00%) |     16       4    1462     11 |    2.50        0.00
GET      GET /transactions                                                                107     0(0.00%) |     24       3    1218     11 |    1.60        0.00
GET      GET /wallet                                                                      162     0(0.00%) |    274       4    2569     15 |    1.10        0.00
POST     POST /admin/cashin/{id}/received                                                 253     0(0.00%) |     14       6      54     13 |    2.90        0.00
POST     POST /cashout/preview                                                             95     0(0.00%) |     14       4      26     14 |    0.90        0.00
POST     POST /login                                                                       25     0(0.00%) |   3063     728    5781   2800 |    0.00        0.00
POST     POST /remittances                                                                230     0(0.00%) |     16       9      89     16 |    1.80        0.00
POST     POST /remittances (declined)                                                      42     0(0.00%) |     15       9      23     16 |    0.70        0.00
--------|----------------------------------------------------------------------------|-------|-------------|-------|-------|-------|-------|--------|-----------
         Aggregated                                                                      1989     0(0.00%) |     77       3    5781     12 |   19.70        0.00

Type     Name                                                                          # reqs      # fails |    Avg     Min     Max    Med |   req/s  failures/s
--------|----------------------------------------------------------------------------|-------|-------------|-------|-------|-------|-------|--------|-----------
GET      GET /admin/cashin                                                                 73     0(0.00%) |     11       3      45     11 |    0.70        0.00
GET      GET /admin/settlements                                                            19     0(0.00%) |     35       4     495      9 |    0.00        0.00
GET      GET /admin/transactions                                                           10     0(0.00%) |     30      12      43     28 |    0.20        0.00
GET      GET /cashout/history                                                              78     0(0.00%) |     13       4      64     12 |    1.10        0.00
GET      GET /dashboard                                                                   143     0(0.00%) |     14       5      48     15 |    1.60        0.00
GET      GET /quote (API)                                                                 203     0(0.00%) |     20       3    2082     10 |    2.00        0.00
GET      GET /send                                                                         15     0(0.00%) |    426      19    1834    250 |    0.00        0.00
GET      GET /send/pay                                                                    278     0(0.00%) |      8       4      59      7 |    2.70        0.00
GET      GET /send/review                                                                 278     0(0.00%) |     16       4    1462     11 |    2.70        0.00
GET      GET /transactions                                                                108     0(0.00%) |     24       3    1218     11 |    1.40        0.00
GET      GET /wallet                                                                      163     0(0.00%) |    281       4    2569     16 |    1.20        0.00
POST     POST /admin/cashin/{id}/received                                                 266     0(0.00%) |     14       6      54     13 |    1.70        0.00
POST     POST /cashout/preview                                                             95     0(0.00%) |     14       4      26     14 |    1.00        0.00
POST     POST /login                                                                       25     0(0.00%) |   3063     728    5781   2800 |    0.00        0.00
POST     POST /remittances                                                                236     0(0.00%) |     16       9      89     16 |    2.10        0.00
POST     POST /remittances (declined)                                                      42     0(0.00%) |     15       9      23     16 |    0.60        0.00
--------|----------------------------------------------------------------------------|-------|-------------|-------|-------|-------|-------|--------|-----------
         Aggregated                                                                      2032     0(0.00%) |     77       3    5781     12 |   19.00        0.00

Type     Name                                                                          # reqs      # fails |    Avg     Min     Max    Med |   req/s  failures/s
--------|----------------------------------------------------------------------------|-------|-------------|-------|-------|-------|-------|--------|-----------
GET      GET /admin/cashin                                                                 74     0(0.00%) |     12       3      45     11 |    0.70        0.00
GET      GET /admin/settlements                                                            19     0(0.00%) |     35       4     495      9 |    0.10        0.00
GET      GET /admin/transactions                                                           10     0(0.00%) |     30      12      43     28 |    0.20        0.00
GET      GET /cashout/history                                                              79     0(0.00%) |     13       4      64     12 |    0.90        0.00
GET      GET /dashboard                                                                   143     0(0.00%) |     14       5      48     15 |    1.50        0.00
GET      GET /quote (API)                                                                 207     0(0.00%) |     20       3    2082     10 |    2.00        0.00
GET      GET /send                                                                         15     0(0.00%) |    426      19    1834    250 |    0.00        0.00
GET      GET /send/pay                                                                    289     0(0.00%) |      8       4      59      8 |    2.90        0.00
GET      GET /send/review                                                                 289     0(0.00%) |     15       4    1462     11 |    2.90        0.00
GET      GET /transactions                                                                109     0(0.00%) |     23       3    1218     11 |    1.10        0.00
GET      GET /wallet                                                                      167     0(0.00%) |    292       4    2569     16 |    1.10        0.00
POST     POST /admin/cashin/{id}/received                                                 272     0(0.00%) |     14       6      54     13 |    2.00        0.00
POST     POST /cashout/preview                                                             97     0(0.00%) |     13       4      26     14 |    1.00        0.00
POST     POST /login                                                                       25     0(0.00%) |   3063     728    5781   2800 |    0.00        0.00
POST     POST /remittances                                                                245     0(0.00%) |     16       9      89     16 |    2.40        0.00
POST     POST /remittances (declined)                                                      44     0(0.00%) |     15       9      23     15 |    0.50        0.00
--------|----------------------------------------------------------------------------|-------|-------------|-------|-------|-------|-------|--------|-----------
         Aggregated                                                                      2084     0(0.00%) |     77       3    5781     12 |   19.30        0.00

Type     Name                                                                          # reqs      # fails |    Avg     Min     Max    Med |   req/s  failures/s
--------|----------------------------------------------------------------------------|-------|-------------|-------|-------|-------|-------|--------|-----------
GET      GET /admin/cashin                                                                 77     0(0.00%) |     12       3      45     11 |    0.70        0.00
GET      GET /admin/settlements                                                            19     0(0.00%) |     35       4     495      9 |    0.10        0.00
GET      GET /admin/transactions                                                           10     0(0.00%) |     30      12      43     28 |    0.20        0.00
GET      GET /cashout/history                                                              81     0(0.00%) |     13       4      64     12 |    1.10        0.00
GET      GET /dashboard                                                                   147     0(0.00%) |     15       5      48     15 |    1.30        0.00
GET      GET /quote (API)                                                                 210     0(0.00%) |     20       3    2082     10 |    1.60        0.00
GET      GET /send                                                                         15     0(0.00%) |    426      19    1834    250 |    0.00        0.00
GET      GET /send/pay                                                                    291     0(0.00%) |      8       4      59      8 |    3.30        0.00
GET      GET /send/review                                                                 291     0(0.00%) |     16       4    1462     11 |    3.30        0.00
GET      GET /transactions                                                                111     0(0.00%) |     23       3    1218     11 |    1.20        0.00
GET      GET /wallet                                                                      171     0(0.00%) |    300       4    2569     16 |    1.20        0.00
POST     POST /admin/cashin/{id}/received                                                 276     0(0.00%) |     14       6      54     13 |    3.20        0.00
POST     POST /cashout/preview                                                             97     0(0.00%) |     13       4      26     14 |    0.80        0.00
POST     POST /login                                                                       25     0(0.00%) |   3063     728    5781   2800 |    0.00        0.00
POST     POST /remittances                                                                247     0(0.00%) |     16       9      89     16 |    2.90        0.00
POST     POST /remittances (declined)                                                      44     0(0.00%) |     15       9      23     15 |    0.40        0.00
--------|----------------------------------------------------------------------------|-------|-------------|-------|-------|-------|-------|--------|-----------
         Aggregated                                                                      2112     0(0.00%) |     77       3    5781     12 |   21.30        0.00

Type     Name                                                                          # reqs      # fails |    Avg     Min     Max    Med |   req/s  failures/s
--------|----------------------------------------------------------------------------|-------|-------------|-------|-------|-------|-------|--------|-----------
GET      GET /admin/cashin                                                                 78     0(0.00%) |     12       3      45     11 |    0.80        0.00
GET      GET /admin/settlements                                                            19     0(0.00%) |     35       4     495      9 |    0.10        0.00
GET      GET /admin/transactions                                                           10     0(0.00%) |     30      12      43     28 |    0.20        0.00
GET      GET /cashout/history                                                              82     0(0.00%) |     13       4      64     12 |    0.90        0.00
GET      GET /dashboard                                                                   153     0(0.00%) |     15       5      48     15 |    1.30        0.00
GET      GET /quote (API)                                                                 214     0(0.00%) |     19       3    2082     10 |    1.60        0.00
GET      GET /send                                                                         15     0(0.00%) |    426      19    1834    250 |    0.00        0.00
GET      GET /send/pay                                                                    301     0(0.00%) |      8       4      59      8 |    3.30        0.00
GET      GET /send/review                                                                 301     0(0.00%) |     15       4    1462     11 |    3.30        0.00
GET      GET /transactions                                                                111     0(0.00%) |     23       3    1218     11 |    0.80        0.00
GET      GET /wallet                                                                      173     0(0.00%) |    306       4    2569     16 |    1.50        0.00
POST     POST /admin/cashin/{id}/received                                                 285     0(0.00%) |     14       6      54     13 |    3.50        0.00
POST     POST /cashout/preview                                                             98     0(0.00%) |     13       4      26     14 |    0.70        0.00
POST     POST /login                                                                       25     0(0.00%) |   3063     728    5781   2800 |    0.00        0.00
POST     POST /remittances                                                                256     0(0.00%) |     16       9      89     16 |    2.90        0.00
POST     POST /remittances (declined)                                                      45     0(0.00%) |     15       9      23     16 |    0.40        0.00
--------|----------------------------------------------------------------------------|-------|-------------|-------|-------|-------|-------|--------|-----------
         Aggregated                                                                      2166     0(0.00%) |     76       3    5781     12 |   21.30        0.00

Type     Name                                                                          # reqs      # fails |    Avg     Min     Max    Med |   req/s  failures/s
--------|----------------------------------------------------------------------------|-------|-------------|-------|-------|-------|-------|--------|-----------
GET      GET /admin/cashin                                                                 80     0(0.00%) |     12       3      45     11 |    0.80        0.00
GET      GET /admin/settlements                                                            19     0(0.00%) |     35       4     495      9 |    0.10        0.00
GET      GET /admin/transactions                                                           10     0(0.00%) |     30      12      43     28 |    0.00        0.00
GET      GET /cashout/history                                                              83     0(0.00%) |     13       4      64     12 |    0.70        0.00
GET      GET /dashboard                                                                   156     0(0.00%) |     15       5      48     15 |    1.40        0.00
GET      GET /quote (API)                                                                 217     0(0.00%) |     19       3    2082     10 |    1.60        0.00
GET      GET /send                                                                         15     0(0.00%) |    426      19    1834    250 |    0.00        0.00
GET      GET /send/pay                                                                    307     0(0.00%) |      8       4      59      8 |    3.60        0.00
GET      GET /send/review                                                                 307     0(0.00%) |     15       4    1462     11 |    3.60        0.00
GET      GET /transactions                                                                112     0(0.00%) |     23       3    1218     11 |    0.60        0.00
GET      GET /wallet                                                                      177     0(0.00%) |    323       4    2569     16 |    1.60        0.00
POST     POST /admin/cashin/{id}/received                                                 288     0(0.00%) |     14       6      54     13 |    3.50        0.00
POST     POST /cashout/preview                                                            102     0(0.00%) |     14       4      39     14 |    0.60        0.00
POST     POST /login                                                                       25     0(0.00%) |   3063     728    5781   2800 |    0.00        0.00
POST     POST /remittances                                                                260     0(0.00%) |     16       9      89     16 |    3.30        0.00
POST     POST /remittances (declined)                                                      47     0(0.00%) |     15       9      23     16 |    0.30        0.00
--------|----------------------------------------------------------------------------|-------|-------------|-------|-------|-------|-------|--------|-----------
         Aggregated                                                                      2205     0(0.00%) |     77       3    5781     12 |   21.70        0.00

Type     Name                                                                          # reqs      # fails |    Avg     Min     Max    Med |   req/s  failures/s
--------|----------------------------------------------------------------------------|-------|-------------|-------|-------|-------|-------|--------|-----------
GET      GET /admin/cashin                                                                 82     0(0.00%) |     12       3      45     11 |    0.90        0.00
GET      GET /admin/settlements                                                            19     0(0.00%) |     35       4     495      9 |    0.00        0.00
GET      GET /admin/transactions                                                           10     0(0.00%) |     30      12      43     28 |    0.00        0.00
GET      GET /cashout/history                                                              84     0(0.00%) |     13       4      64     12 |    0.80        0.00
GET      GET /dashboard                                                                   160     0(0.00%) |     15       5      48     15 |    1.60        0.00
GET      GET /quote (API)                                                                 221     0(0.00%) |     19       3    2082     10 |    1.60        0.00
GET      GET /send                                                                         15     0(0.00%) |    426      19    1834    250 |    0.00        0.00
GET      GET /send/pay                                                                    312     0(0.00%) |      8       4      59      8 |    3.50        0.00
GET      GET /send/review                                                                 312     0(0.00%) |     15       4    1462     11 |    3.50        0.00
GET      GET /transactions                                                                113     0(0.00%) |     23       3    1218     11 |    0.50        0.00
GET      GET /wallet                                                                      181     0(0.00%) |    330       4    2569     16 |    1.50        0.00
POST     POST /admin/cashin/{id}/received                                                 291     0(0.00%) |     14       6      54     13 |    3.50        0.00
POST     POST /cashout/preview                                                            103     0(0.00%) |     14       4      39     14 |    0.70        0.00
POST     POST /login                                                                       25     0(0.00%) |   3063     728    5781   2800 |    0.00        0.00
POST     POST /remittances                                                                262     0(0.00%) |     16       9      89     16 |    3.10        0.00
POST     POST /remittances (declined)                                                      50     0(0.00%) |     15       9      23     15 |    0.50        0.00
--------|----------------------------------------------------------------------------|-------|-------------|-------|-------|-------|-------|--------|-----------
         Aggregated                                                                      2240     0(0.00%) |     77       3    5781     12 |   21.70        0.00

Type     Name                                                                          # reqs      # fails |    Avg     Min     Max    Med |   req/s  failures/s
--------|----------------------------------------------------------------------------|-------|-------------|-------|-------|-------|-------|--------|-----------
GET      GET /admin/cashin                                                                 84     0(0.00%) |     12       3      45     12 |    1.00        0.00
GET      GET /admin/settlements                                                            20     0(0.00%) |     33       4     495      9 |    0.00        0.00
GET      GET /admin/transactions                                                           10     0(0.00%) |     30      12      43     28 |    0.00        0.00
GET      GET /cashout/history                                                              84     0(0.00%) |     13       4      64     12 |    0.70        0.00
GET      GET /dashboard                                                                   161     0(0.00%) |     15       5      48     15 |    1.70        0.00
GET      GET /quote (API)                                                                 227     0(0.00%) |     19       3    2082     10 |    1.70        0.00
GET      GET /send                                                                         15     0(0.00%) |    426      19    1834    250 |    0.00        0.00
GET      GET /send/pay                                                                    319     0(0.00%) |      8       4      59      8 |    3.50        0.00
GET      GET /send/review                                                                 319     0(0.00%) |     15       4    1462     11 |    3.50        0.00
GET      GET /transactions                                                                114     0(0.00%) |     23       3    1218     11 |    0.50        0.00
GET      GET /wallet                                                                      184     0(0.00%) |    333       4    2569     16 |    1.50        0.00
POST     POST /admin/cashin/{id}/received                                                 295     0(0.00%) |     14       6      54     13 |    3.70        0.00
POST     POST /cashout/preview                                                            107     0(0.00%) |     14       4      39     14 |    0.80        0.00
POST     POST /login                                                                       25     0(0.00%) |   3063     728    5781   2800 |    0.00        0.00
POST     POST /remittances                                                                266     0(0.00%) |     16       9      89     16 |    2.80        0.00
POST     POST /remittances (declined)                                                      53     0(0.00%) |     15       9      23     16 |    0.70        0.00
--------|----------------------------------------------------------------------------|-------|-------------|-------|-------|-------|-------|--------|-----------
         Aggregated                                                                      2283     0(0.00%) |     76       3    5781     12 |   22.10        0.00

Type     Name                                                                          # reqs      # fails |    Avg     Min     Max    Med |   req/s  failures/s
--------|----------------------------------------------------------------------------|-------|-------------|-------|-------|-------|-------|--------|-----------
GET      GET /admin/cashin                                                                 85     0(0.00%) |     12       3      45     12 |    1.00        0.00
GET      GET /admin/settlements                                                            20     0(0.00%) |     33       4     495      9 |    0.10        0.00
GET      GET /admin/transactions                                                           10     0(0.00%) |     30      12      43     28 |    0.00        0.00
GET      GET /cashout/history                                                              86     0(0.00%) |     13       4      64     12 |    0.50        0.00
GET      GET /dashboard                                                                   164     0(0.00%) |     15       5      48     15 |    1.80        0.00
GET      GET /quote (API)                                                                 230     0(0.00%) |     19       3    2082     10 |    2.00        0.00
GET      GET /send                                                                         15     0(0.00%) |    426      19    1834    250 |    0.00        0.00
GET      GET /send/pay                                                                    326     0(0.00%) |      8       4      59      8 |    3.00        0.00
GET      GET /send/review                                                                 326     0(0.00%) |     15       4    1462     11 |    3.00        0.00
GET      GET /transactions                                                                114     0(0.00%) |     23       3    1218     11 |    0.50        0.00
GET      GET /wallet                                                                      185     0(0.00%) |    338       4    2569     17 |    1.70        0.00
POST     POST /admin/cashin/{id}/received                                                 300     0(0.00%) |     14       6      54     13 |    2.30        0.00
POST     POST /cashout/preview                                                            111     0(0.00%) |     14       4      39     14 |    1.00        0.00
POST     POST /login                                                                       25     0(0.00%) |   3063     728    5781   2800 |    0.00        0.00
POST     POST /remittances                                                                272     0(0.00%) |     16       9      89     16 |    2.10        0.00
POST     POST /remittances (declined)                                                      54     0(0.00%) |     15       9      23     15 |    0.90        0.00
--------|----------------------------------------------------------------------------|-------|-------------|-------|-------|-------|-------|--------|-----------
         Aggregated                                                                      2323     0(0.00%) |     76       3    5781     12 |   19.90        0.00

[2026-09-28 14:02:11,602] Mac/INFO/locust.main: --run-time limit reached, shutting down

Requests: 2351  failures: 0  median: 12 ms  p95: 32 ms  rps: 19.6
[2026-09-28 14:02:11,629] Mac/INFO/locust.main: Shutting down (exit code 0)
Type     Name                                                                          # reqs      # fails |    Avg     Min     Max    Med |   req/s  failures/s
--------|----------------------------------------------------------------------------|-------|-------------|-------|-------|-------|-------|--------|-----------
GET      GET /admin/cashin                                                                 86     0(0.00%) |     12       3      45     12 |    0.72        0.00
GET      GET /admin/settlements                                                            20     0(0.00%) |     33       4     495      9 |    0.17        0.00
GET      GET /admin/transactions                                                           11     0(0.00%) |     30      12      43     32 |    0.09        0.00
GET      GET /cashout/history                                                              86     0(0.00%) |     13       4      64     12 |    0.72        0.00
GET      GET /dashboard                                                                   166     0(0.00%) |     15       5      48     15 |    1.39        0.00
GET      GET /quote (API)                                                                 238     0(0.00%) |     18       3    2082     10 |    1.99        0.00
GET      GET /send                                                                         15     0(0.00%) |    426      19    1834    250 |    0.13        0.00
GET      GET /send/pay                                                                    329     0(0.00%) |      8       4      59      8 |    2.75        0.00
GET      GET /send/review                                                                 329     0(0.00%) |     15       4    1462     11 |    2.75        0.00
GET      GET /transactions                                                                116     0(0.00%) |     23       3    1218     11 |    0.97        0.00
GET      GET /wallet                                                                      186     0(0.00%) |    336       4    2569     16 |    1.55        0.00
POST     POST /admin/cashin/{id}/received                                                 302     0(0.00%) |     14       6      54     13 |    2.52        0.00
POST     POST /cashout/preview                                                            113     0(0.00%) |     14       4      39     14 |    0.94        0.00
POST     POST /login                                                                       25     0(0.00%) |   3063     728    5781   2800 |    0.21        0.00
POST     POST /remittances                                                                275     0(0.00%) |     16       9      89     16 |    2.29        0.00
POST     POST /remittances (declined)                                                      54     0(0.00%) |     15       9      23     15 |    0.45        0.00
--------|----------------------------------------------------------------------------|-------|-------------|-------|-------|-------|-------|--------|-----------
         Aggregated                                                                      2351     0(0.00%) |     75       3    5781     12 |   19.62        0.00

Response time percentiles (approximated)
Type     Name                                                                                  50%    66%    75%    80%    90%    95%    98%    99%  99.9% 99.99%   100% # reqs
--------|--------------------------------------------------------------------------------|--------|------|------|------|------|------|------|------|------|------|------|------
GET      GET /admin/cashin                                                                      12     14     16     17     17     19     22     46     46     46     46     86
GET      GET /admin/settlements                                                                  9     10     11     12     25    500    500    500    500    500    500     20
GET      GET /admin/transactions                                                                32     34     37     37     38     43     43     43     43     43     43     11
GET      GET /cashout/history                                                                   13     15     16     16     18     21     39     65     65     65     65     86
GET      GET /dashboard                                                                         15     17     18     18     20     23     37     48     49     49     49    166
GET      GET /quote (API)                                                                       10     11     12     12     15     19     27     31   2100   2100   2100    238
GET      GET /send                                                                             250    290    500    720   1800   1800   1800   1800   1800   1800   1800     15
GET      GET /send/pay                                                                           8      8      9      9     10     11     16     42     60     60     60    329
GET      GET /send/review                                                                       11     13     13     14     15     16     21     23   1500   1500   1500    329
GET      GET /transactions                                                                      11     14     16     17     19     21     45     73   1200   1200   1200    116
GET      GET /wallet                                                                            17     20     42   1300   1400   1500   1600   1800   2600   2600   2600    186
POST     POST /admin/cashin/{id}/received                                                       13     15     17     18     21     23     26     38     54     54     54    302
POST     POST /cashout/preview                                                                  14     16     17     18     20     23     25     27     39     39     39    113
POST     POST /login                                                                          2800   3300   4000   4800   5300   5800   5800   5800   5800   5800   5800     25
POST     POST /remittances                                                                      16     17     17     18     19     21     27     63     90     90     90    275
POST     POST /remittances (declined)                                                           16     17     18     18     20     22     23     24     24     24     24     54
--------|--------------------------------------------------------------------------------|--------|------|------|------|------|------|------|------|------|------|------|------
         Aggregated                                                                             12     15     16     17     20     32   1400   1800   5300   5800   5800   2351

