[2026-09-28 14:02:22,272] Mac/INFO/locust.main: Starting Locust 2.32.4
[2026-09-28 14:02:22,275] Mac/INFO/locust.main: Run time limit set to 120 seconds
Type     Name                                                                          # reqs      # fails |    Avg     Min     Max    Med |   req/s  failures/s
--------|----------------------------------------------------------------------------|-------|-------------|-------|-------|-------|-------|--------|-----------
--------|----------------------------------------------------------------------------|-------|-------------|-------|-------|-------|-------|--------|-----------
         Aggregated                                                                         0     0(0.00%) |      0       0       0      0 |    0.00        0.00

[2026-09-28 14:02:22,275] Mac/INFO/locust.runners: Ramping to 50 users at a rate of 5.00 per second
Type     Name                                                                          # reqs      # fails |    Avg     Min     Max    Med |   req/s  failures/s
--------|----------------------------------------------------------------------------|-------|-------------|-------|-------|-------|-------|--------|-----------
GET      GET /admin/cashin                                                                  1     0(0.00%) |     15      15      15     15 |    0.00        0.00
POST     POST /login                                                                        1     0(0.00%) |   1478    1478    1478   1478 |    0.00        0.00
--------|----------------------------------------------------------------------------|-------|-------------|-------|-------|-------|-------|--------|-----------
         Aggregated                                                                         2     0(0.00%) |    746      15    1478     15 |    0.00        0.00

Type     Name                                                                          # reqs      # fails |    Avg     Min     Max    Med |   req/s  failures/s
--------|----------------------------------------------------------------------------|-------|-------------|-------|-------|-------|-------|--------|-----------
GET      GET /admin/cashin                                                                  1     0(0.00%) |     15      15      15     15 |    0.00        0.00
POST     POST /login                                                                        4     0(0.00%) |   2724    1478    3142   3100 |    0.00        0.00
--------|----------------------------------------------------------------------------|-------|-------------|-------|-------|-------|-------|--------|-----------
         Aggregated                                                                         5     0(0.00%) |   2182      15    3142   3100 |    0.00        0.00

Type     Name                                                                          # reqs      # fails |    Avg     Min     Max    Med |   req/s  failures/s
--------|----------------------------------------------------------------------------|-------|-------------|-------|-------|-------|-------|--------|-----------
GET      GET /admin/cashin                                                                  1     0(0.00%) |     15      15      15     15 |    0.25        0.00
GET      GET /admin/transactions                                                            1     0(0.00%) |    327     327     327    327 |    0.00        0.00
GET      GET /send                                                                          3     0(0.00%) |   1419     506    2799    950 |    0.00        0.00
POST     POST /login                                                                       12     0(0.00%) |   2910    1478    4699   3100 |    1.00        0.00
--------|----------------------------------------------------------------------------|-------|-------------|-------|-------|-------|-------|--------|-----------
         Aggregated                                                                        17     0(0.00%) |   2325      15    4699   2800 |    1.25        0.00

Type     Name                                                                          # reqs      # fails |    Avg     Min     Max    Med |   req/s  failures/s
--------|----------------------------------------------------------------------------|-------|-------------|-------|-------|-------|-------|--------|-----------
GET      GET /admin/cashin                                                                  1     0(0.00%) |     15      15      15     15 |    0.20        0.00
GET      GET /admin/transactions                                                            2     0(0.00%) |    738     327    1148    330 |    0.20        0.00
GET      GET /cashout/history                                                               1     0(0.00%) |   3005    3005    3005   3005 |    0.00        0.00
GET      GET /quote (API)                                                                   1     0(0.00%) |   2306    2306    2306   2306 |    0.00        0.00
GET      GET /send                                                                          4     0(0.00%) |   1410     506    2799    950 |    0.40        0.00
GET      GET /send/review                                                                   1     0(0.00%) |   1433    1433    1433   1433 |    0.00        0.00
POST     POST /cashout/preview                                                              1     0(0.00%) |   3255    3255    3255   3255 |    0.00        0.00
POST     POST /login                                                                       21     0(0.00%) |   3568    1478    6393   3100 |    1.60        0.00
--------|----------------------------------------------------------------------------|-------|-------------|-------|-------|-------|-------|--------|-----------
         Aggregated                                                                        32     0(0.00%) |   2877      15    6393   3100 |    2.40        0.00

[2026-09-28 14:02:31,306] Mac/INFO/locust.runners: All users spawned: {"AdminUser": 5, "RecipientUser": 15, "SenderUser": 30} (50 total users)
Type     Name                                                                          # reqs      # fails |    Avg     Min     Max    Med |   req/s  failures/s
--------|----------------------------------------------------------------------------|-------|-------------|-------|-------|-------|-------|--------|-----------
GET      GET /admin/cashin                                                                  3     0(0.00%) |   1281      15    2128   1700 |    0.14        0.00
GET      GET /admin/transactions                                                            2     0(0.00%) |    738     327    1148    330 |    0.14        0.00
GET      GET /cashout/history                                                               1     0(0.00%) |   3005    3005    3005   3005 |    0.00        0.00
GET      GET /quote (API)                                                                   2     0(0.00%) |   3126    2306    3947   2306 |    0.14        0.00
GET      GET /send                                                                         10     0(0.00%) |   1877     506    2799   2100 |    0.43        0.00
GET      GET /send/review                                                                   1     0(0.00%) |   1433    1433    1433   1433 |    0.00        0.00
GET      GET /wallet                                                                        1     0(0.00%) |   3957    3957    3957   3957 |    0.00        0.00
POST     POST /cashout/preview                                                              2     0(0.00%) |   3493    3255    3731   3300 |    0.14        0.00
POST     POST /login                                                                       29     0(0.00%) |   3989    1478    7964   4000 |    1.86        0.00
--------|----------------------------------------------------------------------------|-------|-------------|-------|-------|-------|-------|--------|-----------
         Aggregated                                                                        51     0(0.00%) |   3165      15    7964   3100 |    2.86        0.00

Type     Name                                                                          # reqs      # fails |    Avg     Min     Max    Med |   req/s  failures/s
--------|----------------------------------------------------------------------------|-------|-------------|-------|-------|-------|-------|--------|-----------
GET      GET /admin/cashin                                                                  8     0(0.00%) |    972       6    2133    510 |    0.30        0.00
GET      GET /admin/transactions                                                            2     0(0.00%) |    738     327    1148    330 |    0.20        0.00
GET      GET /cashout/history                                                               2     0(0.00%) |   3246    3005    3487   3005 |    0.10        0.00
GET      GET /dashboard                                                                     8     0(0.00%) |   1262      37    2792    550 |    0.00        0.00
GET      GET /quote (API)                                                                   9     0(0.00%) |   1317      23    3947     65 |    0.20        0.00
GET      GET /send                                                                         30     0(0.00%) |   1353      40    2799   1200 |    1.00        0.00
GET      GET /send/pay                                                                     13     0(0.00%) |    376      24    3197     47 |    0.00        0.00
GET      GET /send/review                                                                  13     0(0.00%) |    872      51    2582     68 |    0.10        0.00
GET      GET /transactions                                                                  3     0(0.00%) |   1031      31    1851   1200 |    0.00        0.00
GET      GET /wallet                                                                        7     0(0.00%) |   1566      53    3957   1200 |    0.10        0.00
POST     POST /admin/cashin/{id}/received                                                   4     0(0.00%) |     80      12     134     78 |    0.00        0.00
POST     POST /cashout/preview                                                             11     0(0.00%) |   2495      68    5805   2900 |    0.20        0.00
POST     POST /login                                                                       50     0(0.00%) |   4041    1478    7964   4000 |    2.90        0.00
POST     POST /remittances                                                                 10     0(0.00%) |    198      23    1316     73 |    0.00        0.00
POST     POST /remittances (declined)                                                       3     0(0.00%) |     60      35     105     41 |    0.00        0.00
--------|----------------------------------------------------------------------------|-------|-------------|-------|-------|-------|-------|--------|-----------
         Aggregated                                                                       173     0(0.00%) |   1969       6    7964   1700 |    5.10        0.00

Type     Name                                                                          # reqs      # fails |    Avg     Min     Max    Med |   req/s  failures/s
--------|----------------------------------------------------------------------------|-------|-------------|-------|-------|-------|-------|--------|-----------
GET      GET /admin/cashin                                                                  8     0(0.00%) |    972       6    2133    510 |    0.20        0.00
GET      GET /admin/transactions                                                            2     0(0.00%) |    738     327    1148    330 |    0.20        0.00
GET      GET /cashout/history                                                               4     0(0.00%) |   1638       6    3487     53 |    0.10        0.00
GET      GET /dashboard                                                                    10     0(0.00%) |   1012       7    2792     55 |    0.10        0.00
GET      GET /quote (API)                                                                  13     0(0.00%) |    913       4    3947     38 |    0.20        0.00
GET      GET /send                                                                         30     0(0.00%) |   1353      40    2799   1200 |    1.40        0.00
GET      GET /send/pay                                                                     21     0(0.00%) |    236       5    3197     29 |    0.10        0.00
GET      GET /send/review                                                                  21     0(0.00%) |    544       5    2582     57 |    0.20        0.00
GET      GET /transactions                                                                  6     0(0.00%) |    519       6    1851      9 |    0.10        0.00
GET      GET /wallet                                                                        8     0(0.00%) |   1371       7    3957    420 |    0.30        0.00
POST     POST /admin/cashin/{id}/received                                                  12     0(0.00%) |     37       8     134     12 |    0.00        0.00
POST     POST /cashout/preview                                                             17     0(0.00%) |   1619       8    5805    110 |    0.40        0.00
POST     POST /login                                                                       50     0(0.00%) |   4041    1478    7964   4000 |    3.40        0.00
POST     POST /remittances                                                                 17     0(0.00%) |    123      12    1316     42 |    0.00        0.00
POST     POST /remittances (declined)                                                       4     0(0.00%) |     49      15     105     35 |    0.00        0.00
--------|----------------------------------------------------------------------------|-------|-------------|-------|-------|-------|-------|--------|-----------
         Aggregated                                                                       223     0(0.00%) |   1530       4    7964    330 |    6.70        0.00

Type     Name                                                                          # reqs      # fails |    Avg     Min     Max    Med |   req/s  failures/s
--------|----------------------------------------------------------------------------|-------|-------------|-------|-------|-------|-------|--------|-----------
GET      GET /admin/cashin                                                                 11     0(0.00%) |    708       2    2133     44 |    0.70        0.00
GET      GET /admin/settlements                                                             1     0(0.00%) |     15      15      15     15 |    0.00        0.00
GET      GET /admin/transactions                                                            3     0(0.00%) |    496      13    1148    330 |    0.20        0.00
GET      GET /cashout/history                                                               6     0(0.00%) |   1095       6    3487      9 |    0.30        0.00
GET      GET /dashboard                                                                    19     0(0.00%) |    538       3    2792     18 |    1.00        0.00
GET      GET /quote (API)                                                                  23     0(0.00%) |    519       4    3947     11 |    1.10        0.00
GET      GET /send                                                                         30     0(0.00%) |   1353      40    2799   1200 |    3.00        0.00
GET      GET /send/pay                                                                     32     0(0.00%) |    157       5    3197      9 |    1.70        0.00
GET      GET /send/review                                                                  32     0(0.00%) |    360       5    2582     14 |    1.90        0.00
GET      GET /transactions                                                                  7     0(0.00%) |    447       6    1851     12 |    0.50        0.00
GET      GET /wallet                                                                       15     0(0.00%) |    736       5    3957     31 |    0.80        0.00
POST     POST /admin/cashin/{id}/received                                                  27     0(0.00%) |     24       7     134     13 |    1.20        0.00
POST     POST /cashout/preview                                                             20     0(0.00%) |   1378       7    5805     68 |    1.50        0.00
POST     POST /login                                                                       50     0(0.00%) |   4041    1478    7964   4000 |    4.60        0.00
POST     POST /remittances                                                                 28     0(0.00%) |     81      11    1316     17 |    1.40        0.00
POST     POST /remittances (declined)                                                       4     0(0.00%) |     49      15     105     35 |    0.30        0.00
--------|----------------------------------------------------------------------------|-------|-------------|-------|-------|-------|-------|--------|-----------
         Aggregated                                                                       308     0(0.00%) |   1111       2    7964     47 |   20.20        0.00

Type     Name                                                                          # reqs      # fails |    Avg     Min     Max    Med |   req/s  failures/s
--------|----------------------------------------------------------------------------|-------|-------------|-------|-------|-------|-------|--------|-----------
GET      GET /admin/cashin                                                                 14     0(0.00%) |    559       2    2133     12 |    1.00        0.00
GET      GET /admin/settlements                                                             1     0(0.00%) |     15      15      15     15 |    0.10        0.00
GET      GET /admin/transactions                                                            3     0(0.00%) |    496      13    1148    330 |    0.20        0.00
GET      GET /cashout/history                                                               9     0(0.00%) |    733       6    3487      9 |    0.50        0.00
GET      GET /dashboard                                                                    22     0(0.00%) |    466       3    2792     18 |    1.80        0.00
GET      GET /quote (API)                                                                  32     0(0.00%) |    375       4    3947      8 |    2.10        0.00
GET      GET /send                                                                         30     0(0.00%) |   1353      40    2799   1200 |    2.80        0.00
GET      GET /send/pay                                                                     43     0(0.00%) |    119       4    3197      9 |    2.90        0.00
GET      GET /send/review                                                                  43     0(0.00%) |    271       4    2582     12 |    2.90        0.00
GET      GET /transactions                                                                 11     0(0.00%) |    287       5    1851     11 |    0.60        0.00
GET      GET /wallet                                                                       25     0(0.00%) |    446       5    3957     11 |    1.40        0.00
POST     POST /admin/cashin/{id}/received                                                  32     0(0.00%) |     23       7     134     14 |    2.70        0.00
POST     POST /cashout/preview                                                             24     0(0.00%) |   1151       7    5805     19 |    2.00        0.00
POST     POST /login                                                                       50     0(0.00%) |   4041    1478    7964   4000 |    4.00        0.00
POST     POST /remittances                                                                 37     0(0.00%) |     65      11    1316     16 |    2.50        0.00
POST     POST /remittances (declined)                                                       6     0(0.00%) |     38      15     105     16 |    0.40        0.00
--------|----------------------------------------------------------------------------|-------|-------------|-------|-------|-------|-------|--------|-----------
         Aggregated                                                                       382     0(0.00%) |    898       2    7964     17 |   27.90        0.00

Type     Name                                                                          # reqs      # fails |    Avg     Min     Max    Med |   req/s  failures/s
--------|----------------------------------------------------------------------------|-------|-------------|-------|-------|-------|-------|--------|-----------
GET      GET /admin/cashin                                                                 16     0(0.00%) |    490       2    2133     10 |    1.00        0.00
GET      GET /admin/settlements                                                             1     0(0.00%) |     15      15      15     15 |    0.10        0.00
GET      GET /admin/transactions                                                            3     0(0.00%) |    496      13    1148    330 |    0.10        0.00
GET      GET /cashout/history                                                              10     0(0.00%) |    660       4    3487      9 |    0.80        0.00
GET      GET /dashboard                                                                    28     0(0.00%) |    368       3    2792     15 |    2.00        0.00
GET      GET /quote (API)                                                                  41     0(0.00%) |    295       3    3947      8 |    2.80        0.00
GET      GET /send                                                                         30     0(0.00%) |   1353      40    2799   1200 |    2.60        0.00
GET      GET /send/pay                                                                     60     0(0.00%) |     87       3    3197      9 |    4.00        0.00
GET      GET /send/review                                                                  60     0(0.00%) |    197       3    2582     11 |    3.90        0.00
GET      GET /transactions                                                                 15     0(0.00%) |    213       5    1851      9 |    1.00        0.00
GET      GET /wallet                                                                       34     0(0.00%) |    331       5    3957     11 |    2.50        0.00
POST     POST /admin/cashin/{id}/received                                                  61     0(0.00%) |     18       6     134     14 |    2.70        0.00
POST     POST /cashout/preview                                                             28     0(0.00%) |    987       5    5805     16 |    2.30        0.00
POST     POST /login                                                                       50     0(0.00%) |   4041    1478    7964   4000 |    2.90        0.00
POST     POST /remittances                                                                 50     0(0.00%) |     51       9    1316     16 |    3.40        0.00
POST     POST /remittances (declined)                                                      10     0(0.00%) |     29      14     105     16 |    0.60        0.00
--------|----------------------------------------------------------------------------|-------|-------------|-------|-------|-------|-------|--------|-----------
         Aggregated                                                                       497     0(0.00%) |    692       2    7964     15 |   32.70        0.00

Type     Name                                                                          # reqs      # fails |    Avg     Min     Max    Med |   req/s  failures/s
--------|----------------------------------------------------------------------------|-------|-------------|-------|-------|-------|-------|--------|-----------
GET      GET /admin/cashin                                                                 19     0(0.00%) |    414       2    2133     12 |    1.30        0.00
GET      GET /admin/settlements                                                             1     0(0.00%) |     15      15      15     15 |    0.10        0.00
GET      GET /admin/transactions                                                            5     0(0.00%) |    306      13    1148     23 |    0.10        0.00
GET      GET /cashout/history                                                              14     0(0.00%) |    474       3    3487      9 |    0.90        0.00
GET      GET /dashboard                                                                    31     0(0.00%) |    333       3    2792     13 |    2.70        0.00
GET      GET /quote (API)                                                                  44     0(0.00%) |    275       3    3947      8 |    3.70        0.00
GET      GET /send                                                                         30     0(0.00%) |   1353      40    2799   1200 |    2.00        0.00
GET      GET /send/pay                                                                     75     0(0.00%) |     71       3    3197      8 |    5.60        0.00
GET      GET /send/review                                                                  75     0(0.00%) |    159       3    2582     10 |    5.50        0.00
GET      GET /transactions                                                                 19     0(0.00%) |    169       4    1851      8 |    1.40        0.00
GET      GET /wallet                                                                       40     0(0.00%) |    314       4    3957     10 |    3.30        0.00
POST     POST /admin/cashin/{id}/received                                                  82     0(0.00%) |     17       6     134     13 |    6.10        0.00
POST     POST /cashout/preview                                                             36     0(0.00%) |    770       5    5805     15 |    2.50        0.00
POST     POST /login                                                                       50     0(0.00%) |   4041    1478    7964   4000 |    2.10        0.00
POST     POST /remittances                                                                 59     0(0.00%) |     46       9    1316     16 |    4.60        0.00
POST     POST /remittances (declined)                                                      16     0(0.00%) |     24       9     105     16 |    1.00        0.00
--------|----------------------------------------------------------------------------|-------|-------------|-------|-------|-------|-------|--------|-----------
         Aggregated                                                                       596     0(0.00%) |    581       2    7964     13 |   42.90        0.00

Type     Name                                                                          # reqs      # fails |    Avg     Min     Max    Med |   req/s  failures/s
--------|----------------------------------------------------------------------------|-------|-------------|-------|-------|-------|-------|--------|-----------
GET      GET /admin/cashin                                                                 20     0(0.00%) |    394       2    2133     10 |    1.40        0.00
GET      GET /admin/settlements                                                             1     0(0.00%) |     15      15      15     15 |    0.10        0.00
GET      GET /admin/transactions                                                            5     0(0.00%) |    306      13    1148     23 |    0.20        0.00
GET      GET /cashout/history                                                              15     0(0.00%) |    443       3    3487      9 |    1.10        0.00
GET      GET /dashboard                                                                    38     0(0.00%) |    274       3    2792     13 |    2.90        0.00
GET      GET /quote (API)                                                                  56     0(0.00%) |    218       3    3947      7 |    4.20        0.00
GET      GET /send                                                                         30     0(0.00%) |   1353      40    2799   1200 |    1.60        0.00
GET      GET /send/pay                                                                     87     0(0.00%) |     62       3    3197      7 |    7.20        0.00
GET      GET /send/review                                                                  87     0(0.00%) |    138       3    2582      9 |    7.10        0.00
GET      GET /transactions                                                                 22     0(0.00%) |    147       4    1851      8 |    1.70        0.00
GET      GET /wallet                                                                       49     0(0.00%) |    258       4    3957     10 |    3.70        0.00
POST     POST /admin/cashin/{id}/received                                                  90     0(0.00%) |     16       6     134     13 |    7.10        0.00
POST     POST /cashout/preview                                                             41     0(0.00%) |    677       5    5805     13 |    3.10        0.00
POST     POST /login                                                                       50     0(0.00%) |   4041    1478    7964   4000 |    1.50        0.00
POST     POST /remittances                                                                 67     0(0.00%) |     42       9    1316     16 |    5.80        0.00
POST     POST /remittances (declined)                                                      20     0(0.00%) |     22       8     105     16 |    1.50        0.00
--------|----------------------------------------------------------------------------|-------|-------------|-------|-------|-------|-------|--------|-----------
         Aggregated                                                                       678     0(0.00%) |    512       2    7964     13 |   50.20        0.00

Type     Name                                                                          # reqs      # fails |    Avg     Min     Max    Med |   req/s  failures/s
--------|----------------------------------------------------------------------------|-------|-------------|-------|-------|-------|-------|--------|-----------
GET      GET /admin/cashin                                                                 23     0(0.00%) |    343       2    2133      9 |    1.20        0.00
GET      GET /admin/settlements                                                             2     0(0.00%) |     12       9      15      9 |    0.10        0.00
GET      GET /admin/transactions                                                            5     0(0.00%) |    306      13    1148     23 |    0.30        0.00
GET      GET /cashout/history                                                              17     0(0.00%) |    391       3    3487      9 |    1.20        0.00
GET      GET /dashboard                                                                    45     0(0.00%) |    233       3    2792     13 |    2.50        0.00
GET      GET /quote (API)                                                                  61     0(0.00%) |    201       3    3947      8 |    4.40        0.00
GET      GET /send                                                                         30     0(0.00%) |   1353      40    2799   1200 |    0.00        0.00
GET      GET /send/pay                                                                     99     0(0.00%) |     55       3    3197      7 |    7.00        0.00
GET      GET /send/review                                                                  99     0(0.00%) |    123       3    2582     10 |    6.80        0.00
GET      GET /transactions                                                                 26     0(0.00%) |    126       4    1851      7 |    1.50        0.00
GET      GET /wallet                                                                       56     0(0.00%) |    273       4    3957     10 |    4.00        0.00
POST     POST /admin/cashin/{id}/received                                                  97     0(0.00%) |     16       6     134     13 |    7.80        0.00
POST     POST /cashout/preview                                                             46     0(0.00%) |    605       4    5805     13 |    2.60        0.00
POST     POST /login                                                                       50     0(0.00%) |   4041    1478    7964   4000 |    0.00        0.00
POST     POST /remittances                                                                 77     0(0.00%) |     38       9    1316     15 |    5.30        0.00
POST     POST /remittances (declined)                                                      21     0(0.00%) |     21       8     105     16 |    1.70        0.00
--------|----------------------------------------------------------------------------|-------|-------------|-------|-------|-------|-------|--------|-----------
         Aggregated                                                                       754     0(0.00%) |    465       2    7964     12 |   46.40        0.00

Type     Name                                                                          # reqs      # fails |    Avg     Min     Max    Med |   req/s  failures/s
--------|----------------------------------------------------------------------------|-------|-------------|-------|-------|-------|-------|--------|-----------
GET      GET /admin/cashin                                                                 27     0(0.00%) |    294       2    2133      9 |    1.20        0.00
GET      GET /admin/settlements                                                             3     0(0.00%) |     12       9      15     12 |    0.10        0.00
GET      GET /admin/transactions                                                            5     0(0.00%) |    306      13    1148     23 |    0.20        0.00
GET      GET /cashout/history                                                              18     0(0.00%) |    370       3    3487      9 |    1.20        0.00
GET      GET /dashboard                                                                    47     0(0.00%) |    224       3    2792     11 |    2.60        0.00
GET      GET /quote (API)                                                                  74     0(0.00%) |    167       3    3947      8 |    3.90        0.00
GET      GET /send                                                                         30     0(0.00%) |   1353      40    2799   1200 |    0.00        0.00
GET      GET /send/pay                                                                    111     0(0.00%) |     50       3    3197      7 |    6.80        0.00
GET      GET /send/review                                                                 111     0(0.00%) |    110       3    2582      9 |    6.80        0.00
GET      GET /transactions                                                                 30     0(0.00%) |    111       4    1851      8 |    2.00        0.00
GET      GET /wallet                                                                       66     0(0.00%) |    233       4    3957     10 |    4.20        0.00
POST     POST /admin/cashin/{id}/received                                                 108     0(0.00%) |     16       6     134     13 |    7.00        0.00
POST     POST /cashout/preview                                                             50     0(0.00%) |    558       4    5805     15 |    2.50        0.00
POST     POST /login                                                                       50     0(0.00%) |   4041    1478    7964   4000 |    0.00        0.00
POST     POST /remittances                                                                 89     0(0.00%) |     35       9    1316     15 |    5.10        0.00
POST     POST /remittances (declined)                                                      22     0(0.00%) |     21       8     105     16 |    1.70        0.00
--------|----------------------------------------------------------------------------|-------|-------------|-------|-------|-------|-------|--------|-----------
         Aggregated                                                                       841     0(0.00%) |    418       2    7964     12 |   45.30        0.00

Type     Name                                                                          # reqs      # fails |    Avg     Min     Max    Med |   req/s  failures/s
--------|----------------------------------------------------------------------------|-------|-------------|-------|-------|-------|-------|--------|-----------
GET      GET /admin/cashin                                                                 29     0(0.00%) |    274       2    2133      9 |    1.60        0.00
GET      GET /admin/settlements                                                             3     0(0.00%) |     12       9      15     12 |    0.10        0.00
GET      GET /admin/transactions                                                            5     0(0.00%) |    306      13    1148     23 |    0.20        0.00
GET      GET /cashout/history                                                              21     0(0.00%) |    319       3    3487      9 |    0.90        0.00
GET      GET /dashboard                                                                    53     0(0.00%) |    200       3    2792     11 |    2.70        0.00
GET      GET /quote (API)                                                                  83     0(0.00%) |    150       3    3947      8 |    4.40        0.00
GET      GET /send                                                                         30     0(0.00%) |   1353      40    2799   1200 |    0.00        0.00
GET      GET /send/pay                                                                    124     0(0.00%) |     45       3    3197      7 |    6.70        0.00
GET      GET /send/review                                                                 124     0(0.00%) |    100       3    2582      9 |    6.70        0.00
GET      GET /transactions                                                                 34     0(0.00%) |     99       4    1851      8 |    1.90        0.00
GET      GET /wallet                                                                       73     0(0.00%) |    231       4    3957     10 |    3.90        0.00
POST     POST /admin/cashin/{id}/received                                                 119     0(0.00%) |     16       6     134     13 |    8.10        0.00
POST     POST /cashout/preview                                                             53     0(0.00%) |    527       4    5805     14 |    2.40        0.00
POST     POST /login                                                                       50     0(0.00%) |   4041    1478    7964   4000 |    0.00        0.00
POST     POST /remittances                                                                100     0(0.00%) |     32       8    1316     15 |    5.10        0.00
POST     POST /remittances (declined)                                                      24     0(0.00%) |     21       8     105     16 |    1.60        0.00
--------|----------------------------------------------------------------------------|-------|-------------|-------|-------|-------|-------|--------|-----------
         Aggregated                                                                       925     0(0.00%) |    382       2    7964     11 |   46.30        0.00

Type     Name                                                                          # reqs      # fails |    Avg     Min     Max    Med |   req/s  failures/s
--------|----------------------------------------------------------------------------|-------|-------------|-------|-------|-------|-------|--------|-----------
GET      GET /admin/cashin                                                                 32     0(0.00%) |    250       2    2133      9 |    1.30        0.00
GET      GET /admin/settlements                                                             3     0(0.00%) |     12       9      15     12 |    0.20        0.00
GET      GET /admin/transactions                                                            6     0(0.00%) |    259      13    1148     22 |    0.20        0.00
GET      GET /cashout/history                                                              22     0(0.00%) |    305       3    3487      9 |    1.10        0.00
GET      GET /dashboard                                                                    59     0(0.00%) |    181       3    2792     11 |    2.50        0.00
GET      GET /quote (API)                                                                  90     0(0.00%) |    139       3    3947      7 |    4.20        0.00
GET      GET /send                                                                         30     0(0.00%) |   1353      40    2799   1200 |    0.00        0.00
GET      GET /send/pay                                                                    140     0(0.00%) |     41       3    3197      7 |    6.70        0.00
GET      GET /send/review                                                                 140     0(0.00%) |     89       3    2582      9 |    6.70        0.00
GET      GET /transactions                                                                 38     0(0.00%) |     89       3    1851      8 |    2.00        0.00
GET      GET /wallet                                                                       82     0(0.00%) |    237       4    3957     11 |    3.90        0.00
POST     POST /admin/cashin/{id}/received                                                 139     0(0.00%) |     15       6     134     13 |    5.80        0.00
POST     POST /cashout/preview                                                             57     0(0.00%) |    491       4    5805     14 |    2.60        0.00
POST     POST /login                                                                       50     0(0.00%) |   4041    1478    7964   4000 |    0.00        0.00
POST     POST /remittances                                                                114     0(0.00%) |     30       8    1316     15 |    5.20        0.00
POST     POST /remittances (declined)                                                      26     0(0.00%) |     20       8     105     15 |    1.40        0.00
--------|----------------------------------------------------------------------------|-------|-------------|-------|-------|-------|-------|--------|-----------
         Aggregated                                                                      1028     0(0.00%) |    347       2    7964     11 |   43.80        0.00

Type     Name                                                                          # reqs      # fails |    Avg     Min     Max    Med |   req/s  failures/s
--------|----------------------------------------------------------------------------|-------|-------------|-------|-------|-------|-------|--------|-----------
GET      GET /admin/cashin                                                                 36     0(0.00%) |    223       2    2133     10 |    1.50        0.00
GET      GET /admin/settlements                                                             3     0(0.00%) |     12       9      15     12 |    0.20        0.00
GET      GET /admin/transactions                                                            6     0(0.00%) |    259      13    1148     22 |    0.20        0.00
GET      GET /cashout/history                                                              23     0(0.00%) |    292       3    3487      9 |    1.00        0.00
GET      GET /dashboard                                                                    67     0(0.00%) |    160       3    2792     11 |    2.90        0.00
GET      GET /quote (API)                                                                  95     0(0.00%) |    132       3    3947      7 |    4.10        0.00
GET      GET /send                                                                         30     0(0.00%) |   1353      40    2799   1200 |    0.00        0.00
GET      GET /send/pay                                                                    149     0(0.00%) |     39       3    3197      7 |    6.30        0.00
GET      GET /send/review                                                                 149     0(0.00%) |     84       3    2582      9 |    6.30        0.00
GET      GET /transactions                                                                 43     0(0.00%) |     79       3    1851      8 |    1.90        0.00
GET      GET /wallet                                                                       87     0(0.00%) |    240       4    3957     11 |    4.20        0.00
POST     POST /admin/cashin/{id}/received                                                 150     0(0.00%) |     15       6     134     13 |    6.00        0.00
POST     POST /cashout/preview                                                             63     0(0.00%) |    445       4    5805     13 |    2.10        0.00
POST     POST /login                                                                       50     0(0.00%) |   4041    1478    7964   4000 |    0.00        0.00
POST     POST /remittances                                                                122     0(0.00%) |     29       8    1316     14 |    5.30        0.00
POST     POST /remittances (declined)                                                      27     0(0.00%) |     20       8     105     15 |    1.00        0.00
--------|----------------------------------------------------------------------------|-------|-------------|-------|-------|-------|-------|--------|-----------
         Aggregated                                                                      1100     0(0.00%) |    327       2    7964     11 |   43.00        0.00

Type     Name                                                                          # reqs      # fails |    Avg     Min     Max    Med |   req/s  failures/s
--------|----------------------------------------------------------------------------|-------|-------------|-------|-------|-------|-------|--------|-----------
GET      GET /admin/cashin                                                                 40     0(0.00%) |    202       2    2133     10 |    1.50        0.00
GET      GET /admin/settlements                                                             3     0(0.00%) |     12       9      15     12 |    0.20        0.00
GET      GET /admin/transactions                                                            6     0(0.00%) |    259      13    1148     22 |    0.10        0.00
GET      GET /cashout/history                                                              29     0(0.00%) |    234       3    3487     10 |    0.80        0.00
GET      GET /dashboard                                                                    71     0(0.00%) |    152       3    2792     10 |    3.20        0.00
GET      GET /quote (API)                                                                 103     0(0.00%) |    122       3    3947      7 |    4.00        0.00
GET      GET /send                                                                         30     0(0.00%) |   1353      40    2799   1200 |    0.00        0.00
GET      GET /send/pay                                                                    164     0(0.00%) |     36       3    3197      7 |    6.20        0.00
GET      GET /send/review                                                                 164     0(0.00%) |     77       3    2582      9 |    6.20        0.00
GET      GET /transactions                                                                 47     0(0.00%) |     73       3    1851      8 |    2.10        0.00
GET      GET /wallet                                                                       96     0(0.00%) |    260       4    3957     11 |    3.90        0.00
POST     POST /admin/cashin/{id}/received                                                 158     0(0.00%) |     15       6     134     13 |    5.50        0.00
POST     POST /cashout/preview                                                             66     0(0.00%) |    426       4    5805     13 |    2.20        0.00
POST     POST /login                                                                       50     0(0.00%) |   4041    1478    7964   4000 |    0.00        0.00
POST     POST /remittances                                                                135     0(0.00%) |     27       8    1316     14 |    5.50        0.00
POST     POST /remittances (declined)                                                      28     0(0.00%) |     19       8     105     15 |    0.70        0.00
--------|----------------------------------------------------------------------------|-------|-------------|-------|-------|-------|-------|--------|-----------
         Aggregated                                                                      1190     0(0.00%) |    306       2    7964     11 |   42.10        0.00

Type     Name                                                                          # reqs      # fails |    Avg     Min     Max    Med |   req/s  failures/s
--------|----------------------------------------------------------------------------|-------|-------------|-------|-------|-------|-------|--------|-----------
GET      GET /admin/cashin                                                                 42     0(0.00%) |    192       2    2133     10 |    1.70        0.00
GET      GET /admin/settlements                                                             4     0(0.00%) |     11       9      15     10 |    0.10        0.00
GET      GET /admin/transactions                                                            6     0(0.00%) |    259      13    1148     22 |    0.10        0.00
GET      GET /cashout/history                                                              30     0(0.00%) |    226       3    3487      9 |    1.10        0.00
GET      GET /dashboard                                                                    78     0(0.00%) |    140       3    2792     11 |    2.60        0.00
GET      GET /quote (API)                                                                 109     0(0.00%) |    116       3    3947      7 |    4.20        0.00
GET      GET /send                                                                         30     0(0.00%) |   1353      40    2799   1200 |    0.00        0.00
GET      GET /send/pay                                                                    177     0(0.00%) |     33       3    3197      7 |    6.30        0.00
GET      GET /send/review                                                                 177     0(0.00%) |     72       3    2582      9 |    6.30        0.00
GET      GET /transactions                                                                 49     0(0.00%) |     70       3    1851      8 |    2.00        0.00
GET      GET /wallet                                                                      102     0(0.00%) |    258       4    3957     11 |    4.00        0.00
POST     POST /admin/cashin/{id}/received                                                 173     0(0.00%) |     15       6     134     13 |    6.10        0.00
POST     POST /cashout/preview                                                             71     0(0.00%) |    397       4    5805     13 |    2.10        0.00
POST     POST /login                                                                       50     0(0.00%) |   4041    1478    7964   4000 |    0.00        0.00
POST     POST /remittances                                                                147     0(0.00%) |     26       8    1316     14 |    5.70        0.00
POST     POST /remittances (declined)                                                      30     0(0.00%) |     19       8     105     15 |    0.60        0.00
--------|----------------------------------------------------------------------------|-------|-------------|-------|-------|-------|-------|--------|-----------
         Aggregated                                                                      1275     0(0.00%) |    287       2    7964     11 |   42.90        0.00

Type     Name                                                                          # reqs      # fails |    Avg     Min     Max    Med |   req/s  failures/s
--------|----------------------------------------------------------------------------|-------|-------------|-------|-------|-------|-------|--------|-----------
GET      GET /admin/cashin                                                                 44     0(0.00%) |    184       2    2133     10 |    1.50        0.00
GET      GET /admin/settlements                                                             4     0(0.00%) |     11       9      15     10 |    0.20        0.00
GET      GET /admin/transactions                                                            7     0(0.00%) |    227      13    1148     23 |    0.10        0.00
GET      GET /cashout/history                                                              35     0(0.00%) |    195       3    3487     10 |    1.20        0.00
GET      GET /dashboard                                                                    84     0(0.00%) |    131       3    2792     11 |    2.80        0.00
GET      GET /quote (API)                                                                 114     0(0.00%) |    111       3    3947      7 |    3.50        0.00
GET      GET /send                                                                         30     0(0.00%) |   1353      40    2799   1200 |    0.00        0.00
GET      GET /send/pay                                                                    195     0(0.00%) |     31       3    3197      7 |    6.90        0.00
GET      GET /send/review                                                                 195     0(0.00%) |     66       3    2582      8 |    6.90        0.00
GET      GET /transactions                                                                 51     0(0.00%) |     68       3    1851      8 |    1.90        0.00
GET      GET /wallet                                                                      110     0(0.00%) |    263       4    3957     11 |    3.60        0.00
POST     POST /admin/cashin/{id}/received                                                 185     0(0.00%) |     15       6     134     13 |    6.50        0.00
POST     POST /cashout/preview                                                             77     0(0.00%) |    367       4    5805     14 |    2.20        0.00
POST     POST /login                                                                       50     0(0.00%) |   4041    1478    7964   4000 |    0.00        0.00
POST     POST /remittances                                                                160     0(0.00%) |     25       8    1316     14 |    6.10        0.00
POST     POST /remittances (declined)                                                      35     0(0.00%) |     18       8     105     15 |    0.80        0.00
--------|----------------------------------------------------------------------------|-------|-------------|-------|-------|-------|-------|--------|-----------
         Aggregated                                                                      1376     0(0.00%) |    269       2    7964     11 |   44.20        0.00

Type     Name                                                                          # reqs      # fails |    Avg     Min     Max    Med |   req/s  failures/s
--------|----------------------------------------------------------------------------|-------|-------------|-------|-------|-------|-------|--------|-----------
GET      GET /admin/cashin                                                                 47     0(0.00%) |    173       2    2133     10 |    1.50        0.00
GET      GET /admin/settlements                                                             5     0(0.00%) |     10       7      15     10 |    0.10        0.00
GET      GET /admin/transactions                                                            8     0(0.00%) |    202      13    1148     23 |    0.20        0.00
GET      GET /cashout/history                                                              35     0(0.00%) |    195       3    3487     10 |    1.30        0.00
GET      GET /dashboard                                                                    91     0(0.00%) |    122       3    2792     11 |    3.20        0.00
GET      GET /quote (API)                                                                 119     0(0.00%) |    107       3    3947      7 |    3.30        0.00
GET      GET /send                                                                         30     0(0.00%) |   1353      40    2799   1200 |    0.00        0.00
GET      GET /send/pay                                                                    208     0(0.00%) |     29       3    3197      7 |    6.70        0.00
GET      GET /send/review                                                                 208     0(0.00%) |     63       3    2582      8 |    6.70        0.00
GET      GET /transactions                                                                 57     0(0.00%) |     62       3    1851      8 |    1.70        0.00
GET      GET /wallet                                                                      119     0(0.00%) |    279       4    3957     11 |    3.60        0.00
POST     POST /admin/cashin/{id}/received                                                 203     0(0.00%) |     15       5     134     13 |    6.60        0.00
POST     POST /cashout/preview                                                             80     0(0.00%) |    354       4    5805     13 |    2.10        0.00
POST     POST /login                                                                       50     0(0.00%) |   4041    1478    7964   4000 |    0.00        0.00
POST     POST /remittances                                                                172     0(0.00%) |     25       8    1316     14 |    5.70        0.00
POST     POST /remittances (declined)                                                      36     0(0.00%) |     18       8     105     15 |    1.10        0.00
--------|----------------------------------------------------------------------------|-------|-------------|-------|-------|-------|-------|--------|-----------
         Aggregated                                                                      1468     0(0.00%) |    256       2    7964     11 |   43.80        0.00

Type     Name                                                                          # reqs      # fails |    Avg     Min     Max    Med |   req/s  failures/s
--------|----------------------------------------------------------------------------|-------|-------------|-------|-------|-------|-------|--------|-----------
GET      GET /admin/cashin                                                                 51     0(0.00%) |    160       2    2133     10 |    1.50        0.00
GET      GET /admin/settlements                                                             5     0(0.00%) |     10       7      15     10 |    0.20        0.00
GET      GET /admin/transactions                                                            8     0(0.00%) |    202      13    1148     23 |    0.10        0.00
GET      GET /cashout/history                                                              40     0(0.00%) |    173       3    3487     10 |    1.30        0.00
GET      GET /dashboard                                                                    98     0(0.00%) |    114       3    2792     11 |    3.10        0.00
GET      GET /quote (API)                                                                 124     0(0.00%) |    103       3    3947      7 |    3.20        0.00
GET      GET /send                                                                         30     0(0.00%) |   1353      40    2799   1200 |    0.00        0.00
GET      GET /send/pay                                                                    217     0(0.00%) |     28       3    3197      7 |    6.80        0.00
GET      GET /send/review                                                                 217     0(0.00%) |     60       3    2582      9 |    6.80        0.00
GET      GET /transactions                                                                 60     0(0.00%) |     59       3    1851      8 |    1.80        0.00
GET      GET /wallet                                                                      124     0(0.00%) |    279       4    3957     11 |    3.40        0.00
POST     POST /admin/cashin/{id}/received                                                 221     0(0.00%) |     15       5     134     13 |    7.20        0.00
POST     POST /cashout/preview                                                             83     0(0.00%) |    341       4    5805     13 |    2.30        0.00
POST     POST /login                                                                       50     0(0.00%) |   4041    1478    7964   4000 |    0.00        0.00
POST     POST /remittances                                                                178     0(0.00%) |     24       8    1316     14 |    5.60        0.00
POST     POST /remittances (declined)                                                      39     0(0.00%) |     18       8     105     15 |    1.10        0.00
--------|----------------------------------------------------------------------------|-------|-------------|-------|-------|-------|-------|--------|-----------
         Aggregated                                                                      1545     0(0.00%) |    244       2    7964     11 |   44.40        0.00

Type     Name                                                                          # reqs      # fails |    Avg     Min     Max    Med |   req/s  failures/s
--------|----------------------------------------------------------------------------|-------|-------------|-------|-------|-------|-------|--------|-----------
GET      GET /admin/cashin                                                                 53     0(0.00%) |    155       2    2133     10 |    1.50        0.00
GET      GET /admin/settlements                                                             5     0(0.00%) |     10       7      15     10 |    0.20        0.00
GET      GET /admin/transactions                                                            8     0(0.00%) |    202      13    1148     23 |    0.20        0.00
GET      GET /cashout/history                                                              40     0(0.00%) |    173       3    3487     10 |    1.70        0.00
GET      GET /dashboard                                                                   102     0(0.00%) |    110       3    2792     11 |    2.90        0.00
GET      GET /quote (API)                                                                 132     0(0.00%) |     97       3    3947      7 |    2.60        0.00
GET      GET /send                                                                         30     0(0.00%) |   1353      40    2799   1200 |    0.00        0.00
GET      GET /send/pay                                                                    232     0(0.00%) |     27       3    3197      7 |    6.60        0.00
GET      GET /send/review                                                                 232     0(0.00%) |     57       3    2582      8 |    6.60        0.00
GET      GET /transactions                                                                 64     0(0.00%) |     56       3    1851      8 |    1.90        0.00
GET      GET /wallet                                                                      128     0(0.00%) |    281       4    3957     11 |    3.40        0.00
POST     POST /admin/cashin/{id}/received                                                 233     0(0.00%) |     15       5     134     13 |    7.40        0.00
POST     POST /cashout/preview                                                             91     0(0.00%) |    312       4    5805     13 |    1.90        0.00
POST     POST /login                                                                       50     0(0.00%) |   4041    1478    7964   4000 |    0.00        0.00
POST     POST /remittances                                                                190     0(0.00%) |     24       8    1316     14 |    5.40        0.00
POST     POST /remittances (declined)                                                      42     0(0.00%) |     18       8     105     15 |    1.20        0.00
--------|----------------------------------------------------------------------------|-------|-------------|-------|-------|-------|-------|--------|-----------
         Aggregated                                                                      1632     0(0.00%) |    233       2    7964     11 |   43.50        0.00

Type     Name                                                                          # reqs      # fails |    Avg     Min     Max    Med |   req/s  failures/s
--------|----------------------------------------------------------------------------|-------|-------------|-------|-------|-------|-------|--------|-----------
GET      GET /admin/cashin                                                                 56     0(0.00%) |    147       2    2133     10 |    1.20        0.00
GET      GET /admin/settlements                                                             5     0(0.00%) |     10       7      15     10 |    0.20        0.00
GET      GET /admin/transactions                                                            9     0(0.00%) |    183      13    1148     25 |    0.20        0.00
GET      GET /cashout/history                                                              44     0(0.00%) |    158       3    3487     10 |    1.20        0.00
GET      GET /dashboard                                                                   109     0(0.00%) |    104       3    2792     11 |    3.10        0.00
GET      GET /quote (API)                                                                 138     0(0.00%) |     93       3    3947      7 |    2.50        0.00
GET      GET /send                                                                         30     0(0.00%) |   1353      40    2799   1200 |    0.00        0.00
GET      GET /send/pay                                                                    242     0(0.00%) |     26       3    3197      7 |    7.10        0.00
GET      GET /send/review                                                                 242     0(0.00%) |     55       3    2582      9 |    7.10        0.00
GET      GET /transactions                                                                 69     0(0.00%) |     53       3    1851      8 |    1.80        0.00
GET      GET /wallet                                                                      136     0(0.00%) |    292       4    3957     11 |    3.10        0.00
POST     POST /admin/cashin/{id}/received                                                 240     0(0.00%) |     15       5     134     13 |    7.30        0.00
POST     POST /cashout/preview                                                             93     0(0.00%) |    306       4    5805     13 |    2.10        0.00
POST     POST /login                                                                       50     0(0.00%) |   4041    1478    7964   4000 |    0.00        0.00
POST     POST /remittances                                                                196     0(0.00%) |     24       8    1316     14 |    5.70        0.00
POST     POST /remittances (declined)                                                      46     0(0.00%) |     17       8     105     15 |    1.40        0.00
--------|----------------------------------------------------------------------------|-------|-------------|-------|-------|-------|-------|--------|-----------
         Aggregated                                                                      1705     0(0.00%) |    225       2    7964     11 |   44.00        0.00

Type     Name                                                                          # reqs      # fails |    Avg     Min     Max    Med |   req/s  failures/s
--------|----------------------------------------------------------------------------|-------|-------------|-------|-------|-------|-------|--------|-----------
GET      GET /admin/cashin                                                                 57     0(0.00%) |    145       2    2133     10 |    1.20        0.00
GET      GET /admin/settlements                                                             5     0(0.00%) |     10       7      15     10 |    0.10        0.00
GET      GET /admin/transactions                                                           10     0(0.00%) |    169      13    1148     25 |    0.30        0.00
GET      GET /cashout/history                                                              47     0(0.00%) |    148       3    3487     10 |    1.30        0.00
GET      GET /dashboard                                                                   116     0(0.00%) |     98       3    2792     11 |    3.40        0.00
GET      GET /quote (API)                                                                 145     0(0.00%) |     89       3    3947      7 |    3.00        0.00
GET      GET /send                                                                         30     0(0.00%) |   1353      40    2799   1200 |    0.00        0.00
GET      GET /send/pay                                                                    253     0(0.00%) |     25       3    3197      7 |    6.40        0.00
GET      GET /send/review                                                                 253     0(0.00%) |     53       3    2582      8 |    6.40        0.00
GET      GET /transactions                                                                 76     0(0.00%) |     49       3    1851      8 |    1.90        0.00
GET      GET /wallet                                                                      144     0(0.00%) |    294       4    3957     11 |    3.40        0.00
POST     POST /admin/cashin/{id}/received                                                 244     0(0.00%) |     15       5     134     13 |    6.20        0.00
POST     POST /cashout/preview                                                             96     0(0.00%) |    297       4    5805     13 |    2.20        0.00
POST     POST /login                                                                       50     0(0.00%) |   4041    1478    7964   4000 |    0.00        0.00
POST     POST /remittances                                                                205     0(0.00%) |     23       8    1316     14 |    4.90        0.00
POST     POST /remittances (declined)                                                      48     0(0.00%) |     17       8     105     15 |    1.50        0.00
--------|----------------------------------------------------------------------------|-------|-------------|-------|-------|-------|-------|--------|-----------
         Aggregated                                                                      1779     0(0.00%) |    218       2    7964     11 |   42.20        0.00

Type     Name                                                                          # reqs      # fails |    Avg     Min     Max    Med |   req/s  failures/s
--------|----------------------------------------------------------------------------|-------|-------------|-------|-------|-------|-------|--------|-----------
GET      GET /admin/cashin                                                                 59     0(0.00%) |    140       2    2133     10 |    1.30        0.00
GET      GET /admin/settlements                                                             5     0(0.00%) |     10       7      15     10 |    0.10        0.00
GET      GET /admin/transactions                                                           12     0(0.00%) |    146      13    1148     25 |    0.20        0.00
GET      GET /cashout/history                                                              49     0(0.00%) |    143       3    3487      9 |    1.30        0.00
GET      GET /dashboard                                                                   126     0(0.00%) |     92       3    2792     12 |    3.00        0.00
GET      GET /quote (API)                                                                 152     0(0.00%) |     85       3    3947      7 |    3.00        0.00
GET      GET /send                                                                         30     0(0.00%) |   1353      40    2799   1200 |    0.00        0.00
GET      GET /send/pay                                                                    263     0(0.00%) |     25       3    3197      7 |    6.20        0.00
GET      GET /send/review                                                                 263     0(0.00%) |     52       3    2582      8 |    6.20        0.00
GET      GET /transactions                                                                 81     0(0.00%) |     47       3    1851      8 |    2.30        0.00
GET      GET /wallet                                                                      149     0(0.00%) |    310       4    3957     11 |    3.40        0.00
POST     POST /admin/cashin/{id}/received                                                 257     0(0.00%) |     15       5     134     13 |    5.90        0.00
POST     POST /cashout/preview                                                            100     0(0.00%) |    286       4    5805     13 |    2.10        0.00
POST     POST /login                                                                       50     0(0.00%) |   4041    1478    7964   4000 |    0.00        0.00
POST     POST /remittances                                                                213     0(0.00%) |     23       8    1316     14 |    4.90        0.00
POST     POST /remittances (declined)                                                      50     0(0.00%) |     17       8     105     15 |    1.30        0.00
--------|----------------------------------------------------------------------------|-------|-------------|-------|-------|-------|-------|--------|-----------
         Aggregated                                                                      1859     0(0.00%) |    211       2    7964     11 |   41.20        0.00

Type     Name                                                                          # reqs      # fails |    Avg     Min     Max    Med |   req/s  failures/s
--------|----------------------------------------------------------------------------|-------|-------------|-------|-------|-------|-------|--------|-----------
GET      GET /admin/cashin                                                                 61     0(0.00%) |    136       2    2133      9 |    1.10        0.00
GET      GET /admin/settlements                                                             7     0(0.00%) |      8       3      15      9 |    0.00        0.00
GET      GET /admin/transactions                                                           12     0(0.00%) |    146      13    1148     25 |    0.50        0.00
GET      GET /cashout/history                                                              51     0(0.00%) |    138       3    3487     10 |    1.40        0.00
GET      GET /dashboard                                                                   134     0(0.00%) |     87       3    2792     12 |    3.30        0.00
GET      GET /quote (API)                                                                 159     0(0.00%) |     82       3    3947      7 |    3.30        0.00
GET      GET /send                                                                         30     0(0.00%) |   1353      40    2799   1200 |    0.00        0.00
GET      GET /send/pay                                                                    274     0(0.00%) |     24       3    3197      7 |    5.60        0.00
GET      GET /send/review                                                                 274     0(0.00%) |     50       3    2582      8 |    5.60        0.00
GET      GET /transactions                                                                 83     0(0.00%) |     46       3    1851      8 |    2.60        0.00
GET      GET /wallet                                                                      158     0(0.00%) |    318       4    3957     12 |    3.10        0.00
POST     POST /admin/cashin/{id}/received                                                 264     0(0.00%) |     15       5     134     13 |    4.80        0.00
POST     POST /cashout/preview                                                            103     0(0.00%) |    278       4    5805     13 |    2.00        0.00
POST     POST /login                                                                       50     0(0.00%) |   4041    1478    7964   4000 |    0.00        0.00
POST     POST /remittances                                                                223     0(0.00%) |     22       8    1316     14 |    4.40        0.00
POST     POST /remittances (declined)                                                      51     0(0.00%) |     17       8     105     15 |    1.30        0.00
--------|----------------------------------------------------------------------------|-------|-------------|-------|-------|-------|-------|--------|-----------
         Aggregated                                                                      1934     0(0.00%) |    205       2    7964     11 |   39.00        0.00

Type     Name                                                                          # reqs      # fails |    Avg     Min     Max    Med |   req/s  failures/s
--------|----------------------------------------------------------------------------|-------|-------------|-------|-------|-------|-------|--------|-----------
GET      GET /admin/cashin                                                                 62     0(0.00%) |    134       2    2133      9 |    1.10        0.00
GET      GET /admin/settlements                                                             7     0(0.00%) |      8       3      15      9 |    0.20        0.00
GET      GET /admin/transactions                                                           13     0(0.00%) |    138      13    1148     29 |    0.40        0.00
GET      GET /cashout/history                                                              52     0(0.00%) |    135       3    3487     10 |    1.10        0.00
GET      GET /dashboard                                                                   141     0(0.00%) |     83       3    2792     12 |    3.60        0.00
GET      GET /quote (API)                                                                 169     0(0.00%) |     78       3    3947      7 |    3.70        0.00
GET      GET /send                                                                         30     0(0.00%) |   1353      40    2799   1200 |    0.00        0.00
GET      GET /send/pay                                                                    289     0(0.00%) |     23       3    3197      7 |    5.60        0.00
GET      GET /send/review                                                                 289     0(0.00%) |     47       3    2582      8 |    5.60        0.00
GET      GET /transactions                                                                 85     0(0.00%) |     45       3    1851      8 |    2.30        0.00
GET      GET /wallet                                                                      163     0(0.00%) |    326       4    3957     12 |    3.60        0.00
POST     POST /admin/cashin/{id}/received                                                 269     0(0.00%) |     15       5     134     13 |    4.50        0.00
POST     POST /cashout/preview                                                            107     0(0.00%) |    268       4    5805     13 |    2.00        0.00
POST     POST /login                                                                       50     0(0.00%) |   4041    1478    7964   4000 |    0.00        0.00
POST     POST /remittances                                                                234     0(0.00%) |     22       8    1316     14 |    4.40        0.00
POST     POST /remittances (declined)                                                      55     0(0.00%) |     17       8     105     15 |    1.20        0.00
--------|----------------------------------------------------------------------------|-------|-------------|-------|-------|-------|-------|--------|-----------
         Aggregated                                                                      2015     0(0.00%) |    199       2    7964     11 |   39.30        0.00

Type     Name                                                                          # reqs      # fails |    Avg     Min     Max    Med |   req/s  failures/s
--------|----------------------------------------------------------------------------|-------|-------------|-------|-------|-------|-------|--------|-----------
GET      GET /admin/cashin                                                                 65     0(0.00%) |    128       2    2133     10 |    1.00        0.00
GET      GET /admin/settlements                                                             8     0(0.00%) |      8       3      15      9 |    0.20        0.00
GET      GET /admin/transactions                                                           13     0(0.00%) |    138      13    1148     29 |    0.50        0.00
GET      GET /cashout/history                                                              57     0(0.00%) |    125       3    3487     10 |    1.20        0.00
GET      GET /dashboard                                                                   149     0(0.00%) |     80       3    2792     12 |    4.00        0.00
GET      GET /quote (API)                                                                 177     0(0.00%) |     74       3    3947      7 |    3.90        0.00
GET      GET /send                                                                         30     0(0.00%) |   1353      40    2799   1200 |    0.00        0.00
GET      GET /send/pay                                                                    300     0(0.00%) |     22       3    3197      7 |    5.60        0.00
GET      GET /send/review                                                                 300     0(0.00%) |     46       3    2582      8 |    5.70        0.00
GET      GET /transactions                                                                 88     0(0.00%) |     44       3    1851      8 |    2.00        0.00
GET      GET /wallet                                                                      169     0(0.00%) |    330       4    3957     12 |    3.60        0.00
POST     POST /admin/cashin/{id}/received                                                 282     0(0.00%) |     15       5     134     13 |    3.80        0.00
POST     POST /cashout/preview                                                            111     0(0.00%) |    258       4    5805     13 |    2.00        0.00
POST     POST /login                                                                       50     0(0.00%) |   4041    1478    7964   4000 |    0.00        0.00
POST     POST /remittances                                                                241     0(0.00%) |     22       8    1316     14 |    4.30        0.00
POST     POST /remittances (declined)                                                      59     0(0.00%) |     16       8     105     15 |    1.30        0.00
--------|----------------------------------------------------------------------------|-------|-------------|-------|-------|-------|-------|--------|-----------
         Aggregated                                                                      2099     0(0.00%) |    193       2    7964     11 |   39.10        0.00

Type     Name                                                                          # reqs      # fails |    Avg     Min     Max    Med |   req/s  failures/s
--------|----------------------------------------------------------------------------|-------|-------------|-------|-------|-------|-------|--------|-----------
GET      GET /admin/cashin                                                                 67     0(0.00%) |    125       2    2133     10 |    1.10        0.00
GET      GET /admin/settlements                                                            10     0(0.00%) |      8       3      15      7 |    0.20        0.00
GET      GET /admin/transactions                                                           13     0(0.00%) |    138      13    1148     29 |    0.40        0.00
GET      GET /cashout/history                                                              59     0(0.00%) |    121       3    3487     10 |    1.40        0.00
GET      GET /dashboard                                                                   157     0(0.00%) |     76       3    2792     11 |    3.90        0.00
GET      GET /quote (API)                                                                 182     0(0.00%) |     72       3    3947      7 |    3.80        0.00
GET      GET /send                                                                         30     0(0.00%) |   1353      40    2799   1200 |    0.00        0.00
GET      GET /send/pay                                                                    315     0(0.00%) |     22       3    3197      7 |    5.70        0.00
GET      GET /send/review                                                                 315     0(0.00%) |     44       3    2582      8 |    5.70        0.00
GET      GET /transactions                                                                 90     0(0.00%) |     43       3    1851      8 |    1.90        0.00
GET      GET /wallet                                                                      178     0(0.00%) |    343       4    3957     12 |    3.50        0.00
POST     POST /admin/cashin/{id}/received                                                 293     0(0.00%) |     15       5     134     13 |    4.70        0.00
POST     POST /cashout/preview                                                            114     0(0.00%) |    252       4    5805     13 |    1.90        0.00
POST     POST /login                                                                       50     0(0.00%) |   4041    1478    7964   4000 |    0.00        0.00
POST     POST /remittances                                                                252     0(0.00%) |     21       8    1316     14 |    4.30        0.00
POST     POST /remittances (declined)                                                      63     0(0.00%) |     16       8     105     14 |    1.40        0.00
--------|----------------------------------------------------------------------------|-------|-------------|-------|-------|-------|-------|--------|-----------
         Aggregated                                                                      2188     0(0.00%) |    187       2    7964     11 |   39.90        0.00

Type     Name                                                                          # reqs      # fails |    Avg     Min     Max    Med |   req/s  failures/s
--------|----------------------------------------------------------------------------|-------|-------------|-------|-------|-------|-------|--------|-----------
GET      GET /admin/cashin                                                                 68     0(0.00%) |    123       2    2133     10 |    1.00        0.00
GET      GET /admin/settlements                                                            10     0(0.00%) |      8       3      15      7 |    0.50        0.00
GET      GET /admin/transactions                                                           13     0(0.00%) |    138      13    1148     29 |    0.40        0.00
GET      GET /cashout/history                                                              60     0(0.00%) |    119       3    3487     10 |    1.20        0.00
GET      GET /dashboard                                                                   163     0(0.00%) |     74       3    2792     11 |    4.10        0.00
GET      GET /quote (API)                                                                 189     0(0.00%) |     70       3    3947      7 |    3.80        0.00
GET      GET /send                                                                         30     0(0.00%) |   1353      40    2799   1200 |    0.00        0.00
GET      GET /send/pay                                                                    330     0(0.00%) |     21       3    3197      7 |    6.00        0.00
GET      GET /send/review                                                                 330     0(0.00%) |     43       3    2582      8 |    6.00        0.00
GET      GET /transactions                                                                 92     0(0.00%) |     42       3    1851      8 |    1.60        0.00
GET      GET /wallet                                                                      185     0(0.00%) |    351       4    3957     12 |    3.20        0.00
POST     POST /admin/cashin/{id}/received                                                 303     0(0.00%) |     15       5     134     13 |    4.90        0.00
POST     POST /cashout/preview                                                            117     0(0.00%) |    246       4    5805     12 |    1.90        0.00
POST     POST /login                                                                       50     0(0.00%) |   4041    1478    7964   4000 |    0.00        0.00
POST     POST /remittances                                                                265     0(0.00%) |     21       8    1316     14 |    4.60        0.00
POST     POST /remittances (declined)                                                      65     0(0.00%) |     16       8     105     14 |    1.40        0.00
--------|----------------------------------------------------------------------------|-------|-------------|-------|-------|-------|-------|--------|-----------
         Aggregated                                                                      2270     0(0.00%) |    183       2    7964     11 |   40.60        0.00

Type     Name                                                                          # reqs      # fails |    Avg     Min     Max    Med |   req/s  failures/s
--------|----------------------------------------------------------------------------|-------|-------------|-------|-------|-------|-------|--------|-----------
GET      GET /admin/cashin                                                                 72     0(0.00%) |    117       2    2133     10 |    1.00        0.00
GET      GET /admin/settlements                                                            10     0(0.00%) |      8       3      15      7 |    0.50        0.00
GET      GET /admin/transactions                                                           13     0(0.00%) |    138      13    1148     29 |    0.10        0.00
GET      GET /cashout/history                                                              62     0(0.00%) |    115       3    3487     10 |    1.10        0.00
GET      GET /dashboard                                                                   167     0(0.00%) |     72       3    2792     11 |    3.80        0.00
GET      GET /quote (API)                                                                 195     0(0.00%) |     68       3    3947      7 |    3.70        0.00
GET      GET /send                                                                         30     0(0.00%) |   1353      40    2799   1200 |    0.00        0.00
GET      GET /send/pay                                                                    348     0(0.00%) |     20       3    3197      7 |    6.70        0.00
GET      GET /send/review                                                                 348     0(0.00%) |     41       3    2582      8 |    6.70        0.00
GET      GET /transactions                                                                 94     0(0.00%) |     41       3    1851      8 |    1.10        0.00
GET      GET /wallet                                                                      192     0(0.00%) |    345       4    3957     12 |    3.70        0.00
POST     POST /admin/cashin/{id}/received                                                 318     0(0.00%) |     15       5     134     13 |    4.90        0.00
POST     POST /cashout/preview                                                            119     0(0.00%) |    242       4    5805     12 |    1.80        0.00
POST     POST /login                                                                       50     0(0.00%) |   4041    1478    7964   4000 |    0.00        0.00
POST     POST /remittances                                                                278     0(0.00%) |     21       8    1316     14 |    5.10        0.00
POST     POST /remittances (declined)                                                      70     0(0.00%) |     16       8     105     14 |    1.60        0.00
--------|----------------------------------------------------------------------------|-------|-------------|-------|-------|-------|-------|--------|-----------
         Aggregated                                                                      2366     0(0.00%) |    176       2    7964     10 |   41.80        0.00

Type     Name                                                                          # reqs      # fails |    Avg     Min     Max    Med |   req/s  failures/s
--------|----------------------------------------------------------------------------|-------|-------------|-------|-------|-------|-------|--------|-----------
GET      GET /admin/cashin                                                                 74     0(0.00%) |    114       2    2133     10 |    1.10        0.00
GET      GET /admin/settlements                                                            12     0(0.00%) |      8       3      16      7 |    0.30        0.00
GET      GET /admin/transactions                                                           13     0(0.00%) |    138      13    1148     29 |    0.10        0.00
GET      GET /cashout/history                                                              63     0(0.00%) |    114       3    3487     10 |    1.00        0.00
GET      GET /dashboard                                                                   175     0(0.00%) |     69       3    2792     11 |    3.40        0.00
GET      GET /quote (API)                                                                 199     0(0.00%) |     67       3    3947      7 |    3.60        0.00
GET      GET /send                                                                         30     0(0.00%) |   1353      40    2799   1200 |    0.00        0.00
GET      GET /send/pay                                                                    360     0(0.00%) |     20       3    3197      7 |    7.40        0.00
GET      GET /send/review                                                                 360     0(0.00%) |     40       3    2582      8 |    7.40        0.00
GET      GET /transactions                                                                 94     0(0.00%) |     41       3    1851      8 |    1.00        0.00
GET      GET /wallet                                                                      202     0(0.00%) |    350       4    3957     12 |    3.40        0.00
POST     POST /admin/cashin/{id}/received                                                 332     0(0.00%) |     15       5     134     13 |    5.40        0.00
POST     POST /cashout/preview                                                            124     0(0.00%) |    232       4    5805     12 |    1.60        0.00
POST     POST /login                                                                       50     0(0.00%) |   4041    1478    7964   4000 |    0.00        0.00
POST     POST /remittances                                                                288     0(0.00%) |     20       8    1316     14 |    5.50        0.00
POST     POST /remittances (declined)                                                      72     0(0.00%) |     16       8     105     14 |    1.80        0.00
--------|----------------------------------------------------------------------------|-------|-------------|-------|-------|-------|-------|--------|-----------
         Aggregated                                                                      2448     0(0.00%) |    173       2    7964     10 |   43.00        0.00

Type     Name                                                                          # reqs      # fails |    Avg     Min     Max    Med |   req/s  failures/s
--------|----------------------------------------------------------------------------|-------|-------------|-------|-------|-------|-------|--------|-----------
GET      GET /admin/cashin                                                                 74     0(0.00%) |    114       2    2133     10 |    1.10        0.00
GET      GET /admin/settlements                                                            13     0(0.00%) |      8       3      16      9 |    0.40        0.00
GET      GET /admin/transactions                                                           14     0(0.00%) |    131      13    1148     29 |    0.00        0.00
GET      GET /cashout/history                                                              64     0(0.00%) |    112       3    3487     10 |    1.10        0.00
GET      GET /dashboard                                                                   179     0(0.00%) |     68       3    2792     11 |    3.20        0.00
GET      GET /quote (API)                                                                 209     0(0.00%) |     64       3    3947      7 |    3.30        0.00
GET      GET /send                                                                         30     0(0.00%) |   1353      40    2799   1200 |    0.00        0.00
GET      GET /send/pay                                                                    370     0(0.00%) |     19       3    3197      7 |    7.20        0.00
GET      GET /send/review                                                                 371     0(0.00%) |     39       3    2582      8 |    7.10        0.00
GET      GET /transactions                                                                 98     0(0.00%) |     40       3    1851      8 |    1.00        0.00
GET      GET /wallet                                                                      212     0(0.00%) |    352       4    3957     12 |    3.90        0.00
POST     POST /admin/cashin/{id}/received                                                 332     0(0.00%) |     15       5     134     13 |    5.90        0.00
POST     POST /cashout/preview                                                            125     0(0.00%) |    231       4    5805     12 |    1.50        0.00
POST     POST /login                                                                       50     0(0.00%) |   4041    1478    7964   4000 |    0.00        0.00
POST     POST /remittances                                                                297     0(0.00%) |     20       8    1316     14 |    5.40        0.00
POST     POST /remittances (declined)                                                      73     0(0.00%) |     16       8     105     14 |    1.80        0.00
--------|----------------------------------------------------------------------------|-------|-------------|-------|-------|-------|-------|--------|-----------
         Aggregated                                                                      2511     0(0.00%) |    170       2    7964     10 |   42.90        0.00

Type     Name                                                                          # reqs      # fails |    Avg     Min     Max    Med |   req/s  failures/s
--------|----------------------------------------------------------------------------|-------|-------------|-------|-------|-------|-------|--------|-----------
GET      GET /admin/cashin                                                                 78     0(0.00%) |    108       2    2133     10 |    0.90        0.00
GET      GET /admin/settlements                                                            13     0(0.00%) |      8       3      16      9 |    0.60        0.00
GET      GET /admin/transactions                                                           14     0(0.00%) |    131      13    1148     29 |    0.00        0.00
GET      GET /cashout/history                                                              70     0(0.00%) |    104       3    3487     10 |    0.70        0.00
GET      GET /dashboard                                                                   185     0(0.00%) |     66       3    2792     11 |    3.00        0.00
GET      GET /quote (API)                                                                 219     0(0.00%) |     61       3    3947      7 |    3.10        0.00
GET      GET /send                                                                         30     0(0.00%) |   1353      40    2799   1200 |    0.00        0.00
GET      GET /send/pay                                                                    380     0(0.00%) |     19       3    3197      7 |    7.30        0.00
GET      GET /send/review                                                                 380     0(0.00%) |     38       3    2582      8 |    7.30        0.00
GET      GET /transactions                                                                104     0(0.00%) |     38       3    1851      8 |    1.20        0.00
GET      GET /wallet                                                                      221     0(0.00%) |    350       4    3957     12 |    4.20        0.00
POST     POST /admin/cashin/{id}/received                                                 350     0(0.00%) |     15       5     134     13 |    5.00        0.00
POST     POST /cashout/preview                                                            126     0(0.00%) |    229       4    5805     12 |    1.40        0.00
POST     POST /login                                                                       50     0(0.00%) |   4041    1478    7964   4000 |    0.00        0.00
POST     POST /remittances                                                                305     0(0.00%) |     20       8    1316     14 |    5.90        0.00
POST     POST /remittances (declined)                                                      75     0(0.00%) |     16       8     105     14 |    1.40        0.00
--------|----------------------------------------------------------------------------|-------|-------------|-------|-------|-------|-------|--------|-----------
         Aggregated                                                                      2600     0(0.00%) |    165       2    7964     10 |   42.00        0.00

Type     Name                                                                          # reqs      # fails |    Avg     Min     Max    Med |   req/s  failures/s
--------|----------------------------------------------------------------------------|-------|-------------|-------|-------|-------|-------|--------|-----------
GET      GET /admin/cashin                                                                 80     0(0.00%) |    106       2    2133     10 |    1.00        0.00
GET      GET /admin/settlements                                                            14     0(0.00%) |      8       3      16      7 |    0.30        0.00
GET      GET /admin/transactions                                                           14     0(0.00%) |    131      13    1148     29 |    0.10        0.00
GET      GET /cashout/history                                                              73     0(0.00%) |    100       3    3487     10 |    1.00        0.00
GET      GET /dashboard                                                                   190     0(0.00%) |     65       3    2792     11 |    2.80        0.00
GET      GET /quote (API)                                                                 229     0(0.00%) |     59       3    3947      7 |    3.40        0.00
GET      GET /send                                                                         30     0(0.00%) |   1353      40    2799   1200 |    0.00        0.00
GET      GET /send/pay                                                                    393     0(0.00%) |     19       3    3197      7 |    6.70        0.00
GET      GET /send/review                                                                 393     0(0.00%) |     37       3    2582      8 |    6.70        0.00
GET      GET /transactions                                                                108     0(0.00%) |     37       3    1851      8 |    1.30        0.00
GET      GET /wallet                                                                      228     0(0.00%) |    355       4    3957     12 |    4.20        0.00
POST     POST /admin/cashin/{id}/received                                                 361     0(0.00%) |     14       5     134     13 |    5.60        0.00
POST     POST /cashout/preview                                                            128     0(0.00%) |    225       4    5805     12 |    1.20        0.00
POST     POST /login                                                                       50     0(0.00%) |   4041    1478    7964   4000 |    0.00        0.00
POST     POST /remittances                                                                317     0(0.00%) |     20       8    1316     14 |    5.50        0.00
POST     POST /remittances (declined)                                                      76     0(0.00%) |     16       8     105     14 |    1.20        0.00
--------|----------------------------------------------------------------------------|-------|-------------|-------|-------|-------|-------|--------|-----------
         Aggregated                                                                      2684     0(0.00%) |    162       2    7964     10 |   41.00        0.00

Type     Name                                                                          # reqs      # fails |    Avg     Min     Max    Med |   req/s  failures/s
--------|----------------------------------------------------------------------------|-------|-------------|-------|-------|-------|-------|--------|-----------
GET      GET /admin/cashin                                                                 81     0(0.00%) |    105       2    2133     10 |    1.10        0.00
GET      GET /admin/settlements                                                            15     0(0.00%) |      7       3      16      7 |    0.30        0.00
GET      GET /admin/transactions                                                           14     0(0.00%) |    131      13    1148     29 |    0.10        0.00
GET      GET /cashout/history                                                              75     0(0.00%) |     98       3    3487     10 |    1.10        0.00
GET      GET /dashboard                                                                   198     0(0.00%) |     63       3    2792     11 |    2.90        0.00
GET      GET /quote (API)                                                                 231     0(0.00%) |     59       3    3947      7 |    3.90        0.00
GET      GET /send                                                                         30     0(0.00%) |   1353      40    2799   1200 |    0.00        0.00
GET      GET /send/pay                                                                    406     0(0.00%) |     18       3    3197      7 |    6.20        0.00
GET      GET /send/review                                                                 406     0(0.00%) |     36       3    2582      8 |    6.20        0.00
GET      GET /transactions                                                                115     0(0.00%) |     36       3    1851      8 |    1.50        0.00
GET      GET /wallet                                                                      233     0(0.00%) |    348       4    3957     12 |    4.30        0.00
POST     POST /admin/cashin/{id}/received                                                 369     0(0.00%) |     14       5     134     13 |    5.60        0.00
POST     POST /cashout/preview                                                            136     0(0.00%) |    213       4    5805     12 |    1.00        0.00
POST     POST /login                                                                       50     0(0.00%) |   4041    1478    7964   4000 |    0.00        0.00
POST     POST /remittances                                                                327     0(0.00%) |     20       8    1316     14 |    5.10        0.00
POST     POST /remittances (declined)                                                      78     0(0.00%) |     16       8     105     14 |    1.10        0.00
--------|----------------------------------------------------------------------------|-------|-------------|-------|-------|-------|-------|--------|-----------
         Aggregated                                                                      2764     0(0.00%) |    158       2    7964     10 |   40.40        0.00

Type     Name                                                                          # reqs      # fails |    Avg     Min     Max    Med |   req/s  failures/s
--------|----------------------------------------------------------------------------|-------|-------------|-------|-------|-------|-------|--------|-----------
GET      GET /admin/cashin                                                                 84     0(0.00%) |    101       2    2133      9 |    0.90        0.00
GET      GET /admin/settlements                                                            16     0(0.00%) |      7       3      16      6 |    0.50        0.00
GET      GET /admin/transactions                                                           14     0(0.00%) |    131      13    1148     29 |    0.10        0.00
GET      GET /cashout/history                                                              76     0(0.00%) |     97       3    3487     10 |    1.40        0.00
GET      GET /dashboard                                                                   201     0(0.00%) |     62       3    2792     12 |    3.20        0.00
GET      GET /quote (API)                                                                 238     0(0.00%) |     57       3    3947      7 |    3.60        0.00
GET      GET /send                                                                         30     0(0.00%) |   1353      40    2799   1200 |    0.00        0.00
GET      GET /send/pay                                                                    420     0(0.00%) |     18       3    3197      6 |    5.70        0.00
GET      GET /send/review                                                                 420     0(0.00%) |     35       3    2582      8 |    5.70        0.00
GET      GET /transactions                                                                118     0(0.00%) |     35       3    1851      8 |    1.90        0.00
GET      GET /wallet                                                                      241     0(0.00%) |    358       4    3957     12 |    4.10        0.00
POST     POST /admin/cashin/{id}/received                                                 384     0(0.00%) |     14       4     134     13 |    5.10        0.00
POST     POST /cashout/preview                                                            139     0(0.00%) |    208       4    5805     12 |    1.60        0.00
POST     POST /login                                                                       50     0(0.00%) |   4041    1478    7964   4000 |    0.00        0.00
POST     POST /remittances                                                                340     0(0.00%) |     19       8    1316     14 |    5.00        0.00
POST     POST /remittances (declined)                                                      80     0(0.00%) |     16       8     105     14 |    0.80        0.00
--------|----------------------------------------------------------------------------|-------|-------------|-------|-------|-------|-------|--------|-----------
         Aggregated                                                                      2851     0(0.00%) |    155       2    7964     10 |   39.60        0.00

Type     Name                                                                          # reqs      # fails |    Avg     Min     Max    Med |   req/s  failures/s
--------|----------------------------------------------------------------------------|-------|-------------|-------|-------|-------|-------|--------|-----------
GET      GET /admin/cashin                                                                 89     0(0.00%) |     96       2    2133      9 |    1.10        0.00
GET      GET /admin/settlements                                                            16     0(0.00%) |      7       3      16      6 |    0.50        0.00
GET      GET /admin/transactions                                                           14     0(0.00%) |    131      13    1148     29 |    0.10        0.00
GET      GET /cashout/history                                                              79     0(0.00%) |     94       3    3487     10 |    1.30        0.00
GET      GET /dashboard                                                                   205     0(0.00%) |     61       3    2792     11 |    2.60        0.00
GET      GET /quote (API)                                                                 247     0(0.00%) |     55       3    3947      7 |    3.70        0.00
GET      GET /send                                                                         30     0(0.00%) |   1353      40    2799   1200 |    0.00        0.00
GET      GET /send/pay                                                                    433     0(0.00%) |     17       3    3197      6 |    6.00        0.00
GET      GET /send/review                                                                 433     0(0.00%) |     34       3    2582      8 |    6.00        0.00
GET      GET /transactions                                                                124     0(0.00%) |     34       3    1851      8 |    2.30        0.00
GET      GET /wallet                                                                      247     0(0.00%) |    360       4    3957     12 |    3.70        0.00
POST     POST /admin/cashin/{id}/received                                                 396     0(0.00%) |     14       4     134     13 |    5.60        0.00
POST     POST /cashout/preview                                                            142     0(0.00%) |    204       4    5805     12 |    1.70        0.00
POST     POST /login                                                                       50     0(0.00%) |   4041    1478    7964   4000 |    0.00        0.00
POST     POST /remittances                                                                351     0(0.00%) |     19       8    1316     14 |    5.20        0.00
POST     POST /remittances (declined)                                                      81     0(0.00%) |     16       8     105     14 |    0.80        0.00
--------|----------------------------------------------------------------------------|-------|-------------|-------|-------|-------|-------|--------|-----------
         Aggregated                                                                      2937     0(0.00%) |    152       2    7964     10 |   40.60        0.00

Type     Name                                                                          # reqs      # fails |    Avg     Min     Max    Med |   req/s  failures/s
--------|----------------------------------------------------------------------------|-------|-------------|-------|-------|-------|-------|--------|-----------
GET      GET /admin/cashin                                                                 91     0(0.00%) |     94       2    2133      9 |    1.30        0.00
GET      GET /admin/settlements                                                            16     0(0.00%) |      7       3      16      6 |    0.30        0.00
GET      GET /admin/transactions                                                           14     0(0.00%) |    131      13    1148     29 |    0.10        0.00
GET      GET /cashout/history                                                              82     0(0.00%) |     90       3    3487     10 |    1.40        0.00
GET      GET /dashboard                                                                   211     0(0.00%) |     60       3    2792     12 |    2.60        0.00
GET      GET /quote (API)                                                                 251     0(0.00%) |     54       3    3947      7 |    3.80        0.00
GET      GET /send                                                                         30     0(0.00%) |   1353      40    2799   1200 |    0.00        0.00
GET      GET /send/pay                                                                    446     0(0.00%) |     17       2    3197      6 |    5.90        0.00
GET      GET /send/review                                                                 446     0(0.00%) |     34       3    2582      8 |    5.90        0.00
GET      GET /transactions                                                                126     0(0.00%) |     34       3    1851      8 |    2.50        0.00
GET      GET /wallet                                                                      254     0(0.00%) |    376       4    3957     12 |    3.30        0.00
POST     POST /admin/cashin/{id}/received                                                 409     0(0.00%) |     14       4     134     13 |    6.20        0.00
POST     POST /cashout/preview                                                            144     0(0.00%) |    202       4    5805     12 |    1.70        0.00
POST     POST /login                                                                       50     0(0.00%) |   4041    1478    7964   4000 |    0.00        0.00
POST     POST /remittances                                                                365     0(0.00%) |     19       6    1316     14 |    5.10        0.00
POST     POST /remittances (declined)                                                      81     0(0.00%) |     16       8     105     14 |    0.80        0.00
--------|----------------------------------------------------------------------------|-------|-------------|-------|-------|-------|-------|--------|-----------
         Aggregated                                                                      3016     0(0.00%) |    150       2    7964     10 |   40.90        0.00

Type     Name                                                                          # reqs      # fails |    Avg     Min     Max    Med |   req/s  failures/s
--------|----------------------------------------------------------------------------|-------|-------------|-------|-------|-------|-------|--------|-----------
GET      GET /admin/cashin                                                                 95     0(0.00%) |     90       2    2133      9 |    1.30        0.00
GET      GET /admin/settlements                                                            16     0(0.00%) |      7       3      16      6 |    0.30        0.00
GET      GET /admin/transactions                                                           14     0(0.00%) |    131      13    1148     29 |    0.00        0.00
GET      GET /cashout/history                                                              85     0(0.00%) |     88       3    3487     10 |    1.30        0.00
GET      GET /dashboard                                                                   218     0(0.00%) |     58       3    2792     11 |    2.80        0.00
GET      GET /quote (API)                                                                 258     0(0.00%) |     53       3    3947      7 |    3.50        0.00
GET      GET /send                                                                         30     0(0.00%) |   1353      40    2799   1200 |    0.00        0.00
GET      GET /send/pay                                                                    458     0(0.00%) |     17       2    3197      6 |    6.10        0.00
GET      GET /send/review                                                                 458     0(0.00%) |     33       3    2582      8 |    6.10        0.00
GET      GET /transactions                                                                129     0(0.00%) |     33       3    1851      8 |    2.30        0.00
GET      GET /wallet                                                                      262     0(0.00%) |    380       4    3957     13 |    3.60        0.00
POST     POST /admin/cashin/{id}/received                                                 422     0(0.00%) |     14       4     134     13 |    5.50        0.00
POST     POST /cashout/preview                                                            147     0(0.00%) |    198       4    5805     12 |    1.80        0.00
POST     POST /login                                                                       50     0(0.00%) |   4041    1478    7964   4000 |    0.00        0.00
POST     POST /remittances                                                                375     0(0.00%) |     19       6    1316     14 |    5.40        0.00
POST     POST /remittances (declined)                                                      83     0(0.00%) |     16       8     105     14 |    0.70        0.00
--------|----------------------------------------------------------------------------|-------|-------------|-------|-------|-------|-------|--------|-----------
         Aggregated                                                                      3100     0(0.00%) |    147       2    7964     10 |   40.70        0.00

Type     Name                                                                          # reqs      # fails |    Avg     Min     Max    Med |   req/s  failures/s
--------|----------------------------------------------------------------------------|-------|-------------|-------|-------|-------|-------|--------|-----------
GET      GET /admin/cashin                                                                 97     0(0.00%) |     89       2    2133      9 |    1.50        0.00
GET      GET /admin/settlements                                                            16     0(0.00%) |      7       3      16      6 |    0.30        0.00
GET      GET /admin/transactions                                                           14     0(0.00%) |    131      13    1148     29 |    0.00        0.00
GET      GET /cashout/history                                                              87     0(0.00%) |     86       3    3487     10 |    1.20        0.00
GET      GET /dashboard                                                                   221     0(0.00%) |     58       3    2792     11 |    2.50        0.00
GET      GET /quote (API)                                                                 267     0(0.00%) |     52       3    3947      7 |    2.90        0.00
GET      GET /send                                                                         30     0(0.00%) |   1353      40    2799   1200 |    0.00        0.00
GET      GET /send/pay                                                                    471     0(0.00%) |     16       2    3197      6 |    6.80        0.00
GET      GET /send/review                                                                 471     0(0.00%) |     32       3    2582      8 |    6.80        0.00
GET      GET /transactions                                                                135     0(0.00%) |     32       3    1851      8 |    2.20        0.00
GET      GET /wallet                                                                      269     0(0.00%) |    389       4    3957     13 |    3.30        0.00
POST     POST /admin/cashin/{id}/received                                                 436     0(0.00%) |     14       4     134     13 |    6.00        0.00
POST     POST /cashout/preview                                                            151     0(0.00%) |    193       4    5805     12 |    2.00        0.00
POST     POST /login                                                                       50     0(0.00%) |   4041    1478    7964   4000 |    0.00        0.00
POST     POST /remittances                                                                384     0(0.00%) |     19       6    1316     14 |    6.10        0.00
POST     POST /remittances (declined)                                                      86     0(0.00%) |     16       8     105     14 |    0.70        0.00
--------|----------------------------------------------------------------------------|-------|-------------|-------|-------|-------|-------|--------|-----------
         Aggregated                                                                      3185     0(0.00%) |    145       2    7964     10 |   42.30        0.00

Type     Name                                                                          # reqs      # fails |    Avg     Min     Max    Med |   req/s  failures/s
--------|----------------------------------------------------------------------------|-------|-------------|-------|-------|-------|-------|--------|-----------
GET      GET /admin/cashin                                                                100     0(0.00%) |     86       2    2133      9 |    1.40        0.00
GET      GET /admin/settlements                                                            16     0(0.00%) |      7       3      16      6 |    0.10        0.00
GET      GET /admin/transactions                                                           14     0(0.00%) |    131      13    1148     29 |    0.00        0.00
GET      GET /cashout/history                                                              91     0(0.00%) |     82       3    3487     10 |    1.20        0.00
GET      GET /dashboard                                                                   227     0(0.00%) |     57       3    2792     12 |    2.20        0.00
GET      GET /quote (API)                                                                 272     0(0.00%) |     51       3    3947      7 |    3.30        0.00
GET      GET /send                                                                         30     0(0.00%) |   1353      40    2799   1200 |    0.00        0.00
GET      GET /send/pay                                                                    482     0(0.00%) |     16       2    3197      6 |    6.70        0.00
GET      GET /send/review                                                                 482     0(0.00%) |     32       3    2582      8 |    6.70        0.00
GET      GET /transactions                                                                138     0(0.00%) |     32       3    1851      8 |    2.00        0.00
GET      GET /wallet                                                                      276     0(0.00%) |    389       4    3957     13 |    3.40        0.00
POST     POST /admin/cashin/{id}/received                                                 439     0(0.00%) |     14       4     134     13 |    5.30        0.00
POST     POST /cashout/preview                                                            154     0(0.00%) |    189       4    5805     12 |    1.70        0.00
POST     POST /login                                                                       50     0(0.00%) |   4041    1478    7964   4000 |    0.00        0.00
POST     POST /remittances                                                                395     0(0.00%) |     19       6    1316     14 |    5.80        0.00
POST     POST /remittances (declined)                                                      87     0(0.00%) |     16       8     105     14 |    0.90        0.00
--------|----------------------------------------------------------------------------|-------|-------------|-------|-------|-------|-------|--------|-----------
         Aggregated                                                                      3253     0(0.00%) |    143       2    7964     10 |   40.70        0.00

Type     Name                                                                          # reqs      # fails |    Avg     Min     Max    Med |   req/s  failures/s
--------|----------------------------------------------------------------------------|-------|-------------|-------|-------|-------|-------|--------|-----------
GET      GET /admin/cashin                                                                104     0(0.00%) |     83       2    2133      9 |    1.60        0.00
GET      GET /admin/settlements                                                            16     0(0.00%) |      7       3      16      6 |    0.00        0.00
GET      GET /admin/transactions                                                           15     0(0.00%) |    125      13    1148     38 |    0.00        0.00
GET      GET /cashout/history                                                              93     0(0.00%) |     81       3    3487     10 |    1.40        0.00
GET      GET /dashboard                                                                   231     0(0.00%) |     56       3    2792     11 |    2.60        0.00
GET      GET /quote (API)                                                                 281     0(0.00%) |     49       3    3947      7 |    3.60        0.00
GET      GET /send                                                                         30     0(0.00%) |   1353      40    2799   1200 |    0.00        0.00
GET      GET /send/pay                                                                    497     0(0.00%) |     16       2    3197      6 |    6.10        0.00
GET      GET /send/review                                                                 498     0(0.00%) |     31       3    2582      8 |    6.10        0.00
GET      GET /transactions                                                                142     0(0.00%) |     31       3    1851      8 |    2.00        0.00
GET      GET /wallet                                                                      281     0(0.00%) |    387       4    3957     13 |    3.50        0.00
POST     POST /admin/cashin/{id}/received                                                 459     0(0.00%) |     14       4     134     13 |    5.50        0.00
POST     POST /cashout/preview                                                            161     0(0.00%) |    181       4    5805     12 |    1.40        0.00
POST     POST /login                                                                       50     0(0.00%) |   4041    1478    7964   4000 |    0.00        0.00
POST     POST /remittances                                                                407     0(0.00%) |     19       6    1316     14 |    5.40        0.00
POST     POST /remittances (declined)                                                      89     0(0.00%) |     16       8     105     14 |    0.70        0.00
--------|----------------------------------------------------------------------------|-------|-------------|-------|-------|-------|-------|--------|-----------
         Aggregated                                                                      3354     0(0.00%) |    140       2    7964     10 |   39.90        0.00

Type     Name                                                                          # reqs      # fails |    Avg     Min     Max    Med |   req/s  failures/s
--------|----------------------------------------------------------------------------|-------|-------------|-------|-------|-------|-------|--------|-----------
GET      GET /admin/cashin                                                                106     0(0.00%) |     82       2    2133      9 |    1.50        0.00
GET      GET /admin/settlements                                                            16     0(0.00%) |      7       3      16      6 |    0.00        0.00
GET      GET /admin/transactions                                                           15     0(0.00%) |    125      13    1148     38 |    0.10        0.00
GET      GET /cashout/history                                                              95     0(0.00%) |     79       3    3487     10 |    1.50        0.00
GET      GET /dashboard                                                                   236     0(0.00%) |     55       3    2792     11 |    2.60        0.00
GET      GET /quote (API)                                                                 289     0(0.00%) |     48       3    3947      7 |    3.30        0.00
GET      GET /send                                                                         30     0(0.00%) |   1353      40    2799   1200 |    0.00        0.00
GET      GET /send/pay                                                                    511     0(0.00%) |     16       2    3197      6 |    6.50        0.00
GET      GET /send/review                                                                 511     0(0.00%) |     30       3    2582      8 |    6.50        0.00
GET      GET /transactions                                                                144     0(0.00%) |     31       3    1851      8 |    1.90        0.00
GET      GET /wallet                                                                      288     0(0.00%) |    386       4    3957     13 |    3.60        0.00
POST     POST /admin/cashin/{id}/received                                                 472     0(0.00%) |     14       4     134     13 |    6.20        0.00
POST     POST /cashout/preview                                                            165     0(0.00%) |    177       4    5805     12 |    1.90        0.00
POST     POST /login                                                                       50     0(0.00%) |   4041    1478    7964   4000 |    0.00        0.00
POST     POST /remittances                                                                422     0(0.00%) |     18       6    1316     14 |    5.70        0.00
POST     POST /remittances (declined)                                                      89     0(0.00%) |     16       8     105     14 |    0.80        0.00
--------|----------------------------------------------------------------------------|-------|-------------|-------|-------|-------|-------|--------|-----------
         Aggregated                                                                      3439     0(0.00%) |    137       2    7964     10 |   42.10        0.00

Type     Name                                                                          # reqs      # fails |    Avg     Min     Max    Med |   req/s  failures/s
--------|----------------------------------------------------------------------------|-------|-------------|-------|-------|-------|-------|--------|-----------
GET      GET /admin/cashin                                                                109     0(0.00%) |     80       2    2133      9 |    1.50        0.00
GET      GET /admin/settlements                                                            16     0(0.00%) |      7       3      16      6 |    0.00        0.00
GET      GET /admin/transactions                                                           16     0(0.00%) |    121      13    1148     38 |    0.10        0.00
GET      GET /cashout/history                                                              98     0(0.00%) |     77       3    3487     10 |    1.20        0.00
GET      GET /dashboard                                                                   241     0(0.00%) |     54       3    2792     11 |    2.40        0.00
GET      GET /quote (API)                                                                 302     0(0.00%) |     46       3    3947      7 |    3.80        0.00
GET      GET /send                                                                         30     0(0.00%) |   1353      40    2799   1200 |    0.00        0.00
GET      GET /send/pay                                                                    522     0(0.00%) |     15       2    3197      6 |    6.80        0.00
GET      GET /send/review                                                                 522     0(0.00%) |     30       3    2582      8 |    6.80        0.00
GET      GET /transactions                                                                145     0(0.00%) |     31       3    1851      8 |    1.80        0.00
GET      GET /wallet                                                                      293     0(0.00%) |    384       4    3957     13 |    3.40        0.00
POST     POST /admin/cashin/{id}/received                                                 479     0(0.00%) |     14       4     134     13 |    6.00        0.00
POST     POST /cashout/preview                                                            170     0(0.00%) |    172       4    5805     12 |    2.00        0.00
POST     POST /login                                                                       50     0(0.00%) |   4041    1478    7964   4000 |    0.00        0.00
POST     POST /remittances                                                                430     0(0.00%) |     18       6    1316     14 |    6.00        0.00
POST     POST /remittances (declined)                                                      92     0(0.00%) |     16       8     105     14 |    0.80        0.00
--------|----------------------------------------------------------------------------|-------|-------------|-------|-------|-------|-------|--------|-----------
         Aggregated                                                                      3515     0(0.00%) |    135       2    7964     10 |   42.60        0.00

Type     Name                                                                          # reqs      # fails |    Avg     Min     Max    Med |   req/s  failures/s
--------|----------------------------------------------------------------------------|-------|-------------|-------|-------|-------|-------|--------|-----------
GET      GET /admin/cashin                                                                109     0(0.00%) |     80       2    2133      9 |    1.50        0.00
GET      GET /admin/settlements                                                            18     0(0.00%) |      7       3      16      7 |    0.00        0.00
GET      GET /admin/transactions                                                           16     0(0.00%) |    121      13    1148     38 |    0.10        0.00
GET      GET /cashout/history                                                             100     0(0.00%) |     76       3    3487     10 |    1.40        0.00
GET      GET /dashboard                                                                   243     0(0.00%) |     53       3    2792     11 |    2.60        0.00
GET      GET /quote (API)                                                                 309     0(0.00%) |     46       3    3947      7 |    4.40        0.00
GET      GET /send                                                                         30     0(0.00%) |   1353      40    2799   1200 |    0.00        0.00
GET      GET /send/pay                                                                    535     0(0.00%) |     15       2    3197      6 |    5.90        0.00
GET      GET /send/review                                                                 535     0(0.00%) |     29       3    2582      8 |    5.90        0.00
GET      GET /transactions                                                                148     0(0.00%) |     30       3    1851      8 |    1.60        0.00
GET      GET /wallet                                                                      299     0(0.00%) |    390       4    3957     13 |    3.20        0.00
POST     POST /admin/cashin/{id}/received                                                 479     0(0.00%) |     14       4     134     13 |    6.30        0.00
POST     POST /cashout/preview                                                            173     0(0.00%) |    170       4    5805     12 |    2.30        0.00
POST     POST /login                                                                       50     0(0.00%) |   4041    1478    7964   4000 |    0.00        0.00
POST     POST /remittances                                                                443     0(0.00%) |     18       6    1316     14 |    5.20        0.00
POST     POST /remittances (declined)                                                      92     0(0.00%) |     16       8     105     14 |    0.70        0.00
--------|----------------------------------------------------------------------------|-------|-------------|-------|-------|-------|-------|--------|-----------
         Aggregated                                                                      3579     0(0.00%) |    134       2    7964     10 |   41.10        0.00

Type     Name                                                                          # reqs      # fails |    Avg     Min     Max    Med |   req/s  failures/s
--------|----------------------------------------------------------------------------|-------|-------------|-------|-------|-------|-------|--------|-----------
GET      GET /admin/cashin                                                                112     0(0.00%) |     78       2    2133      9 |    1.40        0.00
GET      GET /admin/settlements                                                            19     0(0.00%) |      7       3      16      7 |    0.20        0.00
GET      GET /admin/transactions                                                           17     0(0.00%) |    116      13    1148     39 |    0.20        0.00
GET      GET /cashout/history                                                             101     0(0.00%) |     75       3    3487     10 |    1.30        0.00
GET      GET /dashboard                                                                   251     0(0.00%) |     52       3    2792     11 |    2.30        0.00
GET      GET /quote (API)                                                                 313     0(0.00%) |     45       3    3947      7 |    4.30        0.00
GET      GET /send                                                                         30     0(0.00%) |   1353      40    2799   1200 |    0.00        0.00
GET      GET /send/pay                                                                    551     0(0.00%) |     15       2    3197      6 |    6.40        0.00
GET      GET /send/review                                                                 551     0(0.00%) |     29       3    2582      7 |    6.40        0.00
GET      GET /transactions                                                                155     0(0.00%) |     30       3    1851      8 |    1.60        0.00
GET      GET /wallet                                                                      308     0(0.00%) |    396       4    3957     13 |    3.30        0.00
POST     POST /admin/cashin/{id}/received                                                 504     0(0.00%) |     14       4     134     13 |    5.70        0.00
POST     POST /cashout/preview                                                            178     0(0.00%) |    165       4    5805     12 |    2.20        0.00
POST     POST /login                                                                       50     0(0.00%) |   4041    1478    7964   4000 |    0.00        0.00
POST     POST /remittances                                                                456     0(0.00%) |     18       6    1316     14 |    5.80        0.00
POST     POST /remittances (declined)                                                      94     0(0.00%) |     16       8     105     14 |    0.60        0.00
--------|----------------------------------------------------------------------------|-------|-------------|-------|-------|-------|-------|--------|-----------
         Aggregated                                                                      3690     0(0.00%) |    131       2    7964     10 |   41.70        0.00

Type     Name                                                                          # reqs      # fails |    Avg     Min     Max    Med |   req/s  failures/s
--------|----------------------------------------------------------------------------|-------|-------------|-------|-------|-------|-------|--------|-----------
GET      GET /admin/cashin                                                                113     0(0.00%) |     78       2    2133      9 |    1.10        0.00
GET      GET /admin/settlements                                                            19     0(0.00%) |      7       3      16      7 |    0.30        0.00
GET      GET /admin/transactions                                                           17     0(0.00%) |    116      13    1148     39 |    0.30        0.00
GET      GET /cashout/history                                                             102     0(0.00%) |     74       3    3487     10 |    1.10        0.00
GET      GET /dashboard                                                                   261     0(0.00%) |     51       3    2792     11 |    2.30        0.00
GET      GET /quote (API)                                                                 324     0(0.00%) |     44       3    3947      7 |    4.00        0.00
GET      GET /send                                                                         30     0(0.00%) |   1353      40    2799   1200 |    0.00        0.00
GET      GET /send/pay                                                                    561     0(0.00%) |     15       2    3197      6 |    6.90        0.00
GET      GET /send/review                                                                 561     0(0.00%) |     28       3    2582      7 |    6.90        0.00
GET      GET /transactions                                                                156     0(0.00%) |     29       3    1851      8 |    1.70        0.00
GET      GET /wallet                                                                      315     0(0.00%) |    400       4    3957     14 |    3.00        0.00
POST     POST /admin/cashin/{id}/received                                                 512     0(0.00%) |     14       4     134     13 |    5.90        0.00
POST     POST /cashout/preview                                                            181     0(0.00%) |    163       4    5805     12 |    2.50        0.00
POST     POST /login                                                                       50     0(0.00%) |   4041    1478    7964   4000 |    0.00        0.00
POST     POST /remittances                                                                465     0(0.00%) |     18       6    1316     14 |    6.20        0.00
POST     POST /remittances (declined)                                                      96     0(0.00%) |     15       8     105     14 |    0.70        0.00
--------|----------------------------------------------------------------------------|-------|-------------|-------|-------|-------|-------|--------|-----------
         Aggregated                                                                      3763     0(0.00%) |    130       2    7964     10 |   42.90        0.00

Type     Name                                                                          # reqs      # fails |    Avg     Min     Max    Med |   req/s  failures/s
--------|----------------------------------------------------------------------------|-------|-------------|-------|-------|-------|-------|--------|-----------
GET      GET /admin/cashin                                                                116     0(0.00%) |     76       2    2133      9 |    1.10        0.00
GET      GET /admin/settlements                                                            19     0(0.00%) |      7       3      16      7 |    0.30        0.00
GET      GET /admin/transactions                                                           18     0(0.00%) |    113      13    1148     39 |    0.20        0.00
GET      GET /cashout/history                                                             102     0(0.00%) |     74       3    3487     10 |    0.80        0.00
GET      GET /dashboard                                                                   263     0(0.00%) |     50       3    2792     11 |    2.90        0.00
GET      GET /quote (API)                                                                 333     0(0.00%) |     43       3    3947      7 |    4.40        0.00
GET      GET /send                                                                         30     0(0.00%) |   1353      40    2799   1200 |    0.00        0.00
GET      GET /send/pay                                                                    573     0(0.00%) |     15       2    3197      6 |    6.40        0.00
GET      GET /send/review                                                                 573     0(0.00%) |     28       3    2582      7 |    6.50        0.00
GET      GET /transactions                                                                160     0(0.00%) |     29       3    1851      8 |    1.30        0.00
GET      GET /wallet                                                                      322     0(0.00%) |    407       4    3957     14 |    3.30        0.00
POST     POST /admin/cashin/{id}/received                                                 527     0(0.00%) |     14       4     134     13 |    5.60        0.00
POST     POST /cashout/preview                                                            186     0(0.00%) |    159       4    5805     11 |    2.00        0.00
POST     POST /login                                                                       50     0(0.00%) |   4041    1478    7964   4000 |    0.00        0.00
POST     POST /remittances                                                                475     0(0.00%) |     18       6    1316     14 |    5.70        0.00
POST     POST /remittances (declined)                                                      98     0(0.00%) |     15       8     105     14 |    0.70        0.00
--------|----------------------------------------------------------------------------|-------|-------------|-------|-------|-------|-------|--------|-----------
         Aggregated                                                                      3845     0(0.00%) |    129       2    7964     10 |   41.20        0.00

Type     Name                                                                          # reqs      # fails |    Avg     Min     Max    Med |   req/s  failures/s
--------|----------------------------------------------------------------------------|-------|-------------|-------|-------|-------|-------|--------|-----------
GET      GET /admin/cashin                                                                117     0(0.00%) |     75       2    2133      9 |    1.10        0.00
GET      GET /admin/settlements                                                            20     0(0.00%) |      7       3      16      7 |    0.30        0.00
GET      GET /admin/transactions                                                           20     0(0.00%) |    107      13    1148     40 |    0.30        0.00
GET      GET /cashout/history                                                             105     0(0.00%) |     72       3    3487     10 |    0.80        0.00
GET      GET /dashboard                                                                   270     0(0.00%) |     49       3    2792     11 |    2.80        0.00
GET      GET /quote (API)                                                                 339     0(0.00%) |     42       3    3947      7 |    4.20        0.00
GET      GET /send                                                                         30     0(0.00%) |   1353      40    2799   1200 |    0.00        0.00
GET      GET /send/pay                                                                    586     0(0.00%) |     14       2    3197      6 |    6.30        0.00
GET      GET /send/review                                                                 586     0(0.00%) |     27       3    2582      7 |    6.30        0.00
GET      GET /transactions                                                                165     0(0.00%) |     28       3    1851      8 |    1.50        0.00
GET      GET /wallet                                                                      329     0(0.00%) |    410       4    3957     14 |    3.30        0.00
POST     POST /admin/cashin/{id}/received                                                 537     0(0.00%) |     14       4     134     13 |    6.30        0.00
POST     POST /cashout/preview                                                            188     0(0.00%) |    157       4    5805     11 |    2.20        0.00
POST     POST /login                                                                       50     0(0.00%) |   4041    1478    7964   4000 |    0.00        0.00
POST     POST /remittances                                                                488     0(0.00%) |     18       6    1316     14 |    5.40        0.00
POST     POST /remittances (declined)                                                      98     0(0.00%) |     15       8     105     14 |    0.90        0.00
--------|----------------------------------------------------------------------------|-------|-------------|-------|-------|-------|-------|--------|-----------
         Aggregated                                                                      3928     0(0.00%) |    127       2    7964     10 |   41.70        0.00

Type     Name                                                                          # reqs      # fails |    Avg     Min     Max    Med |   req/s  failures/s
--------|----------------------------------------------------------------------------|-------|-------------|-------|-------|-------|-------|--------|-----------
GET      GET /admin/cashin                                                                119     0(0.00%) |     74       2    2133      9 |    0.80        0.00
GET      GET /admin/settlements                                                            20     0(0.00%) |      7       3      16      7 |    0.40        0.00
GET      GET /admin/transactions                                                           21     0(0.00%) |    104      13    1148     43 |    0.40        0.00
GET      GET /cashout/history                                                             107     0(0.00%) |     71       3    3487     10 |    0.70        0.00
GET      GET /dashboard                                                                   280     0(0.00%) |     48       3    2792     11 |    2.70        0.00
GET      GET /quote (API)                                                                 344     0(0.00%) |     42       3    3947      7 |    3.90        0.00
GET      GET /send                                                                         30     0(0.00%) |   1353      40    2799   1200 |    0.00        0.00
GET      GET /send/pay                                                                    598     0(0.00%) |     14       2    3197      6 |    6.60        0.00
GET      GET /send/review                                                                 598     0(0.00%) |     27       3    2582      7 |    6.60        0.00
GET      GET /transactions                                                                167     0(0.00%) |     28       3    1851      8 |    1.90        0.00
GET      GET /wallet                                                                      334     0(0.00%) |    416       4    3957     14 |    3.50        0.00
POST     POST /admin/cashin/{id}/received                                                 551     0(0.00%) |     14       4     134     13 |    5.80        0.00
POST     POST /cashout/preview                                                            192     0(0.00%) |    154       4    5805     11 |    1.60        0.00
POST     POST /login                                                                       50     0(0.00%) |   4041    1478    7964   4000 |    0.00        0.00
POST     POST /remittances                                                                500     0(0.00%) |     18       6    1316     14 |    5.80        0.00
POST     POST /remittances (declined)                                                      98     0(0.00%) |     15       8     105     14 |    0.80        0.00
--------|----------------------------------------------------------------------------|-------|-------------|-------|-------|-------|-------|--------|-----------
         Aggregated                                                                      4009     0(0.00%) |    126       2    7964     10 |   41.50        0.00

Type     Name                                                                          # reqs      # fails |    Avg     Min     Max    Med |   req/s  failures/s
--------|----------------------------------------------------------------------------|-------|-------------|-------|-------|-------|-------|--------|-----------
GET      GET /admin/cashin                                                                121     0(0.00%) |     73       2    2133      9 |    1.00        0.00
GET      GET /admin/settlements                                                            21     0(0.00%) |      7       3      16      7 |    0.20        0.00
GET      GET /admin/transactions                                                           21     0(0.00%) |    104      13    1148     43 |    0.40        0.00
GET      GET /cashout/history                                                             111     0(0.00%) |     69       3    3487     10 |    0.60        0.00
GET      GET /dashboard                                                                   284     0(0.00%) |     47       3    2792     11 |    3.60        0.00
GET      GET /quote (API)                                                                 349     0(0.00%) |     41       3    3947      7 |    3.70        0.00
GET      GET /send                                                                         30     0(0.00%) |   1353      40    2799   1200 |    0.00        0.00
GET      GET /send/pay                                                                    608     0(0.00%) |     14       2    3197      6 |    5.90        0.00
GET      GET /send/review                                                                 608     0(0.00%) |     27       3    2582      7 |    5.90        0.00
GET      GET /transactions                                                                173     0(0.00%) |     28       3    1851      8 |    1.90        0.00
GET      GET /wallet                                                                      341     0(0.00%) |    422       4    3957     14 |    3.40        0.00
POST     POST /admin/cashin/{id}/received                                                 566     0(0.00%) |     14       4     134     13 |    7.20        0.00
POST     POST /cashout/preview                                                            197     0(0.00%) |    151       4    5805     11 |    1.80        0.00
POST     POST /login                                                                       50     0(0.00%) |   4041    1478    7964   4000 |    0.00        0.00
POST     POST /remittances                                                                508     0(0.00%) |     18       6    1316     14 |    5.30        0.00
POST     POST /remittances (declined)                                                     100     0(0.00%) |     15       8     105     14 |    0.60        0.00
--------|----------------------------------------------------------------------------|-------|-------------|-------|-------|-------|-------|--------|-----------
         Aggregated                                                                      4088     0(0.00%) |    125       2    7964     10 |   41.50        0.00

Type     Name                                                                          # reqs      # fails |    Avg     Min     Max    Med |   req/s  failures/s
--------|----------------------------------------------------------------------------|-------|-------------|-------|-------|-------|-------|--------|-----------
GET      GET /admin/cashin                                                                124     0(0.00%) |     72       2    2133      9 |    0.90        0.00
GET      GET /admin/settlements                                                            22     0(0.00%) |      7       3      16      6 |    0.20        0.00
GET      GET /admin/transactions                                                           21     0(0.00%) |    104      13    1148     43 |    0.40        0.00
GET      GET /cashout/history                                                             118     0(0.00%) |     66       3    3487     10 |    0.90        0.00
GET      GET /dashboard                                                                   287     0(0.00%) |     47       3    2792     11 |    3.50        0.00
GET      GET /quote (API)                                                                 355     0(0.00%) |     41       3    3947      7 |    3.70        0.00
GET      GET /send                                                                         30     0(0.00%) |   1353      40    2799   1200 |    0.00        0.00
GET      GET /send/pay                                                                    628     0(0.00%) |     14       2    3197      6 |    5.60        0.00
GET      GET /send/review                                                                 628     0(0.00%) |     26       3    2582      7 |    5.60        0.00
GET      GET /transactions                                                                176     0(0.00%) |     27       3    1851      8 |    1.80        0.00
GET      GET /wallet                                                                      344     0(0.00%) |    426       4    3957     14 |    3.60        0.00
POST     POST /admin/cashin/{id}/received                                                 584     0(0.00%) |     14       4     134     13 |    6.30        0.00
POST     POST /cashout/preview                                                            200     0(0.00%) |    149       4    5805     11 |    1.80        0.00
POST     POST /login                                                                       50     0(0.00%) |   4041    1478    7964   4000 |    0.00        0.00
POST     POST /remittances                                                                524     0(0.00%) |     18       6    1316     14 |    5.10        0.00
POST     POST /remittances (declined)                                                     104     0(0.00%) |     16       8     105     14 |    0.50        0.00
--------|----------------------------------------------------------------------------|-------|-------------|-------|-------|-------|-------|--------|-----------
         Aggregated                                                                      4195     0(0.00%) |    123       2    7964     10 |   39.90        0.00

Type     Name                                                                          # reqs      # fails |    Avg     Min     Max    Med |   req/s  failures/s
--------|----------------------------------------------------------------------------|-------|-------------|-------|-------|-------|-------|--------|-----------
GET      GET /admin/cashin                                                                126     0(0.00%) |     71       2    2133      9 |    1.00        0.00
GET      GET /admin/settlements                                                            22     0(0.00%) |      7       3      16      6 |    0.30        0.00
GET      GET /admin/transactions                                                           22     0(0.00%) |    103      13    1148     43 |    0.40        0.00
GET      GET /cashout/history                                                             122     0(0.00%) |     64       3    3487     10 |    1.50        0.00
GET      GET /dashboard                                                                   292     0(0.00%) |     47       3    2792     11 |    2.80        0.00
GET      GET /quote (API)                                                                 357     0(0.00%) |     40       3    3947      7 |    3.20        0.00
GET      GET /send                                                                         30     0(0.00%) |   1353      40    2799   1200 |    0.00        0.00
GET      GET /send/pay                                                                    642     0(0.00%) |     14       2    3197      6 |    6.50        0.00
GET      GET /send/review                                                                 642     0(0.00%) |     26       3    2582      7 |    6.40        0.00
GET      GET /transactions                                                                181     0(0.00%) |     27       3    1851      9 |    2.00        0.00
GET      GET /wallet                                                                      350     0(0.00%) |    422       4    3957     14 |    3.00        0.00
POST     POST /admin/cashin/{id}/received                                                 591     0(0.00%) |     14       4     134     13 |    6.20        0.00
POST     POST /cashout/preview                                                            205     0(0.00%) |    146       4    5805     11 |    1.80        0.00
POST     POST /login                                                                       50     0(0.00%) |   4041    1478    7964   4000 |    0.00        0.00
POST     POST /remittances                                                                537     0(0.00%) |     18       6    1316     14 |    5.90        0.00
POST     POST /remittances (declined)                                                     105     0(0.00%) |     16       8     105     14 |    0.60        0.00
--------|----------------------------------------------------------------------------|-------|-------------|-------|-------|-------|-------|--------|-----------
         Aggregated                                                                      4274     0(0.00%) |    121       2    7964     10 |   41.60        0.00

Type     Name                                                                          # reqs      # fails |    Avg     Min     Max    Med |   req/s  failures/s
--------|----------------------------------------------------------------------------|-------|-------------|-------|-------|-------|-------|--------|-----------
GET      GET /admin/cashin                                                                129     0(0.00%) |     69       2    2133      9 |    1.00        0.00
GET      GET /admin/settlements                                                            22     0(0.00%) |      7       3      16      6 |    0.30        0.00
GET      GET /admin/transactions                                                           22     0(0.00%) |    103      13    1148     43 |    0.40        0.00
GET      GET /cashout/history                                                             123     0(0.00%) |     64       3    3487     10 |    1.80        0.00
GET      GET /dashboard                                                                   298     0(0.00%) |     46       3    2792     11 |    2.80        0.00
GET      GET /quote (API)                                                                 362     0(0.00%) |     40       3    3947      7 |    2.50        0.00
GET      GET /send                                                                         30     0(0.00%) |   1353      40    2799   1200 |    0.00        0.00
GET      GET /send/pay                                                                    658     0(0.00%) |     13       2    3197      6 |    7.00        0.00
GET      GET /send/review                                                                 659     0(0.00%) |     25       3    2582      7 |    7.00        0.00
GET      GET /transactions                                                                186     0(0.00%) |     27       3    1851      9 |    2.10        0.00
GET      GET /wallet                                                                      357     0(0.00%) |    425       4    3957     14 |    2.80        0.00
POST     POST /admin/cashin/{id}/received                                                 614     0(0.00%) |     14       4     134     13 |    6.40        0.00
POST     POST /cashout/preview                                                            207     0(0.00%) |    144       4    5805     12 |    1.90        0.00
POST     POST /login                                                                       50     0(0.00%) |   4041    1478    7964   4000 |    0.00        0.00
POST     POST /remittances                                                                550     0(0.00%) |     18       6    1316     14 |    6.30        0.00
POST     POST /remittances (declined)                                                     108     0(0.00%) |     16       8     105     14 |    0.70        0.00
--------|----------------------------------------------------------------------------|-------|-------------|-------|-------|-------|-------|--------|-----------
         Aggregated                                                                      4375     0(0.00%) |    119       2    7964     10 |   43.00        0.00

Type     Name                                                                          # reqs      # fails |    Avg     Min     Max    Med |   req/s  failures/s
--------|----------------------------------------------------------------------------|-------|-------------|-------|-------|-------|-------|--------|-----------
GET      GET /admin/cashin                                                                132     0(0.00%) |     68       2    2133      9 |    1.20        0.00
GET      GET /admin/settlements                                                            22     0(0.00%) |      7       3      16      6 |    0.20        0.00
GET      GET /admin/transactions                                                           22     0(0.00%) |    103      13    1148     43 |    0.30        0.00
GET      GET /cashout/history                                                             125     0(0.00%) |     63       3    3487     10 |    1.90        0.00
GET      GET /dashboard                                                                   302     0(0.00%) |     46       3    2792     11 |    2.90        0.00
GET      GET /quote (API)                                                                 371     0(0.00%) |     39       3    3947      7 |    2.40        0.00
GET      GET /send                                                                         30     0(0.00%) |   1353      40    2799   1200 |    0.00        0.00
GET      GET /send/pay                                                                    672     0(0.00%) |     13       2    3197      6 |    7.30        0.00
GET      GET /send/review                                                                 672     0(0.00%) |     25       3    2582      7 |    7.30        0.00
GET      GET /transactions                                                                189     0(0.00%) |     26       3    1851      9 |    2.20        0.00
GET      GET /wallet                                                                      366     0(0.00%) |    432       4    3957     15 |    2.60        0.00
POST     POST /admin/cashin/{id}/received                                                 624     0(0.00%) |     14       4     134     13 |    7.70        0.00
POST     POST /cashout/preview                                                            210     0(0.00%) |    143       4    5805     12 |    2.10        0.00
POST     POST /login                                                                       50     0(0.00%) |   4041    1478    7964   4000 |    0.00        0.00
POST     POST /remittances                                                                560     0(0.00%) |     17       6    1316     14 |    6.40        0.00
POST     POST /remittances (declined)                                                     112     0(0.00%) |     16       8     105     14 |    0.90        0.00
--------|----------------------------------------------------------------------------|-------|-------------|-------|-------|-------|-------|--------|-----------
         Aggregated                                                                      4459     0(0.00%) |    119       2    7964     10 |   45.40        0.00

Type     Name                                                                          # reqs      # fails |    Avg     Min     Max    Med |   req/s  failures/s
--------|----------------------------------------------------------------------------|-------|-------------|-------|-------|-------|-------|--------|-----------
GET      GET /admin/cashin                                                                134     0(0.00%) |     67       2    2133      9 |    1.30        0.00
GET      GET /admin/settlements                                                            22     0(0.00%) |      7       3      16      6 |    0.20        0.00
GET      GET /admin/transactions                                                           23     0(0.00%) |    101      13    1148     48 |    0.20        0.00
GET      GET /cashout/history                                                             128     0(0.00%) |     61       3    3487     10 |    1.90        0.00
GET      GET /dashboard                                                                   310     0(0.00%) |     45       3    2792     11 |    2.10        0.00
GET      GET /quote (API)                                                                 378     0(0.00%) |     39       3    3947      7 |    2.60        0.00
GET      GET /send                                                                         30     0(0.00%) |   1353      40    2799   1200 |    0.00        0.00
GET      GET /send/pay                                                                    682     0(0.00%) |     13       2    3197      6 |    7.70        0.00
GET      GET /send/review                                                                 682     0(0.00%) |     25       3    2582      7 |    7.70        0.00
GET      GET /transactions                                                                192     0(0.00%) |     26       3    1851      9 |    2.20        0.00
GET      GET /wallet                                                                      370     0(0.00%) |    437       4    3957     15 |    3.00        0.00
POST     POST /admin/cashin/{id}/received                                                 628     0(0.00%) |     14       4     134     13 |    7.20        0.00
POST     POST /cashout/preview                                                            217     0(0.00%) |    138       4    5805     11 |    1.70        0.00
POST     POST /login                                                                       50     0(0.00%) |   4041    1478    7964   4000 |    0.00        0.00
POST     POST /remittances                                                                567     0(0.00%) |     17       6    1316     14 |    6.40        0.00
POST     POST /remittances (declined)                                                     115     0(0.00%) |     16       8     105     14 |    1.30        0.00
--------|----------------------------------------------------------------------------|-------|-------------|-------|-------|-------|-------|--------|-----------
         Aggregated                                                                      4528     0(0.00%) |    118       2    7964     10 |   45.50        0.00

Type     Name                                                                          # reqs      # fails |    Avg     Min     Max    Med |   req/s  failures/s
--------|----------------------------------------------------------------------------|-------|-------------|-------|-------|-------|-------|--------|-----------
GET      GET /admin/cashin                                                                135     0(0.00%) |     67       2    2133      9 |    1.40        0.00
GET      GET /admin/settlements                                                            23     0(0.00%) |      7       3      16      7 |    0.10        0.00
GET      GET /admin/transactions                                                           25     0(0.00%) |     99      13    1148     48 |    0.20        0.00
GET      GET /cashout/history                                                             131     0(0.00%) |     60       3    3487     10 |    1.80        0.00
GET      GET /dashboard                                                                   315     0(0.00%) |     44       3    2792     11 |    2.60        0.00
GET      GET /quote (API)                                                                 387     0(0.00%) |     38       3    3947      7 |    2.90        0.00
GET      GET /send                                                                         30     0(0.00%) |   1353      40    2799   1200 |    0.00        0.00
GET      GET /send/pay                                                                    695     0(0.00%) |     13       2    3197      6 |    7.40        0.00
GET      GET /send/review                                                                 695     0(0.00%) |     25       3    2582      7 |    7.40        0.00
GET      GET /transactions                                                                197     0(0.00%) |     26       3    1851      9 |    1.90        0.00
GET      GET /wallet                                                                      375     0(0.00%) |    442       4    3957     15 |    3.00        0.00
POST     POST /admin/cashin/{id}/received                                                 636     0(0.00%) |     14       4     134     13 |    6.70        0.00
POST     POST /cashout/preview                                                            222     0(0.00%) |    136       4    5805     11 |    1.80        0.00
POST     POST /login                                                                       50     0(0.00%) |   4041    1478    7964   4000 |    0.00        0.00
POST     POST /remittances                                                                578     0(0.00%) |     17       6    1316     14 |    5.80        0.00
POST     POST /remittances (declined)                                                     117     0(0.00%) |     16       8     105     14 |    1.60        0.00
--------|----------------------------------------------------------------------------|-------|-------------|-------|-------|-------|-------|--------|-----------
         Aggregated                                                                      4611     0(0.00%) |    117       2    7964     10 |   44.60        0.00

[2026-09-28 14:04:22,112] Mac/INFO/locust.main: --run-time limit reached, shutting down

Requests: 4691  failures: 0  median: 10 ms  p95: 110.0 ms  rps: 39.2
[2026-09-28 14:04:22,138] Mac/INFO/locust.main: Shutting down (exit code 0)
Type     Name                                                                          # reqs      # fails |    Avg     Min     Max    Med |   req/s  failures/s
--------|----------------------------------------------------------------------------|-------|-------------|-------|-------|-------|-------|--------|-----------
GET      GET /admin/cashin                                                                138     0(0.00%) |     65       2    2133      9 |    1.15        0.00
GET      GET /admin/settlements                                                            24     0(0.00%) |      7       3      16      6 |    0.20        0.00
GET      GET /admin/transactions                                                           25     0(0.00%) |     99      13    1148     48 |    0.21        0.00
GET      GET /cashout/history                                                             133     0(0.00%) |     60       3    3487     10 |    1.11        0.00
GET      GET /dashboard                                                                   319     0(0.00%) |     44       3    2792     11 |    2.66        0.00
GET      GET /quote (API)                                                                 394     0(0.00%) |     38       3    3947      7 |    3.29        0.00
GET      GET /send                                                                         30     0(0.00%) |   1353      40    2799   1200 |    0.25        0.00
GET      GET /send/pay                                                                    707     0(0.00%) |     13       2    3197      6 |    5.90        0.00
GET      GET /send/review                                                                 707     0(0.00%) |     24       3    2582      7 |    5.90        0.00
GET      GET /transactions                                                                201     0(0.00%) |     26       3    1851      9 |    1.68        0.00
GET      GET /wallet                                                                      381     0(0.00%) |    442       4    3957     15 |    3.18        0.00
POST     POST /admin/cashin/{id}/received                                                 650     0(0.00%) |     14       4     134     13 |    5.42        0.00
POST     POST /cashout/preview                                                            225     0(0.00%) |    134       4    5805     11 |    1.88        0.00
POST     POST /login                                                                       50     0(0.00%) |   4041    1478    7964   4000 |    0.42        0.00
POST     POST /remittances                                                                586     0(0.00%) |     17       6    1316     14 |    4.89        0.00
POST     POST /remittances (declined)                                                     121     0(0.00%) |     15       8     105     14 |    1.01        0.00
--------|----------------------------------------------------------------------------|-------|-------------|-------|-------|-------|-------|--------|-----------
         Aggregated                                                                      4691     0(0.00%) |    116       2    7964     10 |   39.15        0.00

Response time percentiles (approximated)
Type     Name                                                                                  50%    66%    75%    80%    90%    95%    98%    99%  99.9% 99.99%   100% # reqs
--------|--------------------------------------------------------------------------------|--------|------|------|------|------|------|------|------|------|------|------|------
GET      GET /admin/cashin                                                                       9     12     13     14     18     29   1700   2100   2100   2100   2100    138
GET      GET /admin/settlements                                                                  7      9     10     10     12     16     16     16     16     16     16     24
GET      GET /admin/transactions                                                                48     52     55     61    100    330   1100   1100   1100   1100   1100     25
GET      GET /cashout/history                                                                   10     12     14     15     19     28     53   3000   3500   3500   3500    133
GET      GET /dashboard                                                                         11     15     17     18     21     32     56   1700   2800   2800   2800    319
GET      GET /quote (API)                                                                        7      8     10     10     13     23     53   2300   3900   3900   3900    394
GET      GET /send                                                                            1400   2300   2300   2500   2700   2800   2800   2800   2800   2800   2800     30
GET      GET /send/pay                                                                           6      7      8      8     10     12     26     47   3200   3200   3200    707
GET      GET /send/review                                                                        7      9     11     12     15     19     57     70   2600   2600   2600    707
GET      GET /transactions                                                                       9     11     12     14     17     22     45     69   1900   1900   1900    201
GET      GET /wallet                                                                            15     35   1300   1300   1300   1300   1400   1600   4000   4000   4000    381
POST     POST /admin/cashin/{id}/received                                                       13     14     16     17     20     23     45     58    130    130    130    650
POST     POST /cashout/preview                                                                  11     14     16     18     24     68   2900   3700   5800   5800   5800    225
POST     POST /login                                                                          4000   4600   4700   4800   5800   6400   8000   8000   8000   8000   8000     50
POST     POST /remittances                                                                      14     16     16     17     19     23     53     73   1300   1300   1300    586
POST     POST /remittances (declined)                                                           14     16     16     17     20     28     47     59    110    110    110    121
--------|--------------------------------------------------------------------------------|--------|------|------|------|------|------|------|------|------|------|------|------
         Aggregated                                                                             10     13     15     16     22    110   1500   3100   5800   8000   8000   4691

