[2026-09-28 13:54:58,516] Mac/INFO/locust.main: Starting Locust 2.32.4
[2026-09-28 13:54:58,519] Mac/INFO/locust.main: Run time limit set to 180 seconds
Type     Name                                                                          # reqs      # fails |    Avg     Min     Max    Med |   req/s  failures/s
--------|----------------------------------------------------------------------------|-------|-------------|-------|-------|-------|-------|--------|-----------
--------|----------------------------------------------------------------------------|-------|-------------|-------|-------|-------|-------|--------|-----------
         Aggregated                                                                         0     0(0.00%) |      0       0       0      0 |    0.00        0.00

[2026-09-28 13:54:58,520] Mac/INFO/locust.runners: Ramping to 50 users at a rate of 5.00 per second
Type     Name                                                                          # reqs      # fails |    Avg     Min     Max    Med |   req/s  failures/s
--------|----------------------------------------------------------------------------|-------|-------------|-------|-------|-------|-------|--------|-----------
POST     POST /login                                                                        1     0(0.00%) |   1267    1267    1267   1267 |    0.00        0.00
--------|----------------------------------------------------------------------------|-------|-------------|-------|-------|-------|-------|--------|-----------
         Aggregated                                                                         1     0(0.00%) |   1267    1267    1267   1267 |    0.00        0.00

Type     Name                                                                          # reqs      # fails |    Avg     Min     Max    Med |   req/s  failures/s
--------|----------------------------------------------------------------------------|-------|-------------|-------|-------|-------|-------|--------|-----------
GET      GET /wallet                                                                        1     0(0.00%) |    766     766     766    766 |    0.00        0.00
POST     POST /login                                                                        3     0(0.00%) |   2984    1267    3842   3800 |    0.50        0.00
--------|----------------------------------------------------------------------------|-------|-------------|-------|-------|-------|-------|--------|-----------
         Aggregated                                                                         4     0(0.00%) |   2429     766    3842   1300 |    0.50        0.00

Type     Name                                                                          # reqs      # fails |    Avg     Min     Max    Med |   req/s  failures/s
--------|----------------------------------------------------------------------------|-------|-------------|-------|-------|-------|-------|--------|-----------
GET      GET /wallet                                                                        2     0(0.00%) |    974     766    1181    770 |    0.25        0.00
POST     POST /login                                                                        7     0(0.00%) |   3457    1267    4572   3800 |    0.25        0.00
--------|----------------------------------------------------------------------------|-------|-------------|-------|-------|-------|-------|--------|-----------
         Aggregated                                                                         9     0(0.00%) |   2905     766    4572   3800 |    0.50        0.00

Type     Name                                                                          # reqs      # fails |    Avg     Min     Max    Med |   req/s  failures/s
--------|----------------------------------------------------------------------------|-------|-------------|-------|-------|-------|-------|--------|-----------
GET      GET /admin/cashin                                                                  1     0(0.00%) |   2656    2656    2656   2656 |    0.00        0.00
GET      GET /send                                                                          3     0(0.00%) |   2293    2233    2411   2233 |    0.00        0.00
GET      GET /wallet                                                                        2     0(0.00%) |    974     766    1181    770 |    0.33        0.00
POST     POST /login                                                                       16     0(0.00%) |   3906    1267    5906   3800 |    1.00        0.00
--------|----------------------------------------------------------------------------|-------|-------------|-------|-------|-------|-------|--------|-----------
         Aggregated                                                                        22     0(0.00%) |   3363     766    5906   3800 |    1.33        0.00

[2026-09-28 13:55:07,541] Mac/INFO/locust.runners: All users spawned: {"AdminUser": 5, "RecipientUser": 15, "SenderUser": 30} (50 total users)
Type     Name                                                                          # reqs      # fails |    Avg     Min     Max    Med |   req/s  failures/s
--------|----------------------------------------------------------------------------|-------|-------------|-------|-------|-------|-------|--------|-----------
GET      GET /admin/cashin                                                                  2     0(0.00%) |   2363    2071    2656   2100 |    0.12        0.00
GET      GET /quote (API)                                                                   1     0(0.00%) |   2763    2763    2763   2763 |    0.00        0.00
GET      GET /send                                                                          8     0(0.00%) |   2176    1152    3841   2200 |    0.38        0.00
GET      GET /send/review                                                                   1     0(0.00%) |   2988    2988    2988   2988 |    0.00        0.00
GET      GET /wallet                                                                        3     0(0.00%) |   1723     766    3221   1200 |    0.25        0.00
POST     POST /login                                                                       29     0(0.00%) |   4566    1267    8068   4300 |    1.75        0.00
--------|----------------------------------------------------------------------------|-------|-------------|-------|-------|-------|-------|--------|-----------
         Aggregated                                                                        44     0(0.00%) |   3761     766    8068   3800 |    2.50        0.00

Type     Name                                                                          # reqs      # fails |    Avg     Min     Max    Med |   req/s  failures/s
--------|----------------------------------------------------------------------------|-------|-------------|-------|-------|-------|-------|--------|-----------
GET      GET /admin/cashin                                                                  5     0(0.00%) |   1642     451    2656   2100 |    0.20        0.00
GET      GET /admin/transactions                                                            2     0(0.00%) |   2037     563    3511    563 |    0.00        0.00
GET      GET /cashout/history                                                               4     0(0.00%) |   3474     949    4880   3500 |    0.00        0.00
GET      GET /dashboard                                                                     3     0(0.00%) |   1190     576    1737   1300 |    0.00        0.00
GET      GET /quote (API)                                                                  12     0(0.00%) |   1653      51    3021   1500 |    0.10        0.00
GET      GET /send                                                                         28     0(0.00%) |   1782     101    4375   1600 |    0.70        0.00
GET      GET /send/pay                                                                      3     0(0.00%) |    574      33    1630     59 |    0.00        0.00
GET      GET /send/review                                                                   8     0(0.00%) |   1202      61    4178    580 |    0.10        0.00
GET      GET /transactions                                                                  1     0(0.00%) |    563     563     563    563 |    0.00        0.00
GET      GET /wallet                                                                        9     0(0.00%) |   1745     350    3221   2100 |    0.30        0.00
POST     POST /cashout/preview                                                              2     0(0.00%) |   2686     614    4757    614 |    0.00        0.00
POST     POST /login                                                                       50     0(0.00%) |   4359    1267    8068   4300 |    2.90        0.00
--------|----------------------------------------------------------------------------|-------|-------------|-------|-------|-------|-------|--------|-----------
         Aggregated                                                                       127     0(0.00%) |   2759      33    8068   2800 |    4.30        0.00

Type     Name                                                                          # reqs      # fails |    Avg     Min     Max    Med |   req/s  failures/s
--------|----------------------------------------------------------------------------|-------|-------------|-------|-------|-------|-------|--------|-----------
GET      GET /admin/cashin                                                                  5     0(0.00%) |   1642     451    2656   2100 |    0.30        0.00
GET      GET /admin/transactions                                                            2     0(0.00%) |   2037     563    3511    563 |    0.00        0.00
GET      GET /cashout/history                                                               7     0(0.00%) |   1998      14    4880    950 |    0.30        0.00
GET      GET /dashboard                                                                     8     0(0.00%) |    457       6    1737     19 |    0.00        0.00
GET      GET /quote (API)                                                                  16     0(0.00%) |   1246       7    3021    570 |    0.50        0.00
GET      GET /send                                                                         30     0(0.00%) |   1665      22    4375   1600 |    1.70        0.00
GET      GET /send/pay                                                                     18     0(0.00%) |    115       5    1630     30 |    0.20        0.00
GET      GET /send/review                                                                  18     0(0.00%) |    545       6    4178     36 |    0.20        0.00
GET      GET /transactions                                                                  6     0(0.00%) |    107       7     563     12 |    0.00        0.00
GET      GET /wallet                                                                       13     0(0.00%) |   1214       7    3221    770 |    0.60        0.00
POST     POST /cashout/preview                                                              8     0(0.00%) |    731      12    4757     83 |    0.00        0.00
POST     POST /login                                                                       50     0(0.00%) |   4359    1267    8068   4300 |    4.10        0.00
POST     POST /remittances                                                                 15     0(0.00%) |     73      13     626     30 |    0.00        0.00
POST     POST /remittances (declined)                                                       3     0(0.00%) |    471      17    1355     41 |    0.00        0.00
--------|----------------------------------------------------------------------------|-------|-------------|-------|-------|-------|-------|--------|-----------
         Aggregated                                                                       199     0(0.00%) |   1781       5    8068    810 |    7.90        0.00

Type     Name                                                                          # reqs      # fails |    Avg     Min     Max    Med |   req/s  failures/s
--------|----------------------------------------------------------------------------|-------|-------------|-------|-------|-------|-------|--------|-----------
GET      GET /admin/cashin                                                                  8     0(0.00%) |   1032      12    2656    450 |    0.50        0.00
GET      GET /admin/settlements                                                             1     0(0.00%) |     12      12      12     12 |    0.00        0.00
GET      GET /admin/transactions                                                            3     0(0.00%) |   1362      13    3511    560 |    0.20        0.00
GET      GET /cashout/history                                                               9     0(0.00%) |   1557      12    4880     55 |    0.50        0.00
GET      GET /dashboard                                                                    13     0(0.00%) |    285       6    1737     11 |    0.70        0.00
GET      GET /quote (API)                                                                  23     0(0.00%) |    869       7    3021     52 |    1.50        0.00
GET      GET /send                                                                         30     0(0.00%) |   1665      22    4375   1600 |    3.00        0.00
GET      GET /send/pay                                                                     31     0(0.00%) |     70       5    1630     12 |    1.70        0.00
GET      GET /send/review                                                                  31     0(0.00%) |    321       6    4178     15 |    1.70        0.00
GET      GET /transactions                                                                 12     0(0.00%) |     57       3     563     10 |    0.40        0.00
GET      GET /wallet                                                                       20     0(0.00%) |    792       3    3221     29 |    1.00        0.00
POST     POST /admin/cashin/{id}/received                                                  30     0(0.00%) |     18       8      48     14 |    0.00        0.00
POST     POST /cashout/preview                                                             13     0(0.00%) |    454       8    4757     18 |    0.60        0.00
POST     POST /login                                                                       50     0(0.00%) |   4359    1267    8068   4300 |    4.90        0.00
POST     POST /remittances                                                                 25     0(0.00%) |     51      13     626     19 |    1.40        0.00
POST     POST /remittances (declined)                                                       5     0(0.00%) |    289      13    1355     20 |    0.30        0.00
--------|----------------------------------------------------------------------------|-------|-------------|-------|-------|-------|-------|--------|-----------
         Aggregated                                                                       304     0(0.00%) |   1170       3    8068     33 |   18.40        0.00

Type     Name                                                                          # reqs      # fails |    Avg     Min     Max    Med |   req/s  failures/s
--------|----------------------------------------------------------------------------|-------|-------------|-------|-------|-------|-------|--------|-----------
GET      GET /admin/cashin                                                                 10     0(0.00%) |    830      12    2656     22 |    0.70        0.00
GET      GET /admin/settlements                                                             1     0(0.00%) |     12      12      12     12 |    0.00        0.00
GET      GET /admin/transactions                                                            4     0(0.00%) |   1026      13    3511     16 |    0.30        0.00
GET      GET /cashout/history                                                              11     0(0.00%) |   1276       7    4880     24 |    0.90        0.00
GET      GET /dashboard                                                                    19     0(0.00%) |    198       4    1737     11 |    1.30        0.00
GET      GET /quote (API)                                                                  30     0(0.00%) |    668       3    3021     15 |    2.10        0.00
GET      GET /send                                                                         30     0(0.00%) |   1665      22    4375   1600 |    3.00        0.00
GET      GET /send/pay                                                                     42     0(0.00%) |     53       2    1630      8 |    2.80        0.00
GET      GET /send/review                                                                  42     0(0.00%) |    239       3    4178     12 |    2.80        0.00
GET      GET /transactions                                                                 17     0(0.00%) |     43       3     563     10 |    0.90        0.00
GET      GET /wallet                                                                       27     0(0.00%) |    674       3    3221     22 |    1.50        0.00
POST     POST /admin/cashin/{id}/received                                                  50     0(0.00%) |     16       8      48     13 |    2.00        0.00
POST     POST /cashout/preview                                                             18     0(0.00%) |    332       4    4757     16 |    1.30        0.00
POST     POST /login                                                                       50     0(0.00%) |   4359    1267    8068   4300 |    4.40        0.00
POST     POST /remittances                                                                 33     0(0.00%) |     41       7     626     18 |    2.30        0.00
POST     POST /remittances (declined)                                                       9     0(0.00%) |    172      13    1355     20 |    0.50        0.00
--------|----------------------------------------------------------------------------|-------|-------------|-------|-------|-------|-------|--------|-----------
         Aggregated                                                                       393     0(0.00%) |    914       2    8068     19 |   26.80        0.00

Type     Name                                                                          # reqs      # fails |    Avg     Min     Max    Med |   req/s  failures/s
--------|----------------------------------------------------------------------------|-------|-------------|-------|-------|-------|-------|--------|-----------
GET      GET /admin/cashin                                                                 11     0(0.00%) |    755       6    2656     22 |    0.70        0.00
GET      GET /admin/settlements                                                             2     0(0.00%) |     10       7      12      7 |    0.10        0.00
GET      GET /admin/transactions                                                            4     0(0.00%) |   1026      13    3511     16 |    0.40        0.00
GET      GET /cashout/history                                                              12     0(0.00%) |   1171       7    4880     17 |    1.10        0.00
GET      GET /dashboard                                                                    23     0(0.00%) |    164       4    1737      9 |    1.60        0.00
GET      GET /quote (API)                                                                  39     0(0.00%) |    516       3    3021     11 |    3.00        0.00
GET      GET /send                                                                         30     0(0.00%) |   1665      22    4375   1600 |    2.70        0.00
GET      GET /send/pay                                                                     57     0(0.00%) |     41       2    1630     10 |    4.00        0.00
GET      GET /send/review                                                                  57     0(0.00%) |    179       3    4178     13 |    4.00        0.00
GET      GET /transactions                                                                 20     0(0.00%) |     37       3     563      7 |    1.70        0.00
GET      GET /wallet                                                                       34     0(0.00%) |    537       3    3221     12 |    2.20        0.00
POST     POST /admin/cashin/{id}/received                                                  53     0(0.00%) |     15       8      48     13 |    3.00        0.00
POST     POST /cashout/preview                                                             23     0(0.00%) |    262       4    4757     16 |    1.60        0.00
POST     POST /login                                                                       50     0(0.00%) |   4359    1267    8068   4300 |    3.60        0.00
POST     POST /remittances                                                                 46     0(0.00%) |     34       7     626     17 |    3.00        0.00
POST     POST /remittances (declined)                                                      11     0(0.00%) |    144      13    1355     20 |    0.80        0.00
--------|----------------------------------------------------------------------------|-------|-------------|-------|-------|-------|-------|--------|-----------
         Aggregated                                                                       472     0(0.00%) |    762       2    8068     16 |   33.50        0.00

Type     Name                                                                          # reqs      # fails |    Avg     Min     Max    Med |   req/s  failures/s
--------|----------------------------------------------------------------------------|-------|-------------|-------|-------|-------|-------|--------|-----------
GET      GET /admin/cashin                                                                 13     0(0.00%) |    640       5    2656     19 |    0.90        0.00
GET      GET /admin/settlements                                                             3     0(0.00%) |     10       7      12     11 |    0.20        0.00
GET      GET /admin/transactions                                                            5     0(0.00%) |    829      13    3511     45 |    0.40        0.00
GET      GET /cashout/history                                                              17     0(0.00%) |    830       6    4880     16 |    1.20        0.00
GET      GET /dashboard                                                                    27     0(0.00%) |    142       4    1737     11 |    2.20        0.00
GET      GET /quote (API)                                                                  47     0(0.00%) |    429       3    3021     10 |    3.70        0.00
GET      GET /send                                                                         30     0(0.00%) |   1665      22    4375   1600 |    2.30        0.00
GET      GET /send/pay                                                                     71     0(0.00%) |     34       2    1630      8 |    5.20        0.00
GET      GET /send/review                                                                  71     0(0.00%) |    145       3    4178     10 |    5.10        0.00
GET      GET /transactions                                                                 23     0(0.00%) |     33       3     563      9 |    1.90        0.00
GET      GET /wallet                                                                       41     0(0.00%) |    447       3    3221     11 |    3.10        0.00
POST     POST /admin/cashin/{id}/received                                                  73     0(0.00%) |     14       7      48     11 |    5.30        0.00
POST     POST /cashout/preview                                                             26     0(0.00%) |    234       4    4757     14 |    2.20        0.00
POST     POST /login                                                                       50     0(0.00%) |   4359    1267    8068   4300 |    2.10        0.00
POST     POST /remittances                                                                 57     0(0.00%) |     30       7     626     16 |    4.20        0.00
POST     POST /remittances (declined)                                                      14     0(0.00%) |    116      11    1355     16 |    1.00        0.00
--------|----------------------------------------------------------------------------|-------|-------------|-------|-------|-------|-------|--------|-----------
         Aggregated                                                                       568     0(0.00%) |    635       2    8068     14 |   41.00        0.00

Type     Name                                                                          # reqs      # fails |    Avg     Min     Max    Med |   req/s  failures/s
--------|----------------------------------------------------------------------------|-------|-------------|-------|-------|-------|-------|--------|-----------
GET      GET /admin/cashin                                                                 16     0(0.00%) |    522       5    2656     19 |    0.80        0.00
GET      GET /admin/settlements                                                             3     0(0.00%) |     10       7      12     11 |    0.30        0.00
GET      GET /admin/transactions                                                            5     0(0.00%) |    829      13    3511     45 |    0.50        0.00
GET      GET /cashout/history                                                              22     0(0.00%) |    658       6    4880     16 |    1.40        0.00
GET      GET /dashboard                                                                    33     0(0.00%) |    119       4    1737     11 |    2.50        0.00
GET      GET /quote (API)                                                                  53     0(0.00%) |    389       3    3021     11 |    3.90        0.00
GET      GET /send                                                                         30     0(0.00%) |   1665      22    4375   1600 |    1.30        0.00
GET      GET /send/pay                                                                     85     0(0.00%) |     32       2    1630      7 |    6.30        0.00
GET      GET /send/review                                                                  85     0(0.00%) |    133       3    4178     10 |    6.30        0.00
GET      GET /transactions                                                                 26     0(0.00%) |     31       3     563      7 |    2.20        0.00
GET      GET /wallet                                                                       46     0(0.00%) |    410       3    3221     11 |    3.20        0.00
POST     POST /admin/cashin/{id}/received                                                  83     0(0.00%) |     14       7      48     11 |    5.30        0.00
POST     POST /cashout/preview                                                             30     0(0.00%) |    209       4    4757     14 |    2.60        0.00
POST     POST /login                                                                       50     0(0.00%) |   4359    1267    8068   4300 |    0.80        0.00
POST     POST /remittances                                                                 66     0(0.00%) |     34       7     626     17 |    5.10        0.00
POST     POST /remittances (declined)                                                      19     0(0.00%) |     90       7    1355     16 |    1.40        0.00
--------|----------------------------------------------------------------------------|-------|-------------|-------|-------|-------|-------|--------|-----------
         Aggregated                                                                       652     0(0.00%) |    559       2    8068     14 |   43.90        0.00

Type     Name                                                                          # reqs      # fails |    Avg     Min     Max    Med |   req/s  failures/s
--------|----------------------------------------------------------------------------|-------|-------------|-------|-------|-------|-------|--------|-----------
GET      GET /admin/cashin                                                                 19     0(0.00%) |    442       5    2656     19 |    1.00        0.00
GET      GET /admin/settlements                                                             3     0(0.00%) |     10       7      12     11 |    0.30        0.00
GET      GET /admin/transactions                                                            6     0(0.00%) |    694      13    3511     19 |    0.30        0.00
GET      GET /cashout/history                                                              28     0(0.00%) |    519       6    4880     13 |    1.60        0.00
GET      GET /dashboard                                                                    35     0(0.00%) |    113       4    1737     11 |    2.20        0.00
GET      GET /quote (API)                                                                  61     0(0.00%) |    339       3    3021     10 |    3.60        0.00
GET      GET /send                                                                         30     0(0.00%) |   1665      22    4375   1600 |    0.00        0.00
GET      GET /send/pay                                                                     97     0(0.00%) |     29       2    1630      8 |    6.70        0.00
GET      GET /send/review                                                                  97     0(0.00%) |    118       3    4178     10 |    6.70        0.00
GET      GET /transactions                                                                 30     0(0.00%) |     29       3     563      9 |    2.20        0.00
GET      GET /wallet                                                                       53     0(0.00%) |    357       3    3221     11 |    3.40        0.00
POST     POST /admin/cashin/{id}/received                                                  92     0(0.00%) |     14       7      48     12 |    7.70        0.00
POST     POST /cashout/preview                                                             33     0(0.00%) |    192       4    4757     16 |    2.30        0.00
POST     POST /login                                                                       50     0(0.00%) |   4359    1267    8068   4300 |    0.00        0.00
POST     POST /remittances                                                                 75     0(0.00%) |     33       7     626     17 |    5.10        0.00
POST     POST /remittances (declined)                                                      22     0(0.00%) |     80       7    1355     15 |    1.60        0.00
--------|----------------------------------------------------------------------------|-------|-------------|-------|-------|-------|-------|--------|-----------
         Aggregated                                                                       731     0(0.00%) |    500       2    8068     13 |   44.70        0.00

Type     Name                                                                          # reqs      # fails |    Avg     Min     Max    Med |   req/s  failures/s
--------|----------------------------------------------------------------------------|-------|-------------|-------|-------|-------|-------|--------|-----------
GET      GET /admin/cashin                                                                 22     0(0.00%) |    382       4    2656     12 |    1.20        0.00
GET      GET /admin/settlements                                                             3     0(0.00%) |     10       7      12     11 |    0.30        0.00
GET      GET /admin/transactions                                                            8     0(0.00%) |    530      13    3511     21 |    0.30        0.00
GET      GET /cashout/history                                                              30     0(0.00%) |    485       6    4880     13 |    1.70        0.00
GET      GET /dashboard                                                                    41     0(0.00%) |     97       4    1737     11 |    2.20        0.00
GET      GET /quote (API)                                                                  70     0(0.00%) |    296       3    3021      9 |    3.70        0.00
GET      GET /send                                                                         30     0(0.00%) |   1665      22    4375   1600 |    0.00        0.00
GET      GET /send/pay                                                                    116     0(0.00%) |     25       2    1630      7 |    6.70        0.00
GET      GET /send/review                                                                 116     0(0.00%) |    100       3    4178      9 |    6.70        0.00
GET      GET /transactions                                                                 32     0(0.00%) |     28       3     563      7 |    2.00        0.00
GET      GET /wallet                                                                       57     0(0.00%) |    356       3    3221     10 |    3.40        0.00
POST     POST /admin/cashin/{id}/received                                                 108     0(0.00%) |     14       6      48     11 |    7.20        0.00
POST     POST /cashout/preview                                                             40     0(0.00%) |    161       3    4757     13 |    2.00        0.00
POST     POST /login                                                                       50     0(0.00%) |   4359    1267    8068   4300 |    0.00        0.00
POST     POST /remittances                                                                 92     0(0.00%) |     29       7     626     15 |    5.10        0.00
POST     POST /remittances (declined)                                                      24     0(0.00%) |     74       7    1355     14 |    1.60        0.00
--------|----------------------------------------------------------------------------|-------|-------------|-------|-------|-------|-------|--------|-----------
         Aggregated                                                                       839     0(0.00%) |    439       2    8068     12 |   44.10        0.00

Type     Name                                                                          # reqs      # fails |    Avg     Min     Max    Med |   req/s  failures/s
--------|----------------------------------------------------------------------------|-------|-------------|-------|-------|-------|-------|--------|-----------
GET      GET /admin/cashin                                                                 23     0(0.00%) |    366       4    2656     12 |    1.20        0.00
GET      GET /admin/settlements                                                             5     0(0.00%) |      7       2      12      7 |    0.20        0.00
GET      GET /admin/transactions                                                            8     0(0.00%) |    530      13    3511     21 |    0.30        0.00
GET      GET /cashout/history                                                              31     0(0.00%) |    471       6    4880     13 |    1.80        0.00
GET      GET /dashboard                                                                    46     0(0.00%) |     88       4    1737     11 |    2.50        0.00
GET      GET /quote (API)                                                                  82     0(0.00%) |    254       2    3021      9 |    3.70        0.00
GET      GET /send                                                                         30     0(0.00%) |   1665      22    4375   1600 |    0.00        0.00
GET      GET /send/pay                                                                    127     0(0.00%) |     23       2    1630      7 |    6.90        0.00
GET      GET /send/review                                                                 127     0(0.00%) |     92       3    4178      8 |    6.90        0.00
GET      GET /transactions                                                                 33     0(0.00%) |     27       3     563      9 |    1.40        0.00
GET      GET /wallet                                                                       64     0(0.00%) |    339       3    3221     10 |    3.30        0.00
POST     POST /admin/cashin/{id}/received                                                 118     0(0.00%) |     14       6      48     11 |    6.60        0.00
POST     POST /cashout/preview                                                             44     0(0.00%) |    148       3    4757     13 |    2.10        0.00
POST     POST /login                                                                       50     0(0.00%) |   4359    1267    8068   4300 |    0.00        0.00
POST     POST /remittances                                                                102     0(0.00%) |     28       7     626     14 |    5.50        0.00
POST     POST /remittances (declined)                                                      25     0(0.00%) |     71       7    1355     14 |    1.60        0.00
--------|----------------------------------------------------------------------------|-------|-------------|-------|-------|-------|-------|--------|-----------
         Aggregated                                                                       915     0(0.00%) |    404       2    8068     12 |   44.00        0.00

Type     Name                                                                          # reqs      # fails |    Avg     Min     Max    Med |   req/s  failures/s
--------|----------------------------------------------------------------------------|-------|-------------|-------|-------|-------|-------|--------|-----------
GET      GET /admin/cashin                                                                 24     0(0.00%) |    351       4    2656     12 |    1.10        0.00
GET      GET /admin/settlements                                                             5     0(0.00%) |      7       2      12      7 |    0.10        0.00
GET      GET /admin/transactions                                                            9     0(0.00%) |    474      13    3511     24 |    0.40        0.00
GET      GET /cashout/history                                                              33     0(0.00%) |    443       6    4880     14 |    1.90        0.00
GET      GET /dashboard                                                                    50     0(0.00%) |     82       4    1737     11 |    2.10        0.00
GET      GET /quote (API)                                                                  86     0(0.00%) |    243       2    3021      9 |    3.90        0.00
GET      GET /send                                                                         30     0(0.00%) |   1665      22    4375   1600 |    0.00        0.00
GET      GET /send/pay                                                                    140     0(0.00%) |     21       2    1630      7 |    7.10        0.00
GET      GET /send/review                                                                 140     0(0.00%) |     84       3    4178      8 |    7.10        0.00
GET      GET /transactions                                                                 38     0(0.00%) |     24       3     563      8 |    1.30        0.00
GET      GET /wallet                                                                       71     0(0.00%) |    342       3    3221     10 |    2.50        0.00
POST     POST /admin/cashin/{id}/received                                                 124     0(0.00%) |     14       6      48     12 |    5.50        0.00
POST     POST /cashout/preview                                                             47     0(0.00%) |    139       3    4757     12 |    2.20        0.00
POST     POST /login                                                                       50     0(0.00%) |   4359    1267    8068   4300 |    0.00        0.00
POST     POST /remittances                                                                110     0(0.00%) |     27       7     626     14 |    5.60        0.00
POST     POST /remittances (declined)                                                      29     0(0.00%) |     63       7    1355     14 |    1.50        0.00
--------|----------------------------------------------------------------------------|-------|-------------|-------|-------|-------|-------|--------|-----------
         Aggregated                                                                       986     0(0.00%) |    379       2    8068     11 |   42.30        0.00

Type     Name                                                                          # reqs      # fails |    Avg     Min     Max    Med |   req/s  failures/s
--------|----------------------------------------------------------------------------|-------|-------------|-------|-------|-------|-------|--------|-----------
GET      GET /admin/cashin                                                                 25     0(0.00%) |    338       4    2656     12 |    1.30        0.00
GET      GET /admin/settlements                                                             5     0(0.00%) |      7       2      12      7 |    0.20        0.00
GET      GET /admin/transactions                                                           11     0(0.00%) |    392      13    3511     23 |    0.40        0.00
GET      GET /cashout/history                                                              36     0(0.00%) |    407       6    4880     14 |    1.60        0.00
GET      GET /dashboard                                                                    56     0(0.00%) |     75       4    1737     11 |    2.50        0.00
GET      GET /quote (API)                                                                  89     0(0.00%) |    235       2    3021      9 |    3.90        0.00
GET      GET /send                                                                         30     0(0.00%) |   1665      22    4375   1600 |    0.00        0.00
GET      GET /send/pay                                                                    152     0(0.00%) |     20       2    1630      7 |    6.90        0.00
GET      GET /send/review                                                                 152     0(0.00%) |     78       3    4178      8 |    6.90        0.00
GET      GET /transactions                                                                 45     0(0.00%) |     22       3     563      7 |    1.50        0.00
GET      GET /wallet                                                                       81     0(0.00%) |    349       3    3221     11 |    3.20        0.00
POST     POST /admin/cashin/{id}/received                                                 130     0(0.00%) |     14       6      48     12 |    7.00        0.00
POST     POST /cashout/preview                                                             51     0(0.00%) |    129       3    4757     12 |    2.00        0.00
POST     POST /login                                                                       50     0(0.00%) |   4359    1267    8068   4300 |    0.00        0.00
POST     POST /remittances                                                                122     0(0.00%) |     26       7     626     14 |    5.50        0.00
POST     POST /remittances (declined)                                                      30     0(0.00%) |     62       7    1355     14 |    1.40        0.00
--------|----------------------------------------------------------------------------|-------|-------------|-------|-------|-------|-------|--------|-----------
         Aggregated                                                                      1065     0(0.00%) |    355       2    8068     11 |   44.30        0.00

Type     Name                                                                          # reqs      # fails |    Avg     Min     Max    Med |   req/s  failures/s
--------|----------------------------------------------------------------------------|-------|-------------|-------|-------|-------|-------|--------|-----------
GET      GET /admin/cashin                                                                 27     0(0.00%) |    313       4    2656     12 |    1.00        0.00
GET      GET /admin/settlements                                                             5     0(0.00%) |      7       2      12      7 |    0.20        0.00
GET      GET /admin/transactions                                                           13     0(0.00%) |    335      13    3511     23 |    0.40        0.00
GET      GET /cashout/history                                                              39     0(0.00%) |    377       6    4880     14 |    1.40        0.00
GET      GET /dashboard                                                                    61     0(0.00%) |     69       4    1737     11 |    2.60        0.00
GET      GET /quote (API)                                                                 101     0(0.00%) |    208       2    3021      9 |    3.70        0.00
GET      GET /send                                                                         30     0(0.00%) |   1665      22    4375   1600 |    0.00        0.00
GET      GET /send/pay                                                                    161     0(0.00%) |     20       2    1630      7 |    6.60        0.00
GET      GET /send/review                                                                 161     0(0.00%) |     74       3    4178      8 |    6.60        0.00
GET      GET /transactions                                                                 50     0(0.00%) |     20       3     563      8 |    1.80        0.00
GET      GET /wallet                                                                       86     0(0.00%) |    345       3    3221     12 |    3.50        0.00
POST     POST /admin/cashin/{id}/received                                                 148     0(0.00%) |     14       6      48     12 |    5.30        0.00
POST     POST /cashout/preview                                                             56     0(0.00%) |    118       3    4757     12 |    2.20        0.00
POST     POST /login                                                                       50     0(0.00%) |   4359    1267    8068   4300 |    0.00        0.00
POST     POST /remittances                                                                130     0(0.00%) |     25       7     626     14 |    5.50        0.00
POST     POST /remittances (declined)                                                      31     0(0.00%) |     60       7    1355     14 |    1.10        0.00
--------|----------------------------------------------------------------------------|-------|-------------|-------|-------|-------|-------|--------|-----------
         Aggregated                                                                      1149     0(0.00%) |    331       2    8068     11 |   41.90        0.00

Type     Name                                                                          # reqs      # fails |    Avg     Min     Max    Med |   req/s  failures/s
--------|----------------------------------------------------------------------------|-------|-------------|-------|-------|-------|-------|--------|-----------
GET      GET /admin/cashin                                                                 29     0(0.00%) |    293       4    2656     12 |    0.70        0.00
GET      GET /admin/settlements                                                             5     0(0.00%) |      7       2      12      7 |    0.20        0.00
GET      GET /admin/transactions                                                           13     0(0.00%) |    335      13    3511     23 |    0.60        0.00
GET      GET /cashout/history                                                              40     0(0.00%) |    368       6    4880     13 |    1.30        0.00
GET      GET /dashboard                                                                    69     0(0.00%) |     63       4    1737     12 |    2.60        0.00
GET      GET /quote (API)                                                                 107     0(0.00%) |    196       2    3021      8 |    4.20        0.00
GET      GET /send                                                                         30     0(0.00%) |   1665      22    4375   1600 |    0.00        0.00
GET      GET /send/pay                                                                    174     0(0.00%) |     18       2    1630      6 |    6.30        0.00
GET      GET /send/review                                                                 174     0(0.00%) |     69       3    4178      8 |    6.30        0.00
GET      GET /transactions                                                                 51     0(0.00%) |     20       3     563      8 |    1.90        0.00
GET      GET /wallet                                                                       95     0(0.00%) |    340       3    3221     11 |    3.40        0.00
POST     POST /admin/cashin/{id}/received                                                 152     0(0.00%) |     14       6      48     12 |    4.80        0.00
POST     POST /cashout/preview                                                             60     0(0.00%) |    111       3    4757     12 |    2.10        0.00
POST     POST /login                                                                       50     0(0.00%) |   4359    1267    8068   4300 |    0.00        0.00
POST     POST /remittances                                                                138     0(0.00%) |     24       7     626     14 |    5.40        0.00
POST     POST /remittances (declined)                                                      36     0(0.00%) |     54       7    1355     14 |    0.90        0.00
--------|----------------------------------------------------------------------------|-------|-------------|-------|-------|-------|-------|--------|-----------
         Aggregated                                                                      1223     0(0.00%) |    314       2    8068     11 |   40.70        0.00

Type     Name                                                                          # reqs      # fails |    Avg     Min     Max    Med |   req/s  failures/s
--------|----------------------------------------------------------------------------|-------|-------------|-------|-------|-------|-------|--------|-----------
GET      GET /admin/cashin                                                                 34     0(0.00%) |    251       4    2656     10 |    0.80        0.00
GET      GET /admin/settlements                                                             5     0(0.00%) |      7       2      12      7 |    0.20        0.00
GET      GET /admin/transactions                                                           13     0(0.00%) |    335      13    3511     23 |    0.60        0.00
GET      GET /cashout/history                                                              44     0(0.00%) |    335       6    4880     13 |    1.10        0.00
GET      GET /dashboard                                                                    73     0(0.00%) |     60       4    1737     12 |    2.70        0.00
GET      GET /quote (API)                                                                 118     0(0.00%) |    179       2    3021      8 |    3.70        0.00
GET      GET /send                                                                         30     0(0.00%) |   1665      22    4375   1600 |    0.00        0.00
GET      GET /send/pay                                                                    182     0(0.00%) |     18       2    1630      6 |    6.10        0.00
GET      GET /send/review                                                                 182     0(0.00%) |     66       3    4178      8 |    6.10        0.00
GET      GET /transactions                                                                 57     0(0.00%) |     19       3     563      8 |    2.00        0.00
GET      GET /wallet                                                                      104     0(0.00%) |    324       3    3221     11 |    3.60        0.00
POST     POST /admin/cashin/{id}/received                                                 161     0(0.00%) |     14       6      48     12 |    5.60        0.00
POST     POST /cashout/preview                                                             62     0(0.00%) |    108       3    4757     12 |    2.30        0.00
POST     POST /login                                                                       50     0(0.00%) |   4359    1267    8068   4300 |    0.00        0.00
POST     POST /remittances                                                                145     0(0.00%) |     24       7     626     14 |    4.90        0.00
POST     POST /remittances (declined)                                                      37     0(0.00%) |     53       7    1355     14 |    1.20        0.00
--------|----------------------------------------------------------------------------|-------|-------------|-------|-------|-------|-------|--------|-----------
         Aggregated                                                                      1297     0(0.00%) |    297       2    8068     11 |   40.90        0.00

Type     Name                                                                          # reqs      # fails |    Avg     Min     Max    Med |   req/s  failures/s
--------|----------------------------------------------------------------------------|-------|-------------|-------|-------|-------|-------|--------|-----------
GET      GET /admin/cashin                                                                 36     0(0.00%) |    237       4    2656     10 |    1.00        0.00
GET      GET /admin/settlements                                                             5     0(0.00%) |      7       2      12      7 |    0.20        0.00
GET      GET /admin/transactions                                                           13     0(0.00%) |    335      13    3511     23 |    0.50        0.00
GET      GET /cashout/history                                                              45     0(0.00%) |    328       6    4880     13 |    1.20        0.00
GET      GET /dashboard                                                                    80     0(0.00%) |     56       4    1737     11 |    2.90        0.00
GET      GET /quote (API)                                                                 127     0(0.00%) |    167       2    3021      8 |    3.90        0.00
GET      GET /send                                                                         30     0(0.00%) |   1665      22    4375   1600 |    0.00        0.00
GET      GET /send/pay                                                                    192     0(0.00%) |     17       2    1630      6 |    5.60        0.00
GET      GET /send/review                                                                 192     0(0.00%) |     63       3    4178      8 |    5.60        0.00
GET      GET /transactions                                                                 63     0(0.00%) |     18       3     563      8 |    2.20        0.00
GET      GET /wallet                                                                      112     0(0.00%) |    326       3    3221     12 |    4.30        0.00
POST     POST /admin/cashin/{id}/received                                                 170     0(0.00%) |     14       6      48     12 |    5.20        0.00
POST     POST /cashout/preview                                                             65     0(0.00%) |    103       3    4757     12 |    1.80        0.00
POST     POST /login                                                                       50     0(0.00%) |   4359    1267    8068   4300 |    0.00        0.00
POST     POST /remittances                                                                153     0(0.00%) |     23       7     626     14 |    4.40        0.00
POST     POST /remittances (declined)                                                      39     0(0.00%) |     51       7    1355     14 |    1.20        0.00
--------|----------------------------------------------------------------------------|-------|-------------|-------|-------|-------|-------|--------|-----------
         Aggregated                                                                      1372     0(0.00%) |    283       2    8068     11 |   40.00        0.00

Type     Name                                                                          # reqs      # fails |    Avg     Min     Max    Med |   req/s  failures/s
--------|----------------------------------------------------------------------------|-------|-------------|-------|-------|-------|-------|--------|-----------
GET      GET /admin/cashin                                                                 38     0(0.00%) |    225       4    2656     10 |    1.10        0.00
GET      GET /admin/settlements                                                             5     0(0.00%) |      7       2      12      7 |    0.00        0.00
GET      GET /admin/transactions                                                           14     0(0.00%) |    315      13    3511     23 |    0.40        0.00
GET      GET /cashout/history                                                              53     0(0.00%) |    280       3    4880     13 |    1.20        0.00
GET      GET /dashboard                                                                    89     0(0.00%) |     51       4    1737     11 |    2.80        0.00
GET      GET /quote (API)                                                                 137     0(0.00%) |    155       2    3021      8 |    4.10        0.00
GET      GET /send                                                                         30     0(0.00%) |   1665      22    4375   1600 |    0.00        0.00
GET      GET /send/pay                                                                    201     0(0.00%) |     17       2    1630      6 |    5.40        0.00
GET      GET /send/review                                                                 201     0(0.00%) |     61       3    4178      8 |    5.40        0.00
GET      GET /transactions                                                                 67     0(0.00%) |     17       3     563      8 |    2.30        0.00
GET      GET /wallet                                                                      114     0(0.00%) |    332       3    3221     12 |    4.00        0.00
POST     POST /admin/cashin/{id}/received                                                 177     0(0.00%) |     14       6      48     12 |    4.30        0.00
POST     POST /cashout/preview                                                             71     0(0.00%) |     96       3    4757     11 |    1.80        0.00
POST     POST /login                                                                       50     0(0.00%) |   4359    1267    8068   4300 |    0.00        0.00
POST     POST /remittances                                                                160     0(0.00%) |     23       7     626     14 |    4.30        0.00
POST     POST /remittances (declined)                                                      41     0(0.00%) |     49       7    1355     14 |    1.10        0.00
--------|----------------------------------------------------------------------------|-------|-------------|-------|-------|-------|-------|--------|-----------
         Aggregated                                                                      1448     0(0.00%) |    270       2    8068     11 |   38.20        0.00

Type     Name                                                                          # reqs      # fails |    Avg     Min     Max    Med |   req/s  failures/s
--------|----------------------------------------------------------------------------|-------|-------------|-------|-------|-------|-------|--------|-----------
GET      GET /admin/cashin                                                                 40     0(0.00%) |    215       4    2656     10 |    1.20        0.00
GET      GET /admin/settlements                                                             5     0(0.00%) |      7       2      12      7 |    0.00        0.00
GET      GET /admin/transactions                                                           14     0(0.00%) |    315      13    3511     23 |    0.50        0.00
GET      GET /cashout/history                                                              55     0(0.00%) |    270       3    4880     12 |    1.70        0.00
GET      GET /dashboard                                                                    96     0(0.00%) |     48       4    1737     11 |    2.80        0.00
GET      GET /quote (API)                                                                 141     0(0.00%) |    151       2    3021      8 |    4.60        0.00
GET      GET /send                                                                         30     0(0.00%) |   1665      22    4375   1600 |    0.00        0.00
GET      GET /send/pay                                                                    216     0(0.00%) |     16       2    1630      6 |    5.00        0.00
GET      GET /send/review                                                                 216     0(0.00%) |     57       3    4178      8 |    5.00        0.00
GET      GET /transactions                                                                 71     0(0.00%) |     17       3     563      8 |    2.10        0.00
GET      GET /wallet                                                                      124     0(0.00%) |    326       3    3221     11 |    3.40        0.00
POST     POST /admin/cashin/{id}/received                                                 184     0(0.00%) |     13       6      48     12 |    4.60        0.00
POST     POST /cashout/preview                                                             74     0(0.00%) |     92       3    4757     11 |    1.90        0.00
POST     POST /login                                                                       50     0(0.00%) |   4359    1267    8068   4300 |    0.00        0.00
POST     POST /remittances                                                                173     0(0.00%) |     22       7     626     14 |    3.90        0.00
POST     POST /remittances (declined)                                                      42     0(0.00%) |     48       7    1355     14 |    1.10        0.00
--------|----------------------------------------------------------------------------|-------|-------------|-------|-------|-------|-------|--------|-----------
         Aggregated                                                                      1531     0(0.00%) |    257       2    8068     11 |   37.80        0.00

Type     Name                                                                          # reqs      # fails |    Avg     Min     Max    Med |   req/s  failures/s
--------|----------------------------------------------------------------------------|-------|-------------|-------|-------|-------|-------|--------|-----------
GET      GET /admin/cashin                                                                 42     0(0.00%) |    205       4    2656     10 |    1.40        0.00
GET      GET /admin/settlements                                                             7     0(0.00%) |      7       2      12      7 |    0.00        0.00
GET      GET /admin/transactions                                                           14     0(0.00%) |    315      13    3511     23 |    0.20        0.00
GET      GET /cashout/history                                                              56     0(0.00%) |    266       3    4880     12 |    1.60        0.00
GET      GET /dashboard                                                                   106     0(0.00%) |     45       4    1737     11 |    3.50        0.00
GET      GET /quote (API)                                                                 147     0(0.00%) |    145       2    3021      8 |    4.00        0.00
GET      GET /send                                                                         30     0(0.00%) |   1665      22    4375   1600 |    0.00        0.00
GET      GET /send/pay                                                                    229     0(0.00%) |     15       2    1630      6 |    5.10        0.00
GET      GET /send/review                                                                 229     0(0.00%) |     54       3    4178      8 |    5.10        0.00
GET      GET /transactions                                                                 72     0(0.00%) |     17       3     563      8 |    2.20        0.00
GET      GET /wallet                                                                      129     0(0.00%) |    323       3    3221     11 |    3.40        0.00
POST     POST /admin/cashin/{id}/received                                                 195     0(0.00%) |     13       6      48     12 |    4.40        0.00
POST     POST /cashout/preview                                                             78     0(0.00%) |     88       3    4757     11 |    1.90        0.00
POST     POST /login                                                                       50     0(0.00%) |   4359    1267    8068   4300 |    0.00        0.00
POST     POST /remittances                                                                186     0(0.00%) |     21       7     626     14 |    4.00        0.00
POST     POST /remittances (declined)                                                      43     0(0.00%) |     47       7    1355     14 |    1.10        0.00
--------|----------------------------------------------------------------------------|-------|-------------|-------|-------|-------|-------|--------|-----------
         Aggregated                                                                      1613     0(0.00%) |    246       2    8068     10 |   37.90        0.00

Type     Name                                                                          # reqs      # fails |    Avg     Min     Max    Med |   req/s  failures/s
--------|----------------------------------------------------------------------------|-------|-------------|-------|-------|-------|-------|--------|-----------
GET      GET /admin/cashin                                                                 44     0(0.00%) |    196       4    2656     10 |    1.40        0.00
GET      GET /admin/settlements                                                             7     0(0.00%) |      7       2      12      7 |    0.20        0.00
GET      GET /admin/transactions                                                           15     0(0.00%) |    296      13    3511     24 |    0.10        0.00
GET      GET /cashout/history                                                              58     0(0.00%) |    257       3    4880     12 |    1.50        0.00
GET      GET /dashboard                                                                   110     0(0.00%) |     44       4    1737     11 |    3.40        0.00
GET      GET /quote (API)                                                                 160     0(0.00%) |    134       2    3021      8 |    4.30        0.00
GET      GET /send                                                                         30     0(0.00%) |   1665      22    4375   1600 |    0.00        0.00
GET      GET /send/pay                                                                    236     0(0.00%) |     15       2    1630      6 |    5.40        0.00
GET      GET /send/review                                                                 236     0(0.00%) |     53       3    4178      8 |    5.40        0.00
GET      GET /transactions                                                                 73     0(0.00%) |     17       3     563      8 |    2.10        0.00
GET      GET /wallet                                                                      139     0(0.00%) |    338       3    3221     12 |    3.40        0.00
POST     POST /admin/cashin/{id}/received                                                 209     0(0.00%) |     14       6      48     12 |    4.30        0.00
POST     POST /cashout/preview                                                             80     0(0.00%) |     86       3    4757     11 |    1.80        0.00
POST     POST /login                                                                       50     0(0.00%) |   4359    1267    8068   4300 |    0.00        0.00
POST     POST /remittances                                                                191     0(0.00%) |     21       7     626     14 |    4.70        0.00
POST     POST /remittances (declined)                                                      45     0(0.00%) |     46       7    1355     14 |    0.70        0.00
--------|----------------------------------------------------------------------------|-------|-------------|-------|-------|-------|-------|--------|-----------
         Aggregated                                                                      1683     0(0.00%) |    239       2    8068     11 |   38.70        0.00

Type     Name                                                                          # reqs      # fails |    Avg     Min     Max    Med |   req/s  failures/s
--------|----------------------------------------------------------------------------|-------|-------------|-------|-------|-------|-------|--------|-----------
GET      GET /admin/cashin                                                                 48     0(0.00%) |    181       4    2656     10 |    1.10        0.00
GET      GET /admin/settlements                                                             7     0(0.00%) |      7       2      12      7 |    0.20        0.00
GET      GET /admin/transactions                                                           15     0(0.00%) |    296      13    3511     24 |    0.20        0.00
GET      GET /cashout/history                                                              60     0(0.00%) |    249       3    4880     11 |    1.50        0.00
GET      GET /dashboard                                                                   116     0(0.00%) |     42       4    1737     11 |    3.60        0.00
GET      GET /quote (API)                                                                 165     0(0.00%) |    130       2    3021      8 |    4.20        0.00
GET      GET /send                                                                         30     0(0.00%) |   1665      22    4375   1600 |    0.00        0.00
GET      GET /send/pay                                                                    251     0(0.00%) |     14       2    1630      6 |    5.50        0.00
GET      GET /send/review                                                                 251     0(0.00%) |     50       3    4178      8 |    5.50        0.00
GET      GET /transactions                                                                 77     0(0.00%) |     16       3     563      8 |    1.90        0.00
GET      GET /wallet                                                                      149     0(0.00%) |    325       3    3221     12 |    3.40        0.00
POST     POST /admin/cashin/{id}/received                                                 218     0(0.00%) |     13       6      48     12 |    4.40        0.00
POST     POST /cashout/preview                                                             84     0(0.00%) |     83       3    4757     10 |    1.70        0.00
POST     POST /login                                                                       50     0(0.00%) |   4359    1267    8068   4300 |    0.00        0.00
POST     POST /remittances                                                                205     0(0.00%) |     20       7     626     14 |    4.80        0.00
POST     POST /remittances (declined)                                                      46     0(0.00%) |     45       7    1355     14 |    0.70        0.00
--------|----------------------------------------------------------------------------|-------|-------------|-------|-------|-------|-------|--------|-----------
         Aggregated                                                                      1772     0(0.00%) |    228       2    8068     10 |   38.70        0.00

Type     Name                                                                          # reqs      # fails |    Avg     Min     Max    Med |   req/s  failures/s
--------|----------------------------------------------------------------------------|-------|-------------|-------|-------|-------|-------|--------|-----------
GET      GET /admin/cashin                                                                 49     0(0.00%) |    177       4    2656     10 |    1.20        0.00
GET      GET /admin/settlements                                                             9     0(0.00%) |      7       2      12      6 |    0.20        0.00
GET      GET /admin/transactions                                                           16     0(0.00%) |    279      13    3511     24 |    0.20        0.00
GET      GET /cashout/history                                                              62     0(0.00%) |    241       3    4880     11 |    1.40        0.00
GET      GET /dashboard                                                                   126     0(0.00%) |     39       4    1737     11 |    3.70        0.00
GET      GET /quote (API)                                                                 173     0(0.00%) |    125       2    3021      8 |    4.00        0.00
GET      GET /send                                                                         30     0(0.00%) |   1665      22    4375   1600 |    0.00        0.00
GET      GET /send/pay                                                                    260     0(0.00%) |     14       2    1630      6 |    5.80        0.00
GET      GET /send/review                                                                 260     0(0.00%) |     49       3    4178      8 |    5.80        0.00
GET      GET /transactions                                                                 80     0(0.00%) |     16       3     563      8 |    1.50        0.00
GET      GET /wallet                                                                      154     0(0.00%) |    331       3    3221     12 |    3.50        0.00
POST     POST /admin/cashin/{id}/received                                                 218     0(0.00%) |     13       6      48     12 |    5.00        0.00
POST     POST /cashout/preview                                                             90     0(0.00%) |     78       3    4757      9 |    1.90        0.00
POST     POST /login                                                                       50     0(0.00%) |   4359    1267    8068   4300 |    0.00        0.00
POST     POST /remittances                                                                214     0(0.00%) |     20       7     626     14 |    5.10        0.00
POST     POST /remittances (declined)                                                      46     0(0.00%) |     45       7    1355     14 |    0.70        0.00
--------|----------------------------------------------------------------------------|-------|-------------|-------|-------|-------|-------|--------|-----------
         Aggregated                                                                      1837     0(0.00%) |    222       2    8068     10 |   40.00        0.00

Type     Name                                                                          # reqs      # fails |    Avg     Min     Max    Med |   req/s  failures/s
--------|----------------------------------------------------------------------------|-------|-------------|-------|-------|-------|-------|--------|-----------
GET      GET /admin/cashin                                                                 52     0(0.00%) |    168       4    2656     10 |    1.10        0.00
GET      GET /admin/settlements                                                             9     0(0.00%) |      7       2      12      6 |    0.40        0.00
GET      GET /admin/transactions                                                           16     0(0.00%) |    279      13    3511     24 |    0.20        0.00
GET      GET /cashout/history                                                              66     0(0.00%) |    227       3    4880     11 |    1.00        0.00
GET      GET /dashboard                                                                   132     0(0.00%) |     38       4    1737     11 |    4.10        0.00
GET      GET /quote (API)                                                                 178     0(0.00%) |    121       2    3021      8 |    3.70        0.00
GET      GET /send                                                                         30     0(0.00%) |   1665      22    4375   1600 |    0.00        0.00
GET      GET /send/pay                                                                    277     0(0.00%) |     14       2    1630      6 |    5.70        0.00
GET      GET /send/review                                                                 277     0(0.00%) |     46       3    4178      7 |    5.70        0.00
GET      GET /transactions                                                                 84     0(0.00%) |     16       3     563      8 |    1.40        0.00
GET      GET /wallet                                                                      159     0(0.00%) |    321       3    3221     12 |    3.80        0.00
POST     POST /admin/cashin/{id}/received                                                 243     0(0.00%) |     13       6      48     12 |    4.20        0.00
POST     POST /cashout/preview                                                             94     0(0.00%) |     75       3    4757      9 |    2.00        0.00
POST     POST /login                                                                       50     0(0.00%) |   4359    1267    8068   4300 |    0.00        0.00
POST     POST /remittances                                                                229     0(0.00%) |     20       7     626     14 |    5.20        0.00
POST     POST /remittances (declined)                                                      48     0(0.00%) |     44       7    1355     14 |    0.50        0.00
--------|----------------------------------------------------------------------------|-------|-------------|-------|-------|-------|-------|--------|-----------
         Aggregated                                                                      1944     0(0.00%) |    210       2    8068     10 |   39.00        0.00

Type     Name                                                                          # reqs      # fails |    Avg     Min     Max    Med |   req/s  failures/s
--------|----------------------------------------------------------------------------|-------|-------------|-------|-------|-------|-------|--------|-----------
GET      GET /admin/cashin                                                                 54     0(0.00%) |    162       4    2656     10 |    1.10        0.00
GET      GET /admin/settlements                                                            10     0(0.00%) |      7       2      12      6 |    0.40        0.00
GET      GET /admin/transactions                                                           17     0(0.00%) |    267      13    3511     27 |    0.20        0.00
GET      GET /cashout/history                                                              69     0(0.00%) |    218       3    4880     11 |    1.00        0.00
GET      GET /dashboard                                                                   136     0(0.00%) |     37       4    1737     11 |    3.20        0.00
GET      GET /quote (API)                                                                 187     0(0.00%) |    116       2    3021      8 |    3.70        0.00
GET      GET /send                                                                         30     0(0.00%) |   1665      22    4375   1600 |    0.00        0.00
GET      GET /send/pay                                                                    291     0(0.00%) |     13       2    1630      6 |    6.10        0.00
GET      GET /send/review                                                                 291     0(0.00%) |     45       3    4178      7 |    6.10        0.00
GET      GET /transactions                                                                 86     0(0.00%) |     16       3     563      8 |    1.20        0.00
GET      GET /wallet                                                                      165     0(0.00%) |    318       3    3221     12 |    3.70        0.00
POST     POST /admin/cashin/{id}/received                                                 257     0(0.00%) |     13       6      48     12 |    5.70        0.00
POST     POST /cashout/preview                                                            100     0(0.00%) |     71       3    4757     10 |    1.90        0.00
POST     POST /login                                                                       50     0(0.00%) |   4359    1267    8068   4300 |    0.00        0.00
POST     POST /remittances                                                                243     0(0.00%) |     19       7     626     14 |    5.60        0.00
POST     POST /remittances (declined)                                                      48     0(0.00%) |     44       7    1355     14 |    0.50        0.00
--------|----------------------------------------------------------------------------|-------|-------------|-------|-------|-------|-------|--------|-----------
         Aggregated                                                                      2034     0(0.00%) |    202       2    8068     10 |   40.40        0.00

Type     Name                                                                          # reqs      # fails |    Avg     Min     Max    Med |   req/s  failures/s
--------|----------------------------------------------------------------------------|-------|-------------|-------|-------|-------|-------|--------|-----------
GET      GET /admin/cashin                                                                 57     0(0.00%) |    154       4    2656     10 |    1.10        0.00
GET      GET /admin/settlements                                                            11     0(0.00%) |      7       2      12      7 |    0.30        0.00
GET      GET /admin/transactions                                                           17     0(0.00%) |    267      13    3511     27 |    0.20        0.00
GET      GET /cashout/history                                                              70     0(0.00%) |    215       3    4880     11 |    1.40        0.00
GET      GET /dashboard                                                                   139     0(0.00%) |     37       4    1737     11 |    3.30        0.00
GET      GET /quote (API)                                                                 195     0(0.00%) |    112       2    3021      8 |    3.80        0.00
GET      GET /send                                                                         30     0(0.00%) |   1665      22    4375   1600 |    0.00        0.00
GET      GET /send/pay                                                                    302     0(0.00%) |     13       2    1630      6 |    5.80        0.00
GET      GET /send/review                                                                 302     0(0.00%) |     43       3    4178      7 |    5.80        0.00
GET      GET /transactions                                                                 92     0(0.00%) |     15       3     563      8 |    1.30        0.00
GET      GET /wallet                                                                      174     0(0.00%) |    331       3    3221     12 |    3.70        0.00
POST     POST /admin/cashin/{id}/received                                                 268     0(0.00%) |     13       6      48     12 |    5.30        0.00
POST     POST /cashout/preview                                                            105     0(0.00%) |     68       3    4757     10 |    2.00        0.00
POST     POST /login                                                                       50     0(0.00%) |   4359    1267    8068   4300 |    0.00        0.00
POST     POST /remittances                                                                251     0(0.00%) |     19       7     626     14 |    5.30        0.00
POST     POST /remittances (declined)                                                      51     0(0.00%) |     42       7    1355     14 |    0.50        0.00
--------|----------------------------------------------------------------------------|-------|-------------|-------|-------|-------|-------|--------|-----------
         Aggregated                                                                      2114     0(0.00%) |    197       2    8068     10 |   39.80        0.00

Type     Name                                                                          # reqs      # fails |    Avg     Min     Max    Med |   req/s  failures/s
--------|----------------------------------------------------------------------------|-------|-------------|-------|-------|-------|-------|--------|-----------
GET      GET /admin/cashin                                                                 57     0(0.00%) |    154       4    2656     10 |    1.30        0.00
GET      GET /admin/settlements                                                            12     0(0.00%) |      7       2      12      6 |    0.40        0.00
GET      GET /admin/transactions                                                           17     0(0.00%) |    267      13    3511     27 |    0.20        0.00
GET      GET /cashout/history                                                              70     0(0.00%) |    215       3    4880     11 |    1.20        0.00
GET      GET /dashboard                                                                   149     0(0.00%) |     35       4    1737     11 |    3.10        0.00
GET      GET /quote (API)                                                                 200     0(0.00%) |    109       2    3021      8 |    3.50        0.00
GET      GET /send                                                                         30     0(0.00%) |   1665      22    4375   1600 |    0.00        0.00
GET      GET /send/pay                                                                    312     0(0.00%) |     13       2    1630      6 |    6.50        0.00
GET      GET /send/review                                                                 312     0(0.00%) |     42       3    4178      7 |    6.50        0.00
GET      GET /transactions                                                                 93     0(0.00%) |     15       3     563      8 |    1.70        0.00
GET      GET /wallet                                                                      183     0(0.00%) |    329       3    3221     12 |    3.60        0.00
POST     POST /admin/cashin/{id}/received                                                 269     0(0.00%) |     13       6      48     12 |    6.20        0.00
POST     POST /cashout/preview                                                            109     0(0.00%) |     66       3    4757     10 |    2.30        0.00
POST     POST /login                                                                       50     0(0.00%) |   4359    1267    8068   4300 |    0.00        0.00
POST     POST /remittances                                                                260     0(0.00%) |     19       7     626     14 |    5.90        0.00
POST     POST /remittances (declined)                                                      52     0(0.00%) |     41       7    1355     14 |    0.60        0.00
--------|----------------------------------------------------------------------------|-------|-------------|-------|-------|-------|-------|--------|-----------
         Aggregated                                                                      2175     0(0.00%) |    193       2    8068     10 |   43.00        0.00

Type     Name                                                                          # reqs      # fails |    Avg     Min     Max    Med |   req/s  failures/s
--------|----------------------------------------------------------------------------|-------|-------------|-------|-------|-------|-------|--------|-----------
GET      GET /admin/cashin                                                                 59     0(0.00%) |    149       4    2656     10 |    1.00        0.00
GET      GET /admin/settlements                                                            14     0(0.00%) |      7       2      12      6 |    0.50        0.00
GET      GET /admin/transactions                                                           18     0(0.00%) |    254      13    3511     27 |    0.20        0.00
GET      GET /cashout/history                                                              73     0(0.00%) |    207       3    4880     11 |    1.10        0.00
GET      GET /dashboard                                                                   156     0(0.00%) |     34       4    1737     11 |    3.10        0.00
GET      GET /quote (API)                                                                 212     0(0.00%) |    103       2    3021      8 |    3.40        0.00
GET      GET /send                                                                         30     0(0.00%) |   1665      22    4375   1600 |    0.00        0.00
GET      GET /send/pay                                                                    320     0(0.00%) |     13       2    1630      6 |    6.20        0.00
GET      GET /send/review                                                                 320     0(0.00%) |     41       3    4178      7 |    6.20        0.00
GET      GET /transactions                                                                 94     0(0.00%) |     15       3     563      8 |    1.80        0.00
GET      GET /wallet                                                                      191     0(0.00%) |    323       3    3221     12 |    3.50        0.00
POST     POST /admin/cashin/{id}/received                                                 279     0(0.00%) |     13       6      48     12 |    5.30        0.00
POST     POST /cashout/preview                                                            113     0(0.00%) |     64       3    4757     10 |    2.60        0.00
POST     POST /login                                                                       50     0(0.00%) |   4359    1267    8068   4300 |    0.00        0.00
POST     POST /remittances                                                                267     0(0.00%) |     19       7     626     14 |    5.60        0.00
POST     POST /remittances (declined)                                                      53     0(0.00%) |     41       7    1355     14 |    0.60        0.00
--------|----------------------------------------------------------------------------|-------|-------------|-------|-------|-------|-------|--------|-----------
         Aggregated                                                                      2249     0(0.00%) |    188       2    8068     10 |   41.10        0.00

Type     Name                                                                          # reqs      # fails |    Avg     Min     Max    Med |   req/s  failures/s
--------|----------------------------------------------------------------------------|-------|-------------|-------|-------|-------|-------|--------|-----------
GET      GET /admin/cashin                                                                 60     0(0.00%) |    147       4    2656     10 |    1.10        0.00
GET      GET /admin/settlements                                                            17     0(0.00%) |      6       2      12      6 |    0.50        0.00
GET      GET /admin/transactions                                                           19     0(0.00%) |    243      13    3511     30 |    0.20        0.00
GET      GET /cashout/history                                                              78     0(0.00%) |    194       3    4880     11 |    1.10        0.00
GET      GET /dashboard                                                                   163     0(0.00%) |     33       4    1737     11 |    3.00        0.00
GET      GET /quote (API)                                                                 219     0(0.00%) |    100       2    3021      8 |    3.90        0.00
GET      GET /send                                                                         30     0(0.00%) |   1665      22    4375   1600 |    0.00        0.00
GET      GET /send/pay                                                                    334     0(0.00%) |     12       2    1630      6 |    6.20        0.00
GET      GET /send/review                                                                 334     0(0.00%) |     40       3    4178      7 |    6.20        0.00
GET      GET /transactions                                                                 98     0(0.00%) |     15       3     563      8 |    1.40        0.00
GET      GET /wallet                                                                      198     0(0.00%) |    319       3    3221     12 |    3.60        0.00
POST     POST /admin/cashin/{id}/received                                                 289     0(0.00%) |     13       6      48     12 |    6.10        0.00
POST     POST /cashout/preview                                                            116     0(0.00%) |     63       3    4757     10 |    2.10        0.00
POST     POST /login                                                                       50     0(0.00%) |   4359    1267    8068   4300 |    0.00        0.00
POST     POST /remittances                                                                280     0(0.00%) |     18       7     626     14 |    5.50        0.00
POST     POST /remittances (declined)                                                      54     0(0.00%) |     40       7    1355     14 |    0.70        0.00
--------|----------------------------------------------------------------------------|-------|-------------|-------|-------|-------|-------|--------|-----------
         Aggregated                                                                      2339     0(0.00%) |    181       2    8068     10 |   41.60        0.00

Type     Name                                                                          # reqs      # fails |    Avg     Min     Max    Med |   req/s  failures/s
--------|----------------------------------------------------------------------------|-------|-------------|-------|-------|-------|-------|--------|-----------
GET      GET /admin/cashin                                                                 62     0(0.00%) |    142       4    2656     10 |    0.80        0.00
GET      GET /admin/settlements                                                            17     0(0.00%) |      6       2      12      6 |    0.70        0.00
GET      GET /admin/transactions                                                           19     0(0.00%) |    243      13    3511     30 |    0.30        0.00
GET      GET /cashout/history                                                              81     0(0.00%) |    187       3    4880     11 |    1.30        0.00
GET      GET /dashboard                                                                   174     0(0.00%) |     32       4    1737     11 |    3.10        0.00
GET      GET /quote (API)                                                                 224     0(0.00%) |     98       2    3021      8 |    3.90        0.00
GET      GET /send                                                                         30     0(0.00%) |   1665      22    4375   1600 |    0.00        0.00
GET      GET /send/pay                                                                    342     0(0.00%) |     12       2    1630      6 |    6.20        0.00
GET      GET /send/review                                                                 342     0(0.00%) |     39       3    4178      7 |    6.20        0.00
GET      GET /transactions                                                                105     0(0.00%) |     14       3     563      8 |    1.60        0.00
GET      GET /wallet                                                                      204     0(0.00%) |    324       3    3221     12 |    4.00        0.00
POST     POST /admin/cashin/{id}/received                                                 309     0(0.00%) |     13       6      48     12 |    3.80        0.00
POST     POST /cashout/preview                                                            121     0(0.00%) |     61       3    4757     10 |    2.30        0.00
POST     POST /login                                                                       50     0(0.00%) |   4359    1267    8068   4300 |    0.00        0.00
POST     POST /remittances                                                                286     0(0.00%) |     18       7     626     14 |    5.40        0.00
POST     POST /remittances (declined)                                                      55     0(0.00%) |     40       7    1355     14 |    0.80        0.00
--------|----------------------------------------------------------------------------|-------|-------------|-------|-------|-------|-------|--------|-----------
         Aggregated                                                                      2421     0(0.00%) |    177       2    8068     10 |   40.40        0.00

Type     Name                                                                          # reqs      # fails |    Avg     Min     Max    Med |   req/s  failures/s
--------|----------------------------------------------------------------------------|-------|-------------|-------|-------|-------|-------|--------|-----------
GET      GET /admin/cashin                                                                 65     0(0.00%) |    136       4    2656     10 |    0.90        0.00
GET      GET /admin/settlements                                                            18     0(0.00%) |      7       2      12      6 |    0.70        0.00
GET      GET /admin/transactions                                                           19     0(0.00%) |    243      13    3511     30 |    0.30        0.00
GET      GET /cashout/history                                                              87     0(0.00%) |    175       3    4880     11 |    1.20        0.00
GET      GET /dashboard                                                                   184     0(0.00%) |     31       4    1737     11 |    3.40        0.00
GET      GET /quote (API)                                                                 228     0(0.00%) |     97       2    3021      8 |    3.60        0.00
GET      GET /send                                                                         30     0(0.00%) |   1665      22    4375   1600 |    0.00        0.00
GET      GET /send/pay                                                                    350     0(0.00%) |     12       2    1630      6 |    5.80        0.00
GET      GET /send/review                                                                 350     0(0.00%) |     38       3    4178      7 |    5.80        0.00
GET      GET /transactions                                                                112     0(0.00%) |     14       3     563      8 |    1.90        0.00
GET      GET /wallet                                                                      210     0(0.00%) |    321       3    3221     12 |    3.80        0.00
POST     POST /admin/cashin/{id}/received                                                 323     0(0.00%) |     13       6      48     12 |    6.10        0.00
POST     POST /cashout/preview                                                            123     0(0.00%) |     60       3    4757     10 |    2.20        0.00
POST     POST /login                                                                       50     0(0.00%) |   4359    1267    8068   4300 |    0.00        0.00
POST     POST /remittances                                                                294     0(0.00%) |     18       7     626     14 |    5.10        0.00
POST     POST /remittances (declined)                                                      56     0(0.00%) |     39       7    1355     14 |    0.70        0.00
--------|----------------------------------------------------------------------------|-------|-------------|-------|-------|-------|-------|--------|-----------
         Aggregated                                                                      2499     0(0.00%) |    172       2    8068     10 |   41.50        0.00

Type     Name                                                                          # reqs      # fails |    Avg     Min     Max    Med |   req/s  failures/s
--------|----------------------------------------------------------------------------|-------|-------------|-------|-------|-------|-------|--------|-----------
GET      GET /admin/cashin                                                                 67     0(0.00%) |    133       4    2656     10 |    0.70        0.00
GET      GET /admin/settlements                                                            19     0(0.00%) |      6       2      12      6 |    0.70        0.00
GET      GET /admin/transactions                                                           19     0(0.00%) |    243      13    3511     30 |    0.20        0.00
GET      GET /cashout/history                                                              88     0(0.00%) |    173       3    4880     11 |    1.50        0.00
GET      GET /dashboard                                                                   188     0(0.00%) |     30       4    1737     11 |    4.40        0.00
GET      GET /quote (API)                                                                 239     0(0.00%) |     93       2    3021      8 |    3.50        0.00
GET      GET /send                                                                         30     0(0.00%) |   1665      22    4375   1600 |    0.00        0.00
GET      GET /send/pay                                                                    366     0(0.00%) |     12       2    1630      6 |    4.70        0.00
GET      GET /send/review                                                                 366     0(0.00%) |     37       3    4178      7 |    4.70        0.00
GET      GET /transactions                                                                114     0(0.00%) |     14       3     563      8 |    1.90        0.00
GET      GET /wallet                                                                      218     0(0.00%) |    327       3    3221     12 |    3.50        0.00
POST     POST /admin/cashin/{id}/received                                                 338     0(0.00%) |     13       6      48     12 |    5.10        0.00
POST     POST /cashout/preview                                                            125     0(0.00%) |     59       3    4757     10 |    2.10        0.00
POST     POST /login                                                                       50     0(0.00%) |   4359    1267    8068   4300 |    0.00        0.00
POST     POST /remittances                                                                310     0(0.00%) |     18       7     626     14 |    4.20        0.00
POST     POST /remittances (declined)                                                      56     0(0.00%) |     39       7    1355     14 |    0.50        0.00
--------|----------------------------------------------------------------------------|-------|-------------|-------|-------|-------|-------|--------|-----------
         Aggregated                                                                      2593     0(0.00%) |    168       2    8068     10 |   37.70        0.00

Type     Name                                                                          # reqs      # fails |    Avg     Min     Max    Med |   req/s  failures/s
--------|----------------------------------------------------------------------------|-------|-------------|-------|-------|-------|-------|--------|-----------
GET      GET /admin/cashin                                                                 69     0(0.00%) |    129       4    2656     10 |    0.90        0.00
GET      GET /admin/settlements                                                            19     0(0.00%) |      6       2      12      6 |    0.70        0.00
GET      GET /admin/transactions                                                           20     0(0.00%) |    233      13    3511     30 |    0.20        0.00
GET      GET /cashout/history                                                              91     0(0.00%) |    168       3    4880     11 |    1.80        0.00
GET      GET /dashboard                                                                   194     0(0.00%) |     30       4    1737     11 |    4.20        0.00
GET      GET /quote (API)                                                                 249     0(0.00%) |     90       2    3021      8 |    3.80        0.00
GET      GET /send                                                                         30     0(0.00%) |   1665      22    4375   1600 |    0.00        0.00
GET      GET /send/pay                                                                    377     0(0.00%) |     12       2    1630      6 |    5.70        0.00
GET      GET /send/review                                                                 377     0(0.00%) |     36       3    4178      8 |    5.70        0.00
GET      GET /transactions                                                                116     0(0.00%) |     14       3     563      8 |    2.00        0.00
GET      GET /wallet                                                                      226     0(0.00%) |    323       3    3221     12 |    3.30        0.00
POST     POST /admin/cashin/{id}/received                                                 345     0(0.00%) |     13       6      48     12 |    6.40        0.00
POST     POST /cashout/preview                                                            132     0(0.00%) |     57       3    4757     11 |    1.60        0.00
POST     POST /login                                                                       50     0(0.00%) |   4359    1267    8068   4300 |    0.00        0.00
POST     POST /remittances                                                                319     0(0.00%) |     18       7     626     14 |    5.30        0.00
POST     POST /remittances (declined)                                                      58     0(0.00%) |     38       7    1355     14 |    0.40        0.00
--------|----------------------------------------------------------------------------|-------|-------------|-------|-------|-------|-------|--------|-----------
         Aggregated                                                                      2672     0(0.00%) |    164       2    8068     10 |   42.00        0.00

Type     Name                                                                          # reqs      # fails |    Avg     Min     Max    Med |   req/s  failures/s
--------|----------------------------------------------------------------------------|-------|-------------|-------|-------|-------|-------|--------|-----------
GET      GET /admin/cashin                                                                 73     0(0.00%) |    123       3    2656     10 |    0.90        0.00
GET      GET /admin/settlements                                                            19     0(0.00%) |      6       2      12      6 |    0.50        0.00
GET      GET /admin/transactions                                                           20     0(0.00%) |    233      13    3511     30 |    0.20        0.00
GET      GET /cashout/history                                                              94     0(0.00%) |    163       3    4880     11 |    1.70        0.00
GET      GET /dashboard                                                                   199     0(0.00%) |     29       4    1737     11 |    3.80        0.00
GET      GET /quote (API)                                                                 259     0(0.00%) |     87       2    3021      8 |    3.50        0.00
GET      GET /send                                                                         30     0(0.00%) |   1665      22    4375   1600 |    0.00        0.00
GET      GET /send/pay                                                                    383     0(0.00%) |     12       2    1630      6 |    5.30        0.00
GET      GET /send/review                                                                 383     0(0.00%) |     36       3    4178      8 |    5.30        0.00
GET      GET /transactions                                                                125     0(0.00%) |     13       3     563      8 |    2.30        0.00
GET      GET /wallet                                                                      232     0(0.00%) |    315       3    3221     12 |    3.40        0.00
POST     POST /admin/cashin/{id}/received                                                 353     0(0.00%) |     13       6      48     12 |    6.00        0.00
POST     POST /cashout/preview                                                            134     0(0.00%) |     56       3    4757     10 |    1.90        0.00
POST     POST /login                                                                       50     0(0.00%) |   4359    1267    8068   4300 |    0.00        0.00
POST     POST /remittances                                                                324     0(0.00%) |     18       7     626     14 |    5.00        0.00
POST     POST /remittances (declined)                                                      59     0(0.00%) |     38       7    1355     14 |    0.30        0.00
--------|----------------------------------------------------------------------------|-------|-------------|-------|-------|-------|-------|--------|-----------
         Aggregated                                                                      2737     0(0.00%) |    160       2    8068     10 |   40.10        0.00

Type     Name                                                                          # reqs      # fails |    Avg     Min     Max    Med |   req/s  failures/s
--------|----------------------------------------------------------------------------|-------|-------------|-------|-------|-------|-------|--------|-----------
GET      GET /admin/cashin                                                                 73     0(0.00%) |    123       3    2656     10 |    1.20        0.00
GET      GET /admin/settlements                                                            20     0(0.00%) |      6       2      12      6 |    0.30        0.00
GET      GET /admin/transactions                                                           21     0(0.00%) |    224      13    3511     33 |    0.10        0.00
GET      GET /cashout/history                                                              95     0(0.00%) |    161       3    4880     11 |    1.50        0.00
GET      GET /dashboard                                                                   205     0(0.00%) |     29       4    1737     11 |    3.80        0.00
GET      GET /quote (API)                                                                 263     0(0.00%) |     85       2    3021      8 |    3.70        0.00
GET      GET /send                                                                         30     0(0.00%) |   1665      22    4375   1600 |    0.00        0.00
GET      GET /send/pay                                                                    393     0(0.00%) |     11       2    1630      6 |    4.80        0.00
GET      GET /send/review                                                                 393     0(0.00%) |     35       3    4178      8 |    4.80        0.00
GET      GET /transactions                                                                131     0(0.00%) |     13       3     563      8 |    2.50        0.00
GET      GET /wallet                                                                      241     0(0.00%) |    319       3    3221     12 |    3.30        0.00
POST     POST /admin/cashin/{id}/received                                                 353     0(0.00%) |     13       6      48     12 |    7.20        0.00
POST     POST /cashout/preview                                                            137     0(0.00%) |     55       3    4757     11 |    1.80        0.00
POST     POST /login                                                                       50     0(0.00%) |   4359    1267    8068   4300 |    0.00        0.00
POST     POST /remittances                                                                334     0(0.00%) |     18       7     626     14 |    4.40        0.00
POST     POST /remittances (declined)                                                      59     0(0.00%) |     38       7    1355     14 |    0.40        0.00
--------|----------------------------------------------------------------------------|-------|-------------|-------|-------|-------|-------|--------|-----------
         Aggregated                                                                      2798     0(0.00%) |    158       2    8068     10 |   39.80        0.00

Type     Name                                                                          # reqs      # fails |    Avg     Min     Max    Med |   req/s  failures/s
--------|----------------------------------------------------------------------------|-------|-------------|-------|-------|-------|-------|--------|-----------
GET      GET /admin/cashin                                                                 76     0(0.00%) |    119       3    2656     10 |    1.10        0.00
GET      GET /admin/settlements                                                            21     0(0.00%) |      6       2      12      6 |    0.30        0.00
GET      GET /admin/transactions                                                           21     0(0.00%) |    224      13    3511     33 |    0.20        0.00
GET      GET /cashout/history                                                              98     0(0.00%) |    157       3    4880     11 |    1.40        0.00
GET      GET /dashboard                                                                   212     0(0.00%) |     28       4    1737     11 |    3.40        0.00
GET      GET /quote (API)                                                                 270     0(0.00%) |     83       2    3021      8 |    4.00        0.00
GET      GET /send                                                                         30     0(0.00%) |   1665      22    4375   1600 |    0.00        0.00
GET      GET /send/pay                                                                    406     0(0.00%) |     11       2    1630      6 |    5.00        0.00
GET      GET /send/review                                                                 406     0(0.00%) |     34       3    4178      8 |    5.00        0.00
GET      GET /transactions                                                                136     0(0.00%) |     13       3     563      8 |    2.60        0.00
GET      GET /wallet                                                                      249     0(0.00%) |    325       3    3221     13 |    3.60        0.00
POST     POST /admin/cashin/{id}/received                                                 377     0(0.00%) |     13       6      48     12 |    4.40        0.00
POST     POST /cashout/preview                                                            141     0(0.00%) |     54       3    4757     11 |    1.50        0.00
POST     POST /login                                                                       50     0(0.00%) |   4359    1267    8068   4300 |    0.00        0.00
POST     POST /remittances                                                                344     0(0.00%) |     18       6     626     14 |    4.60        0.00
POST     POST /remittances (declined)                                                      62     0(0.00%) |     37       7    1355     14 |    0.40        0.00
--------|----------------------------------------------------------------------------|-------|-------------|-------|-------|-------|-------|--------|-----------
         Aggregated                                                                      2899     0(0.00%) |    155       2    8068     10 |   37.50        0.00

Type     Name                                                                          # reqs      # fails |    Avg     Min     Max    Med |   req/s  failures/s
--------|----------------------------------------------------------------------------|-------|-------------|-------|-------|-------|-------|--------|-----------
GET      GET /admin/cashin                                                                 77     0(0.00%) |    118       3    2656     10 |    1.20        0.00
GET      GET /admin/settlements                                                            21     0(0.00%) |      6       2      12      6 |    0.30        0.00
GET      GET /admin/transactions                                                           21     0(0.00%) |    224      13    3511     33 |    0.20        0.00
GET      GET /cashout/history                                                              98     0(0.00%) |    157       3    4880     11 |    1.30        0.00
GET      GET /dashboard                                                                   214     0(0.00%) |     28       4    1737     11 |    2.70        0.00
GET      GET /quote (API)                                                                 276     0(0.00%) |     82       2    3021      8 |    4.00        0.00
GET      GET /send                                                                         30     0(0.00%) |   1665      22    4375   1600 |    0.00        0.00
GET      GET /send/pay                                                                    424     0(0.00%) |     11       2    1630      6 |    5.90        0.00
GET      GET /send/review                                                                 424     0(0.00%) |     33       3    4178      8 |    5.90        0.00
GET      GET /transactions                                                                141     0(0.00%) |     13       3     563      8 |    2.60        0.00
GET      GET /wallet                                                                      257     0(0.00%) |    330       3    3221     13 |    3.80        0.00
POST     POST /admin/cashin/{id}/received                                                 385     0(0.00%) |     13       6      48     12 |    5.60        0.00
POST     POST /cashout/preview                                                            146     0(0.00%) |     52       3    4757     10 |    1.60        0.00
POST     POST /login                                                                       50     0(0.00%) |   4359    1267    8068   4300 |    0.00        0.00
POST     POST /remittances                                                                359     0(0.00%) |     18       6     626     14 |    5.30        0.00
POST     POST /remittances (declined)                                                      65     0(0.00%) |     36       7    1355     14 |    0.60        0.00
--------|----------------------------------------------------------------------------|-------|-------------|-------|-------|-------|-------|--------|-----------
         Aggregated                                                                      2988     0(0.00%) |    151       2    8068     10 |   41.00        0.00

Type     Name                                                                          # reqs      # fails |    Avg     Min     Max    Med |   req/s  failures/s
--------|----------------------------------------------------------------------------|-------|-------------|-------|-------|-------|-------|--------|-----------
GET      GET /admin/cashin                                                                 81     0(0.00%) |    112       3    2656     10 |    1.10        0.00
GET      GET /admin/settlements                                                            22     0(0.00%) |      6       2      12      6 |    0.20        0.00
GET      GET /admin/transactions                                                           21     0(0.00%) |    224      13    3511     33 |    0.20        0.00
GET      GET /cashout/history                                                             103     0(0.00%) |    150       3    4880     11 |    1.00        0.00
GET      GET /dashboard                                                                   221     0(0.00%) |     28       4    1737     11 |    2.60        0.00
GET      GET /quote (API)                                                                 283     0(0.00%) |     80       2    3021      8 |    3.90        0.00
GET      GET /send                                                                         30     0(0.00%) |   1665      22    4375   1600 |    0.00        0.00
GET      GET /send/pay                                                                    439     0(0.00%) |     11       2    1630      6 |    5.40        0.00
GET      GET /send/review                                                                 439     0(0.00%) |     32       3    4178      8 |    5.40        0.00
GET      GET /transactions                                                                146     0(0.00%) |     13       3     563      8 |    2.70        0.00
GET      GET /wallet                                                                      262     0(0.00%) |    324       3    3221     13 |    4.00        0.00
POST     POST /admin/cashin/{id}/received                                                 398     0(0.00%) |     13       6      48     12 |    5.20        0.00
POST     POST /cashout/preview                                                            152     0(0.00%) |     51       3    4757     10 |    2.00        0.00
POST     POST /login                                                                       50     0(0.00%) |   4359    1267    8068   4300 |    0.00        0.00
POST     POST /remittances                                                                373     0(0.00%) |     18       6     626     14 |    4.70        0.00
POST     POST /remittances (declined)                                                      66     0(0.00%) |     36       7    1355     14 |    0.60        0.00
--------|----------------------------------------------------------------------------|-------|-------------|-------|-------|-------|-------|--------|-----------
         Aggregated                                                                      3086     0(0.00%) |    147       2    8068     10 |   39.00        0.00

Type     Name                                                                          # reqs      # fails |    Avg     Min     Max    Med |   req/s  failures/s
--------|----------------------------------------------------------------------------|-------|-------------|-------|-------|-------|-------|--------|-----------
GET      GET /admin/cashin                                                                 82     0(0.00%) |    111       3    2656     10 |    1.30        0.00
GET      GET /admin/settlements                                                            23     0(0.00%) |      6       2      12      6 |    0.30        0.00
GET      GET /admin/transactions                                                           21     0(0.00%) |    224      13    3511     33 |    0.10        0.00
GET      GET /cashout/history                                                             104     0(0.00%) |    148       3    4880     11 |    1.00        0.00
GET      GET /dashboard                                                                   225     0(0.00%) |     27       4    1737     11 |    2.60        0.00
GET      GET /quote (API)                                                                 288     0(0.00%) |     79       2    3021      8 |    3.50        0.00
GET      GET /send                                                                         30     0(0.00%) |   1665      22    4375   1600 |    0.00        0.00
GET      GET /send/pay                                                                    453     0(0.00%) |     11       2    1630      6 |    6.20        0.00
GET      GET /send/review                                                                 453     0(0.00%) |     32       3    4178      8 |    6.20        0.00
GET      GET /transactions                                                                152     0(0.00%) |     13       3     563      8 |    2.70        0.00
GET      GET /wallet                                                                      268     0(0.00%) |    326       3    3221     13 |    3.70        0.00
POST     POST /admin/cashin/{id}/received                                                 408     0(0.00%) |     13       6      48     12 |    5.90        0.00
POST     POST /cashout/preview                                                            157     0(0.00%) |     49       3    4757     10 |    1.90        0.00
POST     POST /login                                                                       50     0(0.00%) |   4359    1267    8068   4300 |    0.00        0.00
POST     POST /remittances                                                                384     0(0.00%) |     17       6     626     14 |    5.20        0.00
POST     POST /remittances (declined)                                                      69     0(0.00%) |     35       7    1355     14 |    1.00        0.00
--------|----------------------------------------------------------------------------|-------|-------------|-------|-------|-------|-------|--------|-----------
         Aggregated                                                                      3167     0(0.00%) |    144       2    8068     10 |   41.60        0.00

Type     Name                                                                          # reqs      # fails |    Avg     Min     Max    Med |   req/s  failures/s
--------|----------------------------------------------------------------------------|-------|-------------|-------|-------|-------|-------|--------|-----------
GET      GET /admin/cashin                                                                 83     0(0.00%) |    110       3    2656     10 |    1.00        0.00
GET      GET /admin/settlements                                                            23     0(0.00%) |      6       2      12      6 |    0.40        0.00
GET      GET /admin/transactions                                                           23     0(0.00%) |    209      13    3511     36 |    0.10        0.00
GET      GET /cashout/history                                                             108     0(0.00%) |    143       3    4880     11 |    1.00        0.00
GET      GET /dashboard                                                                   232     0(0.00%) |     27       4    1737     11 |    2.50        0.00
GET      GET /quote (API)                                                                 299     0(0.00%) |     77       2    3021      8 |    3.10        0.00
GET      GET /send                                                                         30     0(0.00%) |   1665      22    4375   1600 |    0.00        0.00
GET      GET /send/pay                                                                    460     0(0.00%) |     11       2    1630      6 |    7.10        0.00
GET      GET /send/review                                                                 460     0(0.00%) |     32       3    4178      8 |    7.10        0.00
GET      GET /transactions                                                                155     0(0.00%) |     15       3     563      8 |    2.70        0.00
GET      GET /wallet                                                                      273     0(0.00%) |    327       3    3221     13 |    3.60        0.00
POST     POST /admin/cashin/{id}/received                                                 418     0(0.00%) |     13       6      48     12 |    4.70        0.00
POST     POST /cashout/preview                                                            160     0(0.00%) |     49       3    4757     10 |    2.20        0.00
POST     POST /login                                                                       50     0(0.00%) |   4359    1267    8068   4300 |    0.00        0.00
POST     POST /remittances                                                                389     0(0.00%) |     17       6     626     14 |    6.00        0.00
POST     POST /remittances (declined)                                                      71     0(0.00%) |     34       7    1355     14 |    1.10        0.00
--------|----------------------------------------------------------------------------|-------|-------------|-------|-------|-------|-------|--------|-----------
         Aggregated                                                                      3234     0(0.00%) |    142       2    8068     10 |   42.60        0.00

Type     Name                                                                          # reqs      # fails |    Avg     Min     Max    Med |   req/s  failures/s
--------|----------------------------------------------------------------------------|-------|-------------|-------|-------|-------|-------|--------|-----------
GET      GET /admin/cashin                                                                 86     0(0.00%) |    106       3    2656     10 |    1.00        0.00
GET      GET /admin/settlements                                                            23     0(0.00%) |      6       2      12      6 |    0.30        0.00
GET      GET /admin/transactions                                                           24     0(0.00%) |    205      13    3511     36 |    0.20        0.00
GET      GET /cashout/history                                                             109     0(0.00%) |    143       3    4880     11 |    1.30        0.00
GET      GET /dashboard                                                                   236     0(0.00%) |     27       4    1737     11 |    2.70        0.00
GET      GET /quote (API)                                                                 310     0(0.00%) |     74       2    3021      8 |    3.50        0.00
GET      GET /send                                                                         30     0(0.00%) |   1665      22    4375   1600 |    0.00        0.00
GET      GET /send/pay                                                                    478     0(0.00%) |     11       2    1630      6 |    6.80        0.00
GET      GET /send/review                                                                 478     0(0.00%) |     31       3    4178      8 |    6.80        0.00
GET      GET /transactions                                                                158     0(0.00%) |     15       3     563      8 |    2.30        0.00
GET      GET /wallet                                                                      279     0(0.00%) |    326       3    3221     13 |    3.30        0.00
POST     POST /admin/cashin/{id}/received                                                 436     0(0.00%) |     13       6      48     12 |    6.50        0.00
POST     POST /cashout/preview                                                            164     0(0.00%) |     48       3    4757     10 |    2.50        0.00
POST     POST /login                                                                       50     0(0.00%) |   4359    1267    8068   4300 |    0.00        0.00
POST     POST /remittances                                                                401     0(0.00%) |     17       6     626     14 |    5.70        0.00
POST     POST /remittances (declined)                                                      77     0(0.00%) |     32       6    1355     14 |    1.10        0.00
--------|----------------------------------------------------------------------------|-------|-------------|-------|-------|-------|-------|--------|-----------
         Aggregated                                                                      3339     0(0.00%) |    139       2    8068     10 |   44.00        0.00

Type     Name                                                                          # reqs      # fails |    Avg     Min     Max    Med |   req/s  failures/s
--------|----------------------------------------------------------------------------|-------|-------------|-------|-------|-------|-------|--------|-----------
GET      GET /admin/cashin                                                                 89     0(0.00%) |    103       3    2656     10 |    0.90        0.00
GET      GET /admin/settlements                                                            23     0(0.00%) |      6       2      12      6 |    0.20        0.00
GET      GET /admin/transactions                                                           25     0(0.00%) |    199      13    3511     41 |    0.30        0.00
GET      GET /cashout/history                                                             111     0(0.00%) |    140       3    4880     11 |    1.10        0.00
GET      GET /dashboard                                                                   242     0(0.00%) |     27       4    1737     11 |    2.40        0.00
GET      GET /quote (API)                                                                 316     0(0.00%) |     73       2    3021      7 |    4.10        0.00
GET      GET /send                                                                         30     0(0.00%) |   1665      22    4375   1600 |    0.00        0.00
GET      GET /send/pay                                                                    491     0(0.00%) |     10       2    1630      6 |    6.70        0.00
GET      GET /send/review                                                                 491     0(0.00%) |     31       3    4178      8 |    6.70        0.00
GET      GET /transactions                                                                164     0(0.00%) |     15       3     563      8 |    2.30        0.00
GET      GET /wallet                                                                      289     0(0.00%) |    333       3    3221     13 |    3.30        0.00
POST     POST /admin/cashin/{id}/received                                                 450     0(0.00%) |     13       6      48     12 |    4.90        0.00
POST     POST /cashout/preview                                                            167     0(0.00%) |     47       3    4757     10 |    2.50        0.00
POST     POST /login                                                                       50     0(0.00%) |   4359    1267    8068   4300 |    0.00        0.00
POST     POST /remittances                                                                412     0(0.00%) |     17       6     626     14 |    5.30        0.00
POST     POST /remittances (declined)                                                      79     0(0.00%) |     32       6    1355     14 |    1.40        0.00
--------|----------------------------------------------------------------------------|-------|-------------|-------|-------|-------|-------|--------|-----------
         Aggregated                                                                      3429     0(0.00%) |    137       2    8068     10 |   42.10        0.00

Type     Name                                                                          # reqs      # fails |    Avg     Min     Max    Med |   req/s  failures/s
--------|----------------------------------------------------------------------------|-------|-------------|-------|-------|-------|-------|--------|-----------
GET      GET /admin/cashin                                                                 91     0(0.00%) |    101       3    2656     10 |    1.10        0.00
GET      GET /admin/settlements                                                            23     0(0.00%) |      6       2      12      6 |    0.20        0.00
GET      GET /admin/transactions                                                           25     0(0.00%) |    199      13    3511     41 |    0.30        0.00
GET      GET /cashout/history                                                             113     0(0.00%) |    138       3    4880     11 |    1.20        0.00
GET      GET /dashboard                                                                   251     0(0.00%) |     26       4    1737     11 |    2.60        0.00
GET      GET /quote (API)                                                                 320     0(0.00%) |     72       2    3021      7 |    3.90        0.00
GET      GET /send                                                                         30     0(0.00%) |   1665      22    4375   1600 |    0.00        0.00
GET      GET /send/pay                                                                    502     0(0.00%) |     10       2    1630      6 |    7.00        0.00
GET      GET /send/review                                                                 502     0(0.00%) |     30       3    4178      8 |    7.00        0.00
GET      GET /transactions                                                                167     0(0.00%) |     15       3     563      8 |    1.90        0.00
GET      GET /wallet                                                                      295     0(0.00%) |    330       3    3221     13 |    3.20        0.00
POST     POST /admin/cashin/{id}/received                                                 455     0(0.00%) |     13       6      48     12 |    6.20        0.00
POST     POST /cashout/preview                                                            171     0(0.00%) |     47       3    4757     10 |    2.00        0.00
POST     POST /login                                                                       50     0(0.00%) |   4359    1267    8068   4300 |    0.00        0.00
POST     POST /remittances                                                                422     0(0.00%) |     17       6     626     14 |    5.50        0.00
POST     POST /remittances (declined)                                                      80     0(0.00%) |     32       6    1355     14 |    1.60        0.00
--------|----------------------------------------------------------------------------|-------|-------------|-------|-------|-------|-------|--------|-----------
         Aggregated                                                                      3497     0(0.00%) |    135       2    8068     10 |   43.70        0.00

Type     Name                                                                          # reqs      # fails |    Avg     Min     Max    Med |   req/s  failures/s
--------|----------------------------------------------------------------------------|-------|-------------|-------|-------|-------|-------|--------|-----------
GET      GET /admin/cashin                                                                 94     0(0.00%) |     98       3    2656     10 |    1.00        0.00
GET      GET /admin/settlements                                                            24     0(0.00%) |      6       2      12      6 |    0.10        0.00
GET      GET /admin/transactions                                                           26     0(0.00%) |    193      13    3511     41 |    0.40        0.00
GET      GET /cashout/history                                                             116     0(0.00%) |    135       3    4880     11 |    1.10        0.00
GET      GET /dashboard                                                                   258     0(0.00%) |     26       4    1737     11 |    3.10        0.00
GET      GET /quote (API)                                                                 323     0(0.00%) |     72       2    3021      7 |    3.70        0.00
GET      GET /send                                                                         30     0(0.00%) |   1665      22    4375   1600 |    0.00        0.00
GET      GET /send/pay                                                                    516     0(0.00%) |     10       2    1630      6 |    6.40        0.00
GET      GET /send/review                                                                 516     0(0.00%) |     29       3    4178      8 |    6.40        0.00
GET      GET /transactions                                                                171     0(0.00%) |     15       3     563      8 |    2.20        0.00
GET      GET /wallet                                                                      303     0(0.00%) |    331       3    3221     13 |    3.40        0.00
POST     POST /admin/cashin/{id}/received                                                 470     0(0.00%) |     13       6      48     12 |    5.70        0.00
POST     POST /cashout/preview                                                            174     0(0.00%) |     46       3    4757     10 |    2.10        0.00
POST     POST /login                                                                       50     0(0.00%) |   4359    1267    8068   4300 |    0.00        0.00
POST     POST /remittances                                                                434     0(0.00%) |     17       6     626     14 |    5.10        0.00
POST     POST /remittances (declined)                                                      82     0(0.00%) |     31       6    1355     14 |    1.30        0.00
--------|----------------------------------------------------------------------------|-------|-------------|-------|-------|-------|-------|--------|-----------
         Aggregated                                                                      3587     0(0.00%) |    132       2    8068     10 |   42.00        0.00

Type     Name                                                                          # reqs      # fails |    Avg     Min     Max    Med |   req/s  failures/s
--------|----------------------------------------------------------------------------|-------|-------------|-------|-------|-------|-------|--------|-----------
GET      GET /admin/cashin                                                                 96     0(0.00%) |     96       3    2656     10 |    1.20        0.00
GET      GET /admin/settlements                                                            24     0(0.00%) |      6       2      12      6 |    0.00        0.00
GET      GET /admin/transactions                                                           26     0(0.00%) |    193      13    3511     41 |    0.50        0.00
GET      GET /cashout/history                                                             117     0(0.00%) |    134       3    4880     11 |    1.20        0.00
GET      GET /dashboard                                                                   262     0(0.00%) |     26       4    1737     11 |    3.30        0.00
GET      GET /quote (API)                                                                 331     0(0.00%) |     70       2    3021      7 |    3.70        0.00
GET      GET /send                                                                         30     0(0.00%) |   1665      22    4375   1600 |    0.00        0.00
GET      GET /send/pay                                                                    531     0(0.00%) |     10       2    1630      6 |    6.10        0.00
GET      GET /send/review                                                                 531     0(0.00%) |     29       3    4178      8 |    6.10        0.00
GET      GET /transactions                                                                175     0(0.00%) |     15       3     563      8 |    2.10        0.00
GET      GET /wallet                                                                      310     0(0.00%) |    332       3    3221     13 |    3.30        0.00
POST     POST /admin/cashin/{id}/received                                                 483     0(0.00%) |     13       6      48     12 |    6.80        0.00
POST     POST /cashout/preview                                                            177     0(0.00%) |     45       3    4757     10 |    1.90        0.00
POST     POST /login                                                                       50     0(0.00%) |   4359    1267    8068   4300 |    0.00        0.00
POST     POST /remittances                                                                447     0(0.00%) |     17       6     626     14 |    4.80        0.00
POST     POST /remittances (declined)                                                      84     0(0.00%) |     31       6    1355     14 |    1.30        0.00
--------|----------------------------------------------------------------------------|-------|-------------|-------|-------|-------|-------|--------|-----------
         Aggregated                                                                      3674     0(0.00%) |    130       2    8068     10 |   42.30        0.00

Type     Name                                                                          # reqs      # fails |    Avg     Min     Max    Med |   req/s  failures/s
--------|----------------------------------------------------------------------------|-------|-------------|-------|-------|-------|-------|--------|-----------
GET      GET /admin/cashin                                                                 99     0(0.00%) |     94       3    2656     10 |    1.20        0.00
GET      GET /admin/settlements                                                            24     0(0.00%) |      6       2      12      6 |    0.10        0.00
GET      GET /admin/transactions                                                           27     0(0.00%) |    188      13    3511     42 |    0.30        0.00
GET      GET /cashout/history                                                             120     0(0.00%) |    131       3    4880     11 |    0.80        0.00
GET      GET /dashboard                                                                   268     0(0.00%) |     26       4    1737     11 |    3.00        0.00
GET      GET /quote (API)                                                                 338     0(0.00%) |     69       2    3021      7 |    3.10        0.00
GET      GET /send                                                                         30     0(0.00%) |   1665      22    4375   1600 |    0.00        0.00
GET      GET /send/pay                                                                    546     0(0.00%) |     10       2    1630      6 |    6.90        0.00
GET      GET /send/review                                                                 546     0(0.00%) |     28       3    4178      8 |    6.90        0.00
GET      GET /transactions                                                                181     0(0.00%) |     15       3     563      8 |    2.20        0.00
GET      GET /wallet                                                                      320     0(0.00%) |    334       3    3221     13 |    3.40        0.00
POST     POST /admin/cashin/{id}/received                                                 507     0(0.00%) |     13       6      48     13 |    5.90        0.00
POST     POST /cashout/preview                                                            179     0(0.00%) |     45       3    4757     10 |    1.60        0.00
POST     POST /login                                                                       50     0(0.00%) |   4359    1267    8068   4300 |    0.00        0.00
POST     POST /remittances                                                                460     0(0.00%) |     17       6     626     14 |    5.50        0.00
POST     POST /remittances (declined)                                                      86     0(0.00%) |     30       6    1355     14 |    1.40        0.00
--------|----------------------------------------------------------------------------|-------|-------------|-------|-------|-------|-------|--------|-----------
         Aggregated                                                                      3781     0(0.00%) |    128       2    8068     10 |   42.30        0.00

Type     Name                                                                          # reqs      # fails |    Avg     Min     Max    Med |   req/s  failures/s
--------|----------------------------------------------------------------------------|-------|-------------|-------|-------|-------|-------|--------|-----------
GET      GET /admin/cashin                                                                102     0(0.00%) |     91       3    2656     10 |    1.40        0.00
GET      GET /admin/settlements                                                            24     0(0.00%) |      6       2      12      6 |    0.10        0.00
GET      GET /admin/transactions                                                           27     0(0.00%) |    188      13    3511     42 |    0.30        0.00
GET      GET /cashout/history                                                             123     0(0.00%) |    128       3    4880     11 |    1.00        0.00
GET      GET /dashboard                                                                   277     0(0.00%) |     25       4    1737     11 |    3.10        0.00
GET      GET /quote (API)                                                                 342     0(0.00%) |     68       2    3021      7 |    2.60        0.00
GET      GET /send                                                                         30     0(0.00%) |   1665      22    4375   1600 |    0.00        0.00
GET      GET /send/pay                                                                    556     0(0.00%) |     10       2    1630      6 |    7.30        0.00
GET      GET /send/review                                                                 556     0(0.00%) |     28       3    4178      8 |    7.30        0.00
GET      GET /transactions                                                                187     0(0.00%) |     14       3     563      8 |    2.00        0.00
GET      GET /wallet                                                                      328     0(0.00%) |    334       3    3221     13 |    4.00        0.00
POST     POST /admin/cashin/{id}/received                                                 515     0(0.00%) |     14       6      48     13 |    8.00        0.00
POST     POST /cashout/preview                                                            183     0(0.00%) |     44       3    4757     10 |    1.50        0.00
POST     POST /login                                                                       50     0(0.00%) |   4359    1267    8068   4300 |    0.00        0.00
POST     POST /remittances                                                                469     0(0.00%) |     17       6     626     14 |    6.20        0.00
POST     POST /remittances (declined)                                                      87     0(0.00%) |     30       6    1355     14 |    1.10        0.00
--------|----------------------------------------------------------------------------|-------|-------------|-------|-------|-------|-------|--------|-----------
         Aggregated                                                                      3856     0(0.00%) |    126       2    8068     10 |   45.90        0.00

Type     Name                                                                          # reqs      # fails |    Avg     Min     Max    Med |   req/s  failures/s
--------|----------------------------------------------------------------------------|-------|-------------|-------|-------|-------|-------|--------|-----------
GET      GET /admin/cashin                                                                105     0(0.00%) |     89       3    2656     10 |    1.20        0.00
GET      GET /admin/settlements                                                            24     0(0.00%) |      6       2      12      6 |    0.10        0.00
GET      GET /admin/transactions                                                           27     0(0.00%) |    188      13    3511     42 |    0.30        0.00
GET      GET /cashout/history                                                             126     0(0.00%) |    125       3    4880     11 |    1.20        0.00
GET      GET /dashboard                                                                   282     0(0.00%) |     25       4    1737     11 |    3.40        0.00
GET      GET /quote (API)                                                                 349     0(0.00%) |     67       2    3021      7 |    2.70        0.00
GET      GET /send                                                                         30     0(0.00%) |   1665      22    4375   1600 |    0.00        0.00
GET      GET /send/pay                                                                    568     0(0.00%) |     10       2    1630      6 |    6.40        0.00
GET      GET /send/review                                                                 568     0(0.00%) |     27       3    4178      8 |    6.40        0.00
GET      GET /transactions                                                                191     0(0.00%) |     14       3     563      8 |    2.60        0.00
GET      GET /wallet                                                                      333     0(0.00%) |    337       3    3221     13 |    4.00        0.00
POST     POST /admin/cashin/{id}/received                                                 528     0(0.00%) |     14       6      48     13 |    6.40        0.00
POST     POST /cashout/preview                                                            188     0(0.00%) |     43       3    4757     10 |    1.70        0.00
POST     POST /login                                                                       50     0(0.00%) |   4359    1267    8068   4300 |    0.00        0.00
POST     POST /remittances                                                                481     0(0.00%) |     17       6     626     14 |    5.50        0.00
POST     POST /remittances (declined)                                                      87     0(0.00%) |     30       6    1355     14 |    0.90        0.00
--------|----------------------------------------------------------------------------|-------|-------------|-------|-------|-------|-------|--------|-----------
         Aggregated                                                                      3937     0(0.00%) |    125       2    8068     10 |   42.80        0.00

Type     Name                                                                          # reqs      # fails |    Avg     Min     Max    Med |   req/s  failures/s
--------|----------------------------------------------------------------------------|-------|-------------|-------|-------|-------|-------|--------|-----------
GET      GET /admin/cashin                                                                107     0(0.00%) |     87       3    2656     10 |    1.20        0.00
GET      GET /admin/settlements                                                            25     0(0.00%) |      6       2      12      6 |    0.10        0.00
GET      GET /admin/transactions                                                           27     0(0.00%) |    188      13    3511     42 |    0.20        0.00
GET      GET /cashout/history                                                             129     0(0.00%) |    122       3    4880     11 |    1.40        0.00
GET      GET /dashboard                                                                   292     0(0.00%) |     25       4    1737     11 |    3.20        0.00
GET      GET /quote (API)                                                                 354     0(0.00%) |     66       2    3021      7 |    3.10        0.00
GET      GET /send                                                                         30     0(0.00%) |   1665      22    4375   1600 |    0.00        0.00
GET      GET /send/pay                                                                    579     0(0.00%) |     10       2    1630      6 |    6.70        0.00
GET      GET /send/review                                                                 579     0(0.00%) |     27       3    4178      8 |    6.70        0.00
GET      GET /transactions                                                                194     0(0.00%) |     14       3     563      8 |    2.50        0.00
GET      GET /wallet                                                                      341     0(0.00%) |    337       3    3221     13 |    3.80        0.00
POST     POST /admin/cashin/{id}/received                                                 532     0(0.00%) |     14       6      48     13 |    6.80        0.00
POST     POST /cashout/preview                                                            191     0(0.00%) |     43       3    4757     10 |    1.60        0.00
POST     POST /login                                                                       50     0(0.00%) |   4359    1267    8068   4300 |    0.00        0.00
POST     POST /remittances                                                                491     0(0.00%) |     17       6     626     14 |    5.90        0.00
POST     POST /remittances (declined)                                                      88     0(0.00%) |     30       6    1355     14 |    0.80        0.00
--------|----------------------------------------------------------------------------|-------|-------------|-------|-------|-------|-------|--------|-----------
         Aggregated                                                                      4009     0(0.00%) |    123       2    8068     10 |   44.00        0.00

Type     Name                                                                          # reqs      # fails |    Avg     Min     Max    Med |   req/s  failures/s
--------|----------------------------------------------------------------------------|-------|-------------|-------|-------|-------|-------|--------|-----------
GET      GET /admin/cashin                                                                109     0(0.00%) |     86       3    2656     10 |    1.40        0.00
GET      GET /admin/settlements                                                            26     0(0.00%) |      6       2      12      6 |    0.10        0.00
GET      GET /admin/transactions                                                           28     0(0.00%) |    185      13    3511     42 |    0.10        0.00
GET      GET /cashout/history                                                             133     0(0.00%) |    119       3    4880     11 |    1.30        0.00
GET      GET /dashboard                                                                   299     0(0.00%) |     24       4    1737     11 |    3.40        0.00
GET      GET /quote (API)                                                                 362     0(0.00%) |     65       2    3021      7 |    3.00        0.00
GET      GET /send                                                                         30     0(0.00%) |   1665      22    4375   1600 |    0.00        0.00
GET      GET /send/pay                                                                    589     0(0.00%) |     10       2    1630      6 |    6.00        0.00
GET      GET /send/review                                                                 589     0(0.00%) |     27       3    4178      8 |    6.10        0.00
GET      GET /transactions                                                                199     0(0.00%) |     14       3     563      8 |    2.30        0.00
GET      GET /wallet                                                                      347     0(0.00%) |    343       3    3221     13 |    4.00        0.00
POST     POST /admin/cashin/{id}/received                                                 544     0(0.00%) |     14       6      48     13 |    6.60        0.00
POST     POST /cashout/preview                                                            194     0(0.00%) |     42       3    4757     10 |    1.40        0.00
POST     POST /login                                                                       50     0(0.00%) |   4359    1267    8068   4300 |    0.00        0.00
POST     POST /remittances                                                                497     0(0.00%) |     16       6     626     14 |    5.40        0.00
POST     POST /remittances (declined)                                                      92     0(0.00%) |     29       6    1355     14 |    0.60        0.00
--------|----------------------------------------------------------------------------|-------|-------------|-------|-------|-------|-------|--------|-----------
         Aggregated                                                                      4088     0(0.00%) |    122       2    8068     10 |   41.70        0.00

Type     Name                                                                          # reqs      # fails |    Avg     Min     Max    Med |   req/s  failures/s
--------|----------------------------------------------------------------------------|-------|-------------|-------|-------|-------|-------|--------|-----------
GET      GET /admin/cashin                                                                111     0(0.00%) |     84       3    2656     10 |    1.30        0.00
GET      GET /admin/settlements                                                            27     0(0.00%) |      6       2      12      6 |    0.20        0.00
GET      GET /admin/transactions                                                           28     0(0.00%) |    185      13    3511     42 |    0.20        0.00
GET      GET /cashout/history                                                             139     0(0.00%) |    114       3    4880     11 |    1.50        0.00
GET      GET /dashboard                                                                   305     0(0.00%) |     24       4    1737     11 |    3.50        0.00
GET      GET /quote (API)                                                                 369     0(0.00%) |     64       2    3021      7 |    3.50        0.00
GET      GET /send                                                                         30     0(0.00%) |   1665      22    4375   1600 |    0.00        0.00
GET      GET /send/pay                                                                    599     0(0.00%) |     10       2    1630      6 |    5.70        0.00
GET      GET /send/review                                                                 599     0(0.00%) |     26       3    4178      8 |    5.70        0.00
GET      GET /transactions                                                                206     0(0.00%) |     14       3     563      8 |    2.20        0.00
GET      GET /wallet                                                                      352     0(0.00%) |    347       3    3221     13 |    4.10        0.00
POST     POST /admin/cashin/{id}/received                                                 554     0(0.00%) |     14       6      48     13 |    6.50        0.00
POST     POST /cashout/preview                                                            198     0(0.00%) |     41       3    4757     10 |    1.70        0.00
POST     POST /login                                                                       50     0(0.00%) |   4359    1267    8068   4300 |    0.00        0.00
POST     POST /remittances                                                                506     0(0.00%) |     16       6     626     14 |    5.00        0.00
POST     POST /remittances (declined)                                                      93     0(0.00%) |     29       6    1355     14 |    0.70        0.00
--------|----------------------------------------------------------------------------|-------|-------------|-------|-------|-------|-------|--------|-----------
         Aggregated                                                                      4166     0(0.00%) |    121       2    8068     10 |   41.80        0.00

Type     Name                                                                          # reqs      # fails |    Avg     Min     Max    Med |   req/s  failures/s
--------|----------------------------------------------------------------------------|-------|-------------|-------|-------|-------|-------|--------|-----------
GET      GET /admin/cashin                                                                113     0(0.00%) |     83       3    2656     10 |    1.10        0.00
GET      GET /admin/settlements                                                            28     0(0.00%) |      6       2      12      6 |    0.30        0.00
GET      GET /admin/transactions                                                           28     0(0.00%) |    185      13    3511     42 |    0.10        0.00
GET      GET /cashout/history                                                             143     0(0.00%) |    111       3    4880     11 |    1.70        0.00
GET      GET /dashboard                                                                   310     0(0.00%) |     24       4    1737     11 |    3.70        0.00
GET      GET /quote (API)                                                                 375     0(0.00%) |     63       2    3021      7 |    3.20        0.00
GET      GET /send                                                                         30     0(0.00%) |   1665      22    4375   1600 |    0.00        0.00
GET      GET /send/pay                                                                    613     0(0.00%) |     10       2    1630      6 |    4.80        0.00
GET      GET /send/review                                                                 613     0(0.00%) |     26       3    4178      7 |    4.80        0.00
GET      GET /transactions                                                                209     0(0.00%) |     14       3     563      8 |    2.40        0.00
GET      GET /wallet                                                                      358     0(0.00%) |    345       3    3221     13 |    3.40        0.00
POST     POST /admin/cashin/{id}/received                                                 557     0(0.00%) |     14       6      48     13 |    4.20        0.00
POST     POST /cashout/preview                                                            203     0(0.00%) |     40       3    4757     10 |    1.80        0.00
POST     POST /login                                                                       50     0(0.00%) |   4359    1267    8068   4300 |    0.00        0.00
POST     POST /remittances                                                                517     0(0.00%) |     16       6     626     14 |    4.10        0.00
POST     POST /remittances (declined)                                                      96     0(0.00%) |     29       6    1355     14 |    0.70        0.00
--------|----------------------------------------------------------------------------|-------|-------------|-------|-------|-------|-------|--------|-----------
         Aggregated                                                                      4243     0(0.00%) |    119       2    8068     10 |   36.30        0.00

Type     Name                                                                          # reqs      # fails |    Avg     Min     Max    Med |   req/s  failures/s
--------|----------------------------------------------------------------------------|-------|-------------|-------|-------|-------|-------|--------|-----------
GET      GET /admin/cashin                                                                117     0(0.00%) |     81       3    2656     10 |    1.30        0.00
GET      GET /admin/settlements                                                            28     0(0.00%) |      6       2      12      6 |    0.30        0.00
GET      GET /admin/transactions                                                           28     0(0.00%) |    185      13    3511     42 |    0.10        0.00
GET      GET /cashout/history                                                             143     0(0.00%) |    111       3    4880     11 |    1.80        0.00
GET      GET /dashboard                                                                   314     0(0.00%) |     24       4    1737     11 |    3.50        0.00
GET      GET /quote (API)                                                                 385     0(0.00%) |     61       2    3021      7 |    3.40        0.00
GET      GET /send                                                                         30     0(0.00%) |   1665      22    4375   1600 |    0.00        0.00
GET      GET /send/pay                                                                    621     0(0.00%) |      9       2    1630      6 |    5.30        0.00
GET      GET /send/review                                                                 621     0(0.00%) |     26       3    4178      7 |    5.30        0.00
GET      GET /transactions                                                                214     0(0.00%) |     14       3     563      8 |    2.30        0.00
GET      GET /wallet                                                                      366     0(0.00%) |    349       3    3221     14 |    3.20        0.00
POST     POST /admin/cashin/{id}/received                                                 569     0(0.00%) |     14       6      48     13 |    4.60        0.00
POST     POST /cashout/preview                                                            204     0(0.00%) |     40       3    4757     10 |    1.80        0.00
POST     POST /login                                                                       50     0(0.00%) |   4359    1267    8068   4300 |    0.00        0.00
POST     POST /remittances                                                                522     0(0.00%) |     16       6     626     14 |    4.50        0.00
POST     POST /remittances (declined)                                                      99     0(0.00%) |     28       6    1355     14 |    0.80        0.00
--------|----------------------------------------------------------------------------|-------|-------------|-------|-------|-------|-------|--------|-----------
         Aggregated                                                                      4311     0(0.00%) |    118       2    8068     10 |   38.20        0.00

Type     Name                                                                          # reqs      # fails |    Avg     Min     Max    Med |   req/s  failures/s
--------|----------------------------------------------------------------------------|-------|-------------|-------|-------|-------|-------|--------|-----------
GET      GET /admin/cashin                                                                119     0(0.00%) |     80       3    2656     10 |    1.40        0.00
GET      GET /admin/settlements                                                            28     0(0.00%) |      6       2      12      6 |    0.40        0.00
GET      GET /admin/transactions                                                           28     0(0.00%) |    185      13    3511     42 |    0.10        0.00
GET      GET /cashout/history                                                             145     0(0.00%) |    110       3    4880     11 |    1.80        0.00
GET      GET /dashboard                                                                   322     0(0.00%) |     23       4    1737     11 |    3.20        0.00
GET      GET /quote (API)                                                                 394     0(0.00%) |     60       2    3021      7 |    3.30        0.00
GET      GET /send                                                                         30     0(0.00%) |   1665      22    4375   1600 |    0.00        0.00
GET      GET /send/pay                                                                    632     0(0.00%) |      9       2    1630      6 |    5.40        0.00
GET      GET /send/review                                                                 632     0(0.00%) |     26       3    4178      7 |    5.40        0.00
GET      GET /transactions                                                                216     0(0.00%) |     14       3     563      9 |    2.20        0.00
GET      GET /wallet                                                                      377     0(0.00%) |    356       3    3221     14 |    3.40        0.00
POST     POST /admin/cashin/{id}/received                                                 575     0(0.00%) |     14       6      48     13 |    4.60        0.00
POST     POST /cashout/preview                                                            207     0(0.00%) |     40       3    4757     10 |    1.80        0.00
POST     POST /login                                                                       50     0(0.00%) |   4359    1267    8068   4300 |    0.00        0.00
POST     POST /remittances                                                                531     0(0.00%) |     16       6     626     14 |    4.20        0.00
POST     POST /remittances (declined)                                                     101     0(0.00%) |     28       6    1355     14 |    1.20        0.00
--------|----------------------------------------------------------------------------|-------|-------------|-------|-------|-------|-------|--------|-----------
         Aggregated                                                                      4387     0(0.00%) |    118       2    8068     10 |   38.40        0.00

Type     Name                                                                          # reqs      # fails |    Avg     Min     Max    Med |   req/s  failures/s
--------|----------------------------------------------------------------------------|-------|-------------|-------|-------|-------|-------|--------|-----------
GET      GET /admin/cashin                                                                121     0(0.00%) |     78       3    2656     10 |    1.20        0.00
GET      GET /admin/settlements                                                            29     0(0.00%) |      6       2      12      6 |    0.40        0.00
GET      GET /admin/transactions                                                           29     0(0.00%) |    180      13    3511     44 |    0.10        0.00
GET      GET /cashout/history                                                             146     0(0.00%) |    109       3    4880     11 |    1.50        0.00
GET      GET /dashboard                                                                   331     0(0.00%) |     23       4    1737     11 |    2.70        0.00
GET      GET /quote (API)                                                                 400     0(0.00%) |     60       2    3021      7 |    4.10        0.00
GET      GET /send                                                                         30     0(0.00%) |   1665      22    4375   1600 |    0.00        0.00
GET      GET /send/pay                                                                    644     0(0.00%) |      9       2    1630      6 |    5.60        0.00
GET      GET /send/review                                                                 644     0(0.00%) |     25       3    4178      7 |    5.50        0.00
GET      GET /transactions                                                                219     0(0.00%) |     14       3     563      9 |    2.20        0.00
GET      GET /wallet                                                                      384     0(0.00%) |    363       3    3221     14 |    3.80        0.00
POST     POST /admin/cashin/{id}/received                                                 587     0(0.00%) |     14       6      48     13 |    4.30        0.00
POST     POST /cashout/preview                                                            210     0(0.00%) |     39       3    4757     10 |    1.70        0.00
POST     POST /login                                                                       50     0(0.00%) |   4359    1267    8068   4300 |    0.00        0.00
POST     POST /remittances                                                                539     0(0.00%) |     16       6     626     14 |    4.40        0.00
POST     POST /remittances (declined)                                                     105     0(0.00%) |     27       6    1355     14 |    1.20        0.00
--------|----------------------------------------------------------------------------|-------|-------------|-------|-------|-------|-------|--------|-----------
         Aggregated                                                                      4468     0(0.00%) |    117       2    8068     10 |   38.70        0.00

Type     Name                                                                          # reqs      # fails |    Avg     Min     Max    Med |   req/s  failures/s
--------|----------------------------------------------------------------------------|-------|-------------|-------|-------|-------|-------|--------|-----------
GET      GET /admin/cashin                                                                123     0(0.00%) |     77       3    2656     10 |    1.20        0.00
GET      GET /admin/settlements                                                            29     0(0.00%) |      6       2      12      6 |    0.30        0.00
GET      GET /admin/transactions                                                           31     0(0.00%) |    172      13    3511     45 |    0.10        0.00
GET      GET /cashout/history                                                             149     0(0.00%) |    107       3    4880     11 |    1.50        0.00
GET      GET /dashboard                                                                   337     0(0.00%) |     23       4    1737     11 |    3.00        0.00
GET      GET /quote (API)                                                                 408     0(0.00%) |     59       2    3021      7 |    3.70        0.00
GET      GET /send                                                                         30     0(0.00%) |   1665      22    4375   1600 |    0.00        0.00
GET      GET /send/pay                                                                    658     0(0.00%) |      9       2    1630      6 |    5.60        0.00
GET      GET /send/review                                                                 658     0(0.00%) |     25       3    4178      7 |    5.60        0.00
GET      GET /transactions                                                                223     0(0.00%) |     14       3     563      9 |    2.10        0.00
GET      GET /wallet                                                                      390     0(0.00%) |    364       3    3221     15 |    3.40        0.00
POST     POST /admin/cashin/{id}/received                                                 594     0(0.00%) |     14       6      48     13 |    4.00        0.00
POST     POST /cashout/preview                                                            213     0(0.00%) |     39       3    4757     10 |    1.50        0.00
POST     POST /login                                                                       50     0(0.00%) |   4359    1267    8068   4300 |    0.00        0.00
POST     POST /remittances                                                                551     0(0.00%) |     16       6     626     14 |    4.40        0.00
POST     POST /remittances (declined)                                                     107     0(0.00%) |     27       6    1355     14 |    1.20        0.00
--------|----------------------------------------------------------------------------|-------|-------------|-------|-------|-------|-------|--------|-----------
         Aggregated                                                                      4551     0(0.00%) |    116       2    8068     10 |   37.60        0.00

Type     Name                                                                          # reqs      # fails |    Avg     Min     Max    Med |   req/s  failures/s
--------|----------------------------------------------------------------------------|-------|-------------|-------|-------|-------|-------|--------|-----------
GET      GET /admin/cashin                                                                125     0(0.00%) |     76       3    2656     10 |    1.40        0.00
GET      GET /admin/settlements                                                            30     0(0.00%) |      6       2      12      5 |    0.20        0.00
GET      GET /admin/transactions                                                           31     0(0.00%) |    172      13    3511     45 |    0.20        0.00
GET      GET /cashout/history                                                             152     0(0.00%) |    105       3    4880     10 |    1.20        0.00
GET      GET /dashboard                                                                   343     0(0.00%) |     23       4    1737     11 |    3.10        0.00
GET      GET /quote (API)                                                                 417     0(0.00%) |     57       2    3021      7 |    3.70        0.00
GET      GET /send                                                                         30     0(0.00%) |   1665      22    4375   1600 |    0.00        0.00
GET      GET /send/pay                                                                    669     0(0.00%) |      9       2    1630      6 |    6.30        0.00
GET      GET /send/review                                                                 669     0(0.00%) |     25       3    4178      7 |    6.30        0.00
GET      GET /transactions                                                                225     0(0.00%) |     14       3     563      9 |    2.00        0.00
GET      GET /wallet                                                                      398     0(0.00%) |    373       3    3221     15 |    3.60        0.00
POST     POST /admin/cashin/{id}/received                                                 609     0(0.00%) |     14       6      48     13 |    5.00        0.00
POST     POST /cashout/preview                                                            215     0(0.00%) |     39       3    4757     10 |    1.50        0.00
POST     POST /login                                                                       50     0(0.00%) |   4359    1267    8068   4300 |    0.00        0.00
POST     POST /remittances                                                                560     0(0.00%) |     16       6     626     14 |    4.80        0.00
POST     POST /remittances (declined)                                                     109     0(0.00%) |     27       6    1355     14 |    1.40        0.00
--------|----------------------------------------------------------------------------|-------|-------------|-------|-------|-------|-------|--------|-----------
         Aggregated                                                                      4632     0(0.00%) |    115       2    8068     10 |   40.70        0.00

Type     Name                                                                          # reqs      # fails |    Avg     Min     Max    Med |   req/s  failures/s
--------|----------------------------------------------------------------------------|-------|-------------|-------|-------|-------|-------|--------|-----------
GET      GET /admin/cashin                                                                127     0(0.00%) |     75       3    2656     10 |    1.00        0.00
GET      GET /admin/settlements                                                            30     0(0.00%) |      6       2      12      5 |    0.30        0.00
GET      GET /admin/transactions                                                           31     0(0.00%) |    172      13    3511     45 |    0.30        0.00
GET      GET /cashout/history                                                             154     0(0.00%) |    104       3    4880     10 |    1.00        0.00
GET      GET /dashboard                                                                   349     0(0.00%) |     22       4    1737     11 |    3.20        0.00
GET      GET /quote (API)                                                                 422     0(0.00%) |     57       2    3021      7 |    3.80        0.00
GET      GET /send                                                                         30     0(0.00%) |   1665      22    4375   1600 |    0.00        0.00
GET      GET /send/pay                                                                    682     0(0.00%) |      9       2    1630      6 |    5.90        0.00
GET      GET /send/review                                                                 682     0(0.00%) |     24       3    4178      7 |    5.90        0.00
GET      GET /transactions                                                                231     0(0.00%) |     14       3     563      9 |    1.60        0.00
GET      GET /wallet                                                                      403     0(0.00%) |    374       3    3221     15 |    3.80        0.00
POST     POST /admin/cashin/{id}/received                                                 611     0(0.00%) |     14       6      48     13 |    3.70        0.00
POST     POST /cashout/preview                                                            221     0(0.00%) |     38       3    4757     10 |    1.40        0.00
POST     POST /login                                                                       50     0(0.00%) |   4359    1267    8068   4300 |    0.00        0.00
POST     POST /remittances                                                                569     0(0.00%) |     16       6     626     14 |    4.60        0.00
POST     POST /remittances (declined)                                                     113     0(0.00%) |     26       6    1355     14 |    1.30        0.00
--------|----------------------------------------------------------------------------|-------|-------------|-------|-------|-------|-------|--------|-----------
         Aggregated                                                                      4705     0(0.00%) |    114       2    8068     10 |   37.80        0.00

Type     Name                                                                          # reqs      # fails |    Avg     Min     Max    Med |   req/s  failures/s
--------|----------------------------------------------------------------------------|-------|-------------|-------|-------|-------|-------|--------|-----------
GET      GET /admin/cashin                                                                131     0(0.00%) |     73       3    2656      9 |    1.00        0.00
GET      GET /admin/settlements                                                            30     0(0.00%) |      6       2      12      5 |    0.20        0.00
GET      GET /admin/transactions                                                           32     0(0.00%) |    168      13    3511     44 |    0.30        0.00
GET      GET /cashout/history                                                             158     0(0.00%) |    101       3    4880     10 |    1.00        0.00
GET      GET /dashboard                                                                   352     0(0.00%) |     22       4    1737     11 |    3.40        0.00
GET      GET /quote (API)                                                                 429     0(0.00%) |     56       2    3021      7 |    3.90        0.00
GET      GET /send                                                                         30     0(0.00%) |   1665      22    4375   1600 |    0.00        0.00
GET      GET /send/pay                                                                    701     0(0.00%) |      9       2    1630      6 |    5.60        0.00
GET      GET /send/review                                                                 701     0(0.00%) |     24       3    4178      7 |    5.60        0.00
GET      GET /transactions                                                                235     0(0.00%) |     14       3     563      9 |    1.90        0.00
GET      GET /wallet                                                                      406     0(0.00%) |    375       3    3221     15 |    3.70        0.00
POST     POST /admin/cashin/{id}/received                                                 632     0(0.00%) |     14       6      48     13 |    4.20        0.00
POST     POST /cashout/preview                                                            230     0(0.00%) |     37       3    4757     10 |    1.50        0.00
POST     POST /login                                                                       50     0(0.00%) |   4359    1267    8068   4300 |    0.00        0.00
POST     POST /remittances                                                                584     0(0.00%) |     16       6     626     14 |    4.50        0.00
POST     POST /remittances (declined)                                                     117     0(0.00%) |     26       6    1355     14 |    1.10        0.00
--------|----------------------------------------------------------------------------|-------|-------------|-------|-------|-------|-------|--------|-----------
         Aggregated                                                                      4818     0(0.00%) |    112       2    8068     10 |   37.90        0.00

Type     Name                                                                          # reqs      # fails |    Avg     Min     Max    Med |   req/s  failures/s
--------|----------------------------------------------------------------------------|-------|-------------|-------|-------|-------|-------|--------|-----------
GET      GET /admin/cashin                                                                132     0(0.00%) |     73       3    2656      9 |    0.90        0.00
GET      GET /admin/settlements                                                            30     0(0.00%) |      6       2      12      5 |    0.20        0.00
GET      GET /admin/transactions                                                           32     0(0.00%) |    168      13    3511     44 |    0.40        0.00
GET      GET /cashout/history                                                             163     0(0.00%) |     99       3    4880     10 |    1.20        0.00
GET      GET /dashboard                                                                   359     0(0.00%) |     22       4    1737     11 |    3.40        0.00
GET      GET /quote (API)                                                                 437     0(0.00%) |     55       2    3021      7 |    3.50        0.00
GET      GET /send                                                                         30     0(0.00%) |   1665      22    4375   1600 |    0.00        0.00
GET      GET /send/pay                                                                    710     0(0.00%) |      9       2    1630      6 |    6.70        0.00
GET      GET /send/review                                                                 710     0(0.00%) |     24       3    4178      7 |    6.80        0.00
GET      GET /transactions                                                                238     0(0.00%) |     14       3     563      9 |    1.70        0.00
GET      GET /wallet                                                                      414     0(0.00%) |    377       3    3221     15 |    2.90        0.00
POST     POST /admin/cashin/{id}/received                                                 638     0(0.00%) |     14       6      48     13 |    4.60        0.00
POST     POST /cashout/preview                                                            232     0(0.00%) |     37       3    4757     10 |    2.30        0.00
POST     POST /login                                                                       50     0(0.00%) |   4359    1267    8068   4300 |    0.00        0.00
POST     POST /remittances                                                                591     0(0.00%) |     16       6     626     14 |    5.10        0.00
POST     POST /remittances (declined)                                                     119     0(0.00%) |     26       6    1355     14 |    1.60        0.00
--------|----------------------------------------------------------------------------|-------|-------------|-------|-------|-------|-------|--------|-----------
         Aggregated                                                                      4885     0(0.00%) |    111       2    8068     10 |   41.30        0.00

Type     Name                                                                          # reqs      # fails |    Avg     Min     Max    Med |   req/s  failures/s
--------|----------------------------------------------------------------------------|-------|-------------|-------|-------|-------|-------|--------|-----------
GET      GET /admin/cashin                                                                135     0(0.00%) |     71       3    2656      9 |    1.10        0.00
GET      GET /admin/settlements                                                            31     0(0.00%) |      6       2      12      6 |    0.10        0.00
GET      GET /admin/transactions                                                           32     0(0.00%) |    168      13    3511     44 |    0.30        0.00
GET      GET /cashout/history                                                             165     0(0.00%) |     97       3    4880     10 |    1.60        0.00
GET      GET /dashboard                                                                   367     0(0.00%) |     22       4    1737     11 |    3.30        0.00
GET      GET /quote (API)                                                                 443     0(0.00%) |     54       2    3021      7 |    3.50        0.00
GET      GET /send                                                                         30     0(0.00%) |   1665      22    4375   1600 |    0.00        0.00
GET      GET /send/pay                                                                    719     0(0.00%) |      9       2    1630      6 |    6.80        0.00
GET      GET /send/review                                                                 719     0(0.00%) |     23       3    4178      7 |    6.80        0.00
GET      GET /transactions                                                                243     0(0.00%) |     14       3     563      9 |    2.00        0.00
GET      GET /wallet                                                                      419     0(0.00%) |    382       3    3221     15 |    3.10        0.00
POST     POST /admin/cashin/{id}/received                                                 645     0(0.00%) |     14       6      48     13 |    5.00        0.00
POST     POST /cashout/preview                                                            237     0(0.00%) |     36       3    4757     10 |    2.40        0.00
POST     POST /login                                                                       50     0(0.00%) |   4359    1267    8068   4300 |    0.00        0.00
POST     POST /remittances                                                                597     0(0.00%) |     16       6     626     14 |    5.20        0.00
POST     POST /remittances (declined)                                                     122     0(0.00%) |     25       6    1355     14 |    1.60        0.00
--------|----------------------------------------------------------------------------|-------|-------------|-------|-------|-------|-------|--------|-----------
         Aggregated                                                                      4954     0(0.00%) |    111       2    8068     10 |   42.80        0.00

Type     Name                                                                          # reqs      # fails |    Avg     Min     Max    Med |   req/s  failures/s
--------|----------------------------------------------------------------------------|-------|-------------|-------|-------|-------|-------|--------|-----------
GET      GET /admin/cashin                                                                138     0(0.00%) |     70       3    2656      9 |    1.00        0.00
GET      GET /admin/settlements                                                            31     0(0.00%) |      6       2      12      6 |    0.20        0.00
GET      GET /admin/transactions                                                           32     0(0.00%) |    168      13    3511     44 |    0.20        0.00
GET      GET /cashout/history                                                             165     0(0.00%) |     97       3    4880     10 |    1.60        0.00
GET      GET /dashboard                                                                   371     0(0.00%) |     22       4    1737     11 |    3.10        0.00
GET      GET /quote (API)                                                                 449     0(0.00%) |     54       2    3021      7 |    3.50        0.00
GET      GET /send                                                                         30     0(0.00%) |   1665      22    4375   1600 |    0.00        0.00
GET      GET /send/pay                                                                    737     0(0.00%) |      9       2    1630      6 |    6.20        0.00
GET      GET /send/review                                                                 737     0(0.00%) |     23       3    4178      7 |    6.20        0.00
GET      GET /transactions                                                                246     0(0.00%) |     14       3     563      9 |    2.10        0.00
GET      GET /wallet                                                                      427     0(0.00%) |    387       3    3221     15 |    2.90        0.00
POST     POST /admin/cashin/{id}/received                                                 659     0(0.00%) |     14       6      48     13 |    4.80        0.00
POST     POST /cashout/preview                                                            240     0(0.00%) |     36       3    4757     10 |    2.30        0.00
POST     POST /login                                                                       50     0(0.00%) |   4359    1267    8068   4300 |    0.00        0.00
POST     POST /remittances                                                                611     0(0.00%) |     16       6     626     14 |    4.80        0.00
POST     POST /remittances (declined)                                                     126     0(0.00%) |     25       6    1355     14 |    1.50        0.00
--------|----------------------------------------------------------------------------|-------|-------------|-------|-------|-------|-------|--------|-----------
         Aggregated                                                                      5049     0(0.00%) |    110       2    8068     10 |   40.40        0.00

Type     Name                                                                          # reqs      # fails |    Avg     Min     Max    Med |   req/s  failures/s
--------|----------------------------------------------------------------------------|-------|-------------|-------|-------|-------|-------|--------|-----------
GET      GET /admin/cashin                                                                141     0(0.00%) |     69       3    2656      9 |    1.30        0.00
GET      GET /admin/settlements                                                            31     0(0.00%) |      6       2      12      6 |    0.10        0.00
GET      GET /admin/transactions                                                           32     0(0.00%) |    168      13    3511     44 |    0.10        0.00
GET      GET /cashout/history                                                             166     0(0.00%) |     97       3    4880     10 |    1.50        0.00
GET      GET /dashboard                                                                   375     0(0.00%) |     22       4    1737     11 |    2.80        0.00
GET      GET /quote (API)                                                                 459     0(0.00%) |     53       2    3021      7 |    3.40        0.00
GET      GET /send                                                                         30     0(0.00%) |   1665      22    4375   1600 |    0.00        0.00
GET      GET /send/pay                                                                    748     0(0.00%) |      9       2    1630      6 |    6.60        0.00
GET      GET /send/review                                                                 748     0(0.00%) |     23       3    4178      7 |    6.60        0.00
GET      GET /transactions                                                                253     0(0.00%) |     14       3     563      9 |    2.10        0.00
GET      GET /wallet                                                                      437     0(0.00%) |    387       3    3221     15 |    2.90        0.00
POST     POST /admin/cashin/{id}/received                                                 666     0(0.00%) |     14       6      48     13 |    5.30        0.00
POST     POST /cashout/preview                                                            245     0(0.00%) |     35       3    4757     10 |    2.40        0.00
POST     POST /login                                                                       50     0(0.00%) |   4359    1267    8068   4300 |    0.00        0.00
POST     POST /remittances                                                                619     0(0.00%) |     16       6     626     14 |    5.00        0.00
POST     POST /remittances (declined)                                                     128     0(0.00%) |     25       6    1355     14 |    1.60        0.00
--------|----------------------------------------------------------------------------|-------|-------------|-------|-------|-------|-------|--------|-----------
         Aggregated                                                                      5128     0(0.00%) |    109       2    8068     10 |   41.70        0.00

Type     Name                                                                          # reqs      # fails |    Avg     Min     Max    Med |   req/s  failures/s
--------|----------------------------------------------------------------------------|-------|-------------|-------|-------|-------|-------|--------|-----------
GET      GET /admin/cashin                                                                144     0(0.00%) |     68       3    2656      9 |    1.30        0.00
GET      GET /admin/settlements                                                            31     0(0.00%) |      6       2      12      6 |    0.10        0.00
GET      GET /admin/transactions                                                           32     0(0.00%) |    168      13    3511     44 |    0.10        0.00
GET      GET /cashout/history                                                             169     0(0.00%) |     95       3    4880     10 |    1.30        0.00
GET      GET /dashboard                                                                   376     0(0.00%) |     22       4    1737     11 |    2.70        0.00
GET      GET /quote (API)                                                                 467     0(0.00%) |     52       2    3021      7 |    3.70        0.00
GET      GET /send                                                                         30     0(0.00%) |   1665      22    4375   1600 |    0.00        0.00
GET      GET /send/pay                                                                    763     0(0.00%) |      9       2    1630      6 |    6.80        0.00
GET      GET /send/review                                                                 764     0(0.00%) |     23       3    4178      7 |    6.80        0.00
GET      GET /transactions                                                                257     0(0.00%) |     13       3     563      9 |    2.20        0.00
GET      GET /wallet                                                                      441     0(0.00%) |    383       3    3221     15 |    3.20        0.00
POST     POST /admin/cashin/{id}/received                                                 680     0(0.00%) |     14       6      48     13 |    5.20        0.00
POST     POST /cashout/preview                                                            249     0(0.00%) |     35       3    4757     10 |    2.30        0.00
POST     POST /login                                                                       50     0(0.00%) |   4359    1267    8068   4300 |    0.00        0.00
POST     POST /remittances                                                                631     0(0.00%) |     16       6     626     14 |    5.20        0.00
POST     POST /remittances (declined)                                                     131     0(0.00%) |     24       6    1355     14 |    1.60        0.00
--------|----------------------------------------------------------------------------|-------|-------------|-------|-------|-------|-------|--------|-----------
         Aggregated                                                                      5215     0(0.00%) |    107       2    8068     10 |   42.50        0.00

Type     Name                                                                          # reqs      # fails |    Avg     Min     Max    Med |   req/s  failures/s
--------|----------------------------------------------------------------------------|-------|-------------|-------|-------|-------|-------|--------|-----------
GET      GET /admin/cashin                                                                146     0(0.00%) |     67       3    2656      9 |    1.40        0.00
GET      GET /admin/settlements                                                            31     0(0.00%) |      6       2      12      6 |    0.10        0.00
GET      GET /admin/transactions                                                           33     0(0.00%) |    164      13    3511     45 |    0.00        0.00
GET      GET /cashout/history                                                             171     0(0.00%) |     94       3    4880     10 |    1.20        0.00
GET      GET /dashboard                                                                   380     0(0.00%) |     22       4    1737     11 |    2.50        0.00
GET      GET /quote (API)                                                                 477     0(0.00%) |     51       2    3021      7 |    3.70        0.00
GET      GET /send                                                                         30     0(0.00%) |   1665      22    4375   1600 |    0.00        0.00
GET      GET /send/pay                                                                    776     0(0.00%) |      9       2    1630      6 |    6.00        0.00
GET      GET /send/review                                                                 776     0(0.00%) |     22       3    4178      7 |    5.90        0.00
GET      GET /transactions                                                                260     0(0.00%) |     13       3     563      9 |    2.10        0.00
GET      GET /wallet                                                                      448     0(0.00%) |    386       3    3221     15 |    3.50        0.00
POST     POST /admin/cashin/{id}/received                                                 688     0(0.00%) |     14       6      48     13 |    4.80        0.00
POST     POST /cashout/preview                                                            255     0(0.00%) |     34       3    4757     10 |    2.10        0.00
POST     POST /login                                                                       50     0(0.00%) |   4359    1267    8068   4300 |    0.00        0.00
POST     POST /remittances                                                                643     0(0.00%) |     16       6     626     14 |    4.70        0.00
POST     POST /remittances (declined)                                                     133     0(0.00%) |     24       6    1355     14 |    1.30        0.00
--------|----------------------------------------------------------------------------|-------|-------------|-------|-------|-------|-------|--------|-----------
         Aggregated                                                                      5297     0(0.00%) |    107       2    8068     10 |   39.30        0.00

Type     Name                                                                          # reqs      # fails |    Avg     Min     Max    Med |   req/s  failures/s
--------|----------------------------------------------------------------------------|-------|-------------|-------|-------|-------|-------|--------|-----------
GET      GET /admin/cashin                                                                147     0(0.00%) |     66       3    2656      9 |    1.40        0.00
GET      GET /admin/settlements                                                            31     0(0.00%) |      6       2      12      6 |    0.10        0.00
GET      GET /admin/transactions                                                           35     0(0.00%) |    159      13    3511     46 |    0.10        0.00
GET      GET /cashout/history                                                             173     0(0.00%) |     93       3    4880     10 |    0.90        0.00
GET      GET /dashboard                                                                   390     0(0.00%) |     21       4    1737     11 |    2.20        0.00
GET      GET /quote (API)                                                                 481     0(0.00%) |     51       2    3021      7 |    3.90        0.00
GET      GET /send                                                                         30     0(0.00%) |   1665      22    4375   1600 |    0.00        0.00
GET      GET /send/pay                                                                    787     0(0.00%) |      9       2    1630      6 |    6.10        0.00
GET      GET /send/review                                                                 787     0(0.00%) |     22       3    4178      7 |    6.10        0.00
GET      GET /transactions                                                                264     0(0.00%) |     13       3     563      9 |    2.00        0.00
GET      GET /wallet                                                                      455     0(0.00%) |    392       3    3221     15 |    3.50        0.00
POST     POST /admin/cashin/{id}/received                                                 692     0(0.00%) |     14       6      48     13 |    5.20        0.00
POST     POST /cashout/preview                                                            258     0(0.00%) |     34       3    4757     10 |    2.10        0.00
POST     POST /login                                                                       50     0(0.00%) |   4359    1267    8068   4300 |    0.00        0.00
POST     POST /remittances                                                                651     0(0.00%) |     16       6     626     14 |    4.70        0.00
POST     POST /remittances (declined)                                                     134     0(0.00%) |     24       6    1355     14 |    1.40        0.00
--------|----------------------------------------------------------------------------|-------|-------------|-------|-------|-------|-------|--------|-----------
         Aggregated                                                                      5365     0(0.00%) |    106       2    8068     10 |   39.70        0.00

Type     Name                                                                          # reqs      # fails |    Avg     Min     Max    Med |   req/s  failures/s
--------|----------------------------------------------------------------------------|-------|-------------|-------|-------|-------|-------|--------|-----------
GET      GET /admin/cashin                                                                151     0(0.00%) |     65       3    2656      9 |    1.40        0.00
GET      GET /admin/settlements                                                            31     0(0.00%) |      6       2      12      6 |    0.00        0.00
GET      GET /admin/transactions                                                           36     0(0.00%) |    155      13    3511     45 |    0.30        0.00
GET      GET /cashout/history                                                             177     0(0.00%) |     91       3    4880     10 |    0.70        0.00
GET      GET /dashboard                                                                   392     0(0.00%) |     21       4    1737     11 |    2.10        0.00
GET      GET /quote (API)                                                                 494     0(0.00%) |     50       2    3021      7 |    4.20        0.00
GET      GET /send                                                                         30     0(0.00%) |   1665      22    4375   1600 |    0.00        0.00
GET      GET /send/pay                                                                    800     0(0.00%) |      9       2    1630      6 |    6.40        0.00
GET      GET /send/review                                                                 800     0(0.00%) |     22       3    4178      7 |    6.40        0.00
GET      GET /transactions                                                                264     0(0.00%) |     13       3     563      9 |    1.80        0.00
GET      GET /wallet                                                                      462     0(0.00%) |    392       3    3221     15 |    3.70        0.00
POST     POST /admin/cashin/{id}/received                                                 706     0(0.00%) |     14       6      48     13 |    5.00        0.00
POST     POST /cashout/preview                                                            263     0(0.00%) |     34       3    4757      9 |    2.30        0.00
POST     POST /login                                                                       50     0(0.00%) |   4359    1267    8068   4300 |    0.00        0.00
POST     POST /remittances                                                                665     0(0.00%) |     16       6     626     14 |    5.20        0.00
POST     POST /remittances (declined)                                                     135     0(0.00%) |     24       6    1355     14 |    1.20        0.00
--------|----------------------------------------------------------------------------|-------|-------------|-------|-------|-------|-------|--------|-----------
         Aggregated                                                                      5456     0(0.00%) |    105       2    8068     10 |   40.70        0.00

Type     Name                                                                          # reqs      # fails |    Avg     Min     Max    Med |   req/s  failures/s
--------|----------------------------------------------------------------------------|-------|-------------|-------|-------|-------|-------|--------|-----------
GET      GET /admin/cashin                                                                153     0(0.00%) |     64       3    2656      9 |    1.50        0.00
GET      GET /admin/settlements                                                            31     0(0.00%) |      6       2      12      6 |    0.00        0.00
GET      GET /admin/transactions                                                           36     0(0.00%) |    155      13    3511     45 |    0.40        0.00
GET      GET /cashout/history                                                             178     0(0.00%) |     91       3    4880     10 |    1.00        0.00
GET      GET /dashboard                                                                   400     0(0.00%) |     21       4    1737     11 |    2.30        0.00
GET      GET /quote (API)                                                                 501     0(0.00%) |     49       2    3021      7 |    4.00        0.00
GET      GET /send                                                                         30     0(0.00%) |   1665      22    4375   1600 |    0.00        0.00
GET      GET /send/pay                                                                    809     0(0.00%) |      9       2    1630      6 |    6.40        0.00
GET      GET /send/review                                                                 809     0(0.00%) |     22       3    4178      7 |    6.40        0.00
GET      GET /transactions                                                                265     0(0.00%) |     13       3     563      9 |    1.90        0.00
GET      GET /wallet                                                                      469     0(0.00%) |    394       3    3221     15 |    3.40        0.00
POST     POST /admin/cashin/{id}/received                                                 720     0(0.00%) |     14       6      48     13 |    5.90        0.00
POST     POST /cashout/preview                                                            266     0(0.00%) |     33       3    4757      9 |    2.50        0.00
POST     POST /login                                                                       50     0(0.00%) |   4359    1267    8068   4300 |    0.00        0.00
POST     POST /remittances                                                                671     0(0.00%) |     16       6     626     14 |    5.30        0.00
POST     POST /remittances (declined)                                                     138     0(0.00%) |     24       6    1355     14 |    1.10        0.00
--------|----------------------------------------------------------------------------|-------|-------------|-------|-------|-------|-------|--------|-----------
         Aggregated                                                                      5526     0(0.00%) |    105       2    8068     10 |   42.10        0.00

Type     Name                                                                          # reqs      # fails |    Avg     Min     Max    Med |   req/s  failures/s
--------|----------------------------------------------------------------------------|-------|-------------|-------|-------|-------|-------|--------|-----------
GET      GET /admin/cashin                                                                154     0(0.00%) |     64       3    2656      9 |    1.20        0.00
GET      GET /admin/settlements                                                            31     0(0.00%) |      6       2      12      6 |    0.00        0.00
GET      GET /admin/transactions                                                           38     0(0.00%) |    150      13    3511     46 |    0.40        0.00
GET      GET /cashout/history                                                             182     0(0.00%) |     89       3    4880     10 |    1.20        0.00
GET      GET /dashboard                                                                   405     0(0.00%) |     21       4    1737     11 |    2.20        0.00
GET      GET /quote (API)                                                                 507     0(0.00%) |     49       2    3021      7 |    4.10        0.00
GET      GET /send                                                                         30     0(0.00%) |   1665      22    4375   1600 |    0.00        0.00
GET      GET /send/pay                                                                    822     0(0.00%) |      9       2    1630      6 |    6.40        0.00
GET      GET /send/review                                                                 822     0(0.00%) |     22       3    4178      7 |    6.40        0.00
GET      GET /transactions                                                                270     0(0.00%) |     14       3     563      9 |    1.20        0.00
GET      GET /wallet                                                                      475     0(0.00%) |    395       3    3221     15 |    3.20        0.00
POST     POST /admin/cashin/{id}/received                                                 721     0(0.00%) |     14       6      48     13 |    5.20        0.00
POST     POST /cashout/preview                                                            267     0(0.00%) |     33       3    4757     10 |    2.30        0.00
POST     POST /login                                                                       50     0(0.00%) |   4359    1267    8068   4300 |    0.00        0.00
POST     POST /remittances                                                                684     0(0.00%) |     16       6     626     14 |    5.20        0.00
POST     POST /remittances (declined)                                                     138     0(0.00%) |     24       6    1355     14 |    1.20        0.00
--------|----------------------------------------------------------------------------|-------|-------------|-------|-------|-------|-------|--------|-----------
         Aggregated                                                                      5596     0(0.00%) |    104       2    8068     10 |   40.20        0.00

Type     Name                                                                          # reqs      # fails |    Avg     Min     Max    Med |   req/s  failures/s
--------|----------------------------------------------------------------------------|-------|-------------|-------|-------|-------|-------|--------|-----------
GET      GET /admin/cashin                                                                156     0(0.00%) |     63       3    2656      9 |    1.20        0.00
GET      GET /admin/settlements                                                            32     0(0.00%) |      6       2      25      6 |    0.00        0.00
GET      GET /admin/transactions                                                           40     0(0.00%) |    145      13    3511     46 |    0.60        0.00
GET      GET /cashout/history                                                             187     0(0.00%) |     87       3    4880     10 |    1.40        0.00
GET      GET /dashboard                                                                   411     0(0.00%) |     21       4    1737     11 |    2.90        0.00
GET      GET /quote (API)                                                                 515     0(0.00%) |     48       2    3021      7 |    4.20        0.00
GET      GET /send                                                                         30     0(0.00%) |   1665      22    4375   1600 |    0.00        0.00
GET      GET /send/pay                                                                    839     0(0.00%) |      9       2    1630      6 |    6.30        0.00
GET      GET /send/review                                                                 839     0(0.00%) |     21       3    4178      7 |    6.30        0.00
GET      GET /transactions                                                                272     0(0.00%) |     13       3     563      9 |    1.40        0.00
GET      GET /wallet                                                                      480     0(0.00%) |    399       3    3221     15 |    3.10        0.00
POST     POST /admin/cashin/{id}/received                                                 741     0(0.00%) |     14       6      48     13 |    5.20        0.00
POST     POST /cashout/preview                                                            272     0(0.00%) |     33       3    4757      9 |    1.70        0.00
POST     POST /login                                                                       50     0(0.00%) |   4359    1267    8068   4300 |    0.00        0.00
POST     POST /remittances                                                                699     0(0.00%) |     16       6     626     14 |    5.40        0.00
POST     POST /remittances (declined)                                                     140     0(0.00%) |     24       6    1355     14 |    0.90        0.00
--------|----------------------------------------------------------------------------|-------|-------------|-------|-------|-------|-------|--------|-----------
         Aggregated                                                                      5703     0(0.00%) |    103       2    8068     10 |   40.60        0.00

Type     Name                                                                          # reqs      # fails |    Avg     Min     Max    Med |   req/s  failures/s
--------|----------------------------------------------------------------------------|-------|-------------|-------|-------|-------|-------|--------|-----------
GET      GET /admin/cashin                                                                159     0(0.00%) |     62       3    2656      9 |    1.00        0.00
GET      GET /admin/settlements                                                            32     0(0.00%) |      6       2      25      6 |    0.10        0.00
GET      GET /admin/transactions                                                           40     0(0.00%) |    145      13    3511     46 |    0.50        0.00
GET      GET /cashout/history                                                             190     0(0.00%) |     86       3    4880     10 |    1.40        0.00
GET      GET /dashboard                                                                   415     0(0.00%) |     21       4    1737     11 |    3.00        0.00
GET      GET /quote (API)                                                                 521     0(0.00%) |     47       2    3021      7 |    3.80        0.00
GET      GET /send                                                                         30     0(0.00%) |   1665      22    4375   1600 |    0.00        0.00
GET      GET /send/pay                                                                    850     0(0.00%) |      9       2    1630      6 |    6.30        0.00
GET      GET /send/review                                                                 850     0(0.00%) |     21       3    4178      7 |    6.30        0.00
GET      GET /transactions                                                                276     0(0.00%) |     13       3     563      9 |    1.30        0.00
GET      GET /wallet                                                                      485     0(0.00%) |    400       3    3221     15 |    3.30        0.00
POST     POST /admin/cashin/{id}/received                                                 758     0(0.00%) |     14       6      48     13 |    4.70        0.00
POST     POST /cashout/preview                                                            274     0(0.00%) |     33       3    4757      9 |    1.60        0.00
POST     POST /login                                                                       50     0(0.00%) |   4359    1267    8068   4300 |    0.00        0.00
POST     POST /remittances                                                                709     0(0.00%) |     16       6     626     14 |    5.80        0.00
POST     POST /remittances (declined)                                                     141     0(0.00%) |     24       6    1355     14 |    0.50        0.00
--------|----------------------------------------------------------------------------|-------|-------------|-------|-------|-------|-------|--------|-----------
         Aggregated                                                                      5780     0(0.00%) |    102       2    8068     10 |   39.60        0.00

Type     Name                                                                          # reqs      # fails |    Avg     Min     Max    Med |   req/s  failures/s
--------|----------------------------------------------------------------------------|-------|-------------|-------|-------|-------|-------|--------|-----------
GET      GET /admin/cashin                                                                160     0(0.00%) |     62       3    2656      9 |    1.00        0.00
GET      GET /admin/settlements                                                            32     0(0.00%) |      6       2      25      6 |    0.10        0.00
GET      GET /admin/transactions                                                           41     0(0.00%) |    143      13    3511     47 |    0.50        0.00
GET      GET /cashout/history                                                             193     0(0.00%) |     85       3    4880     10 |    1.60        0.00
GET      GET /dashboard                                                                   420     0(0.00%) |     21       4    1737     11 |    2.90        0.00
GET      GET /quote (API)                                                                 529     0(0.00%) |     47       2    3021      7 |    3.80        0.00
GET      GET /send                                                                         30     0(0.00%) |   1665      22    4375   1600 |    0.00        0.00
GET      GET /send/pay                                                                    866     0(0.00%) |      9       2    1630      6 |    6.30        0.00
GET      GET /send/review                                                                 866     0(0.00%) |     21       3    4178      7 |    6.30        0.00
GET      GET /transactions                                                                277     0(0.00%) |     13       3     563      9 |    1.50        0.00
GET      GET /wallet                                                                      490     0(0.00%) |    401       3    3221     15 |    2.90        0.00
POST     POST /admin/cashin/{id}/received                                                 767     0(0.00%) |     14       6      48     13 |    5.80        0.00
POST     POST /cashout/preview                                                            280     0(0.00%) |     32       3    4757      9 |    1.50        0.00
POST     POST /login                                                                       50     0(0.00%) |   4359    1267    8068   4300 |    0.00        0.00
POST     POST /remittances                                                                722     0(0.00%) |     16       6     626     14 |    5.70        0.00
POST     POST /remittances (declined)                                                     144     0(0.00%) |     23       6    1355     14 |    0.60        0.00
--------|----------------------------------------------------------------------------|-------|-------------|-------|-------|-------|-------|--------|-----------
         Aggregated                                                                      5867     0(0.00%) |    101       2    8068     10 |   40.50        0.00

Type     Name                                                                          # reqs      # fails |    Avg     Min     Max    Med |   req/s  failures/s
--------|----------------------------------------------------------------------------|-------|-------------|-------|-------|-------|-------|--------|-----------
GET      GET /admin/cashin                                                                163     0(0.00%) |     61       3    2656      9 |    0.90        0.00
GET      GET /admin/settlements                                                            32     0(0.00%) |      6       2      25      6 |    0.10        0.00
GET      GET /admin/transactions                                                           42     0(0.00%) |    140      13    3511     47 |    0.50        0.00
GET      GET /cashout/history                                                             196     0(0.00%) |     84       3    4880     10 |    1.70        0.00
GET      GET /dashboard                                                                   423     0(0.00%) |     21       4    1737     11 |    2.60        0.00
GET      GET /quote (API)                                                                 536     0(0.00%) |     46       2    3021      7 |    3.90        0.00
GET      GET /send                                                                         30     0(0.00%) |   1665      22    4375   1600 |    0.00        0.00
GET      GET /send/pay                                                                    878     0(0.00%) |      9       2    1630      6 |    6.80        0.00
GET      GET /send/review                                                                 878     0(0.00%) |     21       3    4178      7 |    6.80        0.00
GET      GET /transactions                                                                285     0(0.00%) |     13       3     563      9 |    1.30        0.00
GET      GET /wallet                                                                      498     0(0.00%) |    405       3    3221     15 |    3.00        0.00
POST     POST /admin/cashin/{id}/received                                                 779     0(0.00%) |     14       6      48     13 |    6.10        0.00
POST     POST /cashout/preview                                                            284     0(0.00%) |     32       3    4757      9 |    1.60        0.00
POST     POST /login                                                                       50     0(0.00%) |   4359    1267    8068   4300 |    0.00        0.00
POST     POST /remittances                                                                732     0(0.00%) |     16       6     626     14 |    5.90        0.00
POST     POST /remittances (declined)                                                     145     0(0.00%) |     23       6    1355     14 |    0.90        0.00
--------|----------------------------------------------------------------------------|-------|-------------|-------|-------|-------|-------|--------|-----------
         Aggregated                                                                      5951     0(0.00%) |    101       2    8068     10 |   42.10        0.00

Type     Name                                                                          # reqs      # fails |    Avg     Min     Max    Med |   req/s  failures/s
--------|----------------------------------------------------------------------------|-------|-------------|-------|-------|-------|-------|--------|-----------
GET      GET /admin/cashin                                                                166     0(0.00%) |     60       3    2656      9 |    0.90        0.00
GET      GET /admin/settlements                                                            32     0(0.00%) |      6       2      25      6 |    0.10        0.00
GET      GET /admin/transactions                                                           42     0(0.00%) |    140      13    3511     47 |    0.60        0.00
GET      GET /cashout/history                                                             200     0(0.00%) |     82       3    4880     10 |    1.80        0.00
GET      GET /dashboard                                                                   430     0(0.00%) |     21       4    1737     11 |    2.70        0.00
GET      GET /quote (API)                                                                 546     0(0.00%) |     46       2    3021      7 |    3.40        0.00
GET      GET /send                                                                         30     0(0.00%) |   1665      22    4375   1600 |    0.00        0.00
GET      GET /send/pay                                                                    885     0(0.00%) |      9       2    1630      6 |    6.50        0.00
GET      GET /send/review                                                                 885     0(0.00%) |     21       3    4178      7 |    6.50        0.00
GET      GET /transactions                                                                291     0(0.00%) |     13       3     563      9 |    1.90        0.00
GET      GET /wallet                                                                      507     0(0.00%) |    408       3    3221     16 |    2.80        0.00
POST     POST /admin/cashin/{id}/received                                                 786     0(0.00%) |     14       6      48     13 |    5.70        0.00
POST     POST /cashout/preview                                                            285     0(0.00%) |     32       3    4757      9 |    1.70        0.00
POST     POST /login                                                                       50     0(0.00%) |   4359    1267    8068   4300 |    0.00        0.00
POST     POST /remittances                                                                738     0(0.00%) |     16       6     626     14 |    5.80        0.00
POST     POST /remittances (declined)                                                     147     0(0.00%) |     23       6    1355     14 |    0.70        0.00
--------|----------------------------------------------------------------------------|-------|-------------|-------|-------|-------|-------|--------|-----------
         Aggregated                                                                      6020     0(0.00%) |    101       2    8068     10 |   41.10        0.00

Type     Name                                                                          # reqs      # fails |    Avg     Min     Max    Med |   req/s  failures/s
--------|----------------------------------------------------------------------------|-------|-------------|-------|-------|-------|-------|--------|-----------
GET      GET /admin/cashin                                                                169     0(0.00%) |     59       3    2656     10 |    1.00        0.00
GET      GET /admin/settlements                                                            32     0(0.00%) |      6       2      25      6 |    0.10        0.00
GET      GET /admin/transactions                                                           43     0(0.00%) |    138      13    3511     48 |    0.40        0.00
GET      GET /cashout/history                                                             202     0(0.00%) |     81       3    4880     10 |    1.60        0.00
GET      GET /dashboard                                                                   441     0(0.00%) |     21       4    1737     11 |    2.30        0.00
GET      GET /quote (API)                                                                 553     0(0.00%) |     45       2    3021      7 |    3.90        0.00
GET      GET /send                                                                         30     0(0.00%) |   1665      22    4375   1600 |    0.00        0.00
GET      GET /send/pay                                                                    894     0(0.00%) |      9       2    1630      6 |    6.20        0.00
GET      GET /send/review                                                                 894     0(0.00%) |     21       3    4178      7 |    6.20        0.00
GET      GET /transactions                                                                293     0(0.00%) |     13       3     563      9 |    2.10        0.00
GET      GET /wallet                                                                      513     0(0.00%) |    403       3    3221     16 |    3.10        0.00
POST     POST /admin/cashin/{id}/received                                                 794     0(0.00%) |     14       6      48     13 |    6.10        0.00
POST     POST /cashout/preview                                                            287     0(0.00%) |     32       3    4757      9 |    1.80        0.00
POST     POST /login                                                                       50     0(0.00%) |   4359    1267    8068   4300 |    0.00        0.00
POST     POST /remittances                                                                745     0(0.00%) |     16       6     626     14 |    5.40        0.00
POST     POST /remittances (declined)                                                     149     0(0.00%) |     23       6    1355     14 |    0.80        0.00
--------|----------------------------------------------------------------------------|-------|-------------|-------|-------|-------|-------|--------|-----------
         Aggregated                                                                      6089     0(0.00%) |    100       2    8068     10 |   41.00        0.00

Type     Name                                                                          # reqs      # fails |    Avg     Min     Max    Med |   req/s  failures/s
--------|----------------------------------------------------------------------------|-------|-------------|-------|-------|-------|-------|--------|-----------
GET      GET /admin/cashin                                                                172     0(0.00%) |     58       3    2656      9 |    1.20        0.00
GET      GET /admin/settlements                                                            32     0(0.00%) |      6       2      25      6 |    0.00        0.00
GET      GET /admin/transactions                                                           44     0(0.00%) |    136      13    3511     48 |    0.50        0.00
GET      GET /cashout/history                                                             204     0(0.00%) |     81       3    4880     10 |    1.60        0.00
GET      GET /dashboard                                                                   449     0(0.00%) |     20       4    1737     11 |    2.80        0.00
GET      GET /quote (API)                                                                 563     0(0.00%) |     45       2    3021      7 |    3.90        0.00
GET      GET /send                                                                         30     0(0.00%) |   1665      22    4375   1600 |    0.00        0.00
GET      GET /send/pay                                                                    901     0(0.00%) |      8       2    1630      6 |    5.90        0.00
GET      GET /send/review                                                                 901     0(0.00%) |     20       3    4178      7 |    5.90        0.00
GET      GET /transactions                                                                297     0(0.00%) |     13       3     563      9 |    2.10        0.00
GET      GET /wallet                                                                      520     0(0.00%) |    403       3    3221     16 |    3.30        0.00
POST     POST /admin/cashin/{id}/received                                                 800     0(0.00%) |     14       6      48     13 |    5.70        0.00
POST     POST /cashout/preview                                                            294     0(0.00%) |     31       3    4757      9 |    1.70        0.00
POST     POST /login                                                                       50     0(0.00%) |   4359    1267    8068   4300 |    0.00        0.00
POST     POST /remittances                                                                751     0(0.00%) |     16       6     626     14 |    4.90        0.00
POST     POST /remittances (declined)                                                     150     0(0.00%) |     23       6    1355     14 |    1.00        0.00
--------|----------------------------------------------------------------------------|-------|-------------|-------|-------|-------|-------|--------|-----------
         Aggregated                                                                      6158     0(0.00%) |     99       2    8068     10 |   40.50        0.00

Type     Name                                                                          # reqs      # fails |    Avg     Min     Max    Med |   req/s  failures/s
--------|----------------------------------------------------------------------------|-------|-------------|-------|-------|-------|-------|--------|-----------
GET      GET /admin/cashin                                                                174     0(0.00%) |     58       3    2656      9 |    1.30        0.00
GET      GET /admin/settlements                                                            32     0(0.00%) |      6       2      25      6 |    0.00        0.00
GET      GET /admin/transactions                                                           44     0(0.00%) |    136      13    3511     48 |    0.30        0.00
GET      GET /cashout/history                                                             205     0(0.00%) |     80       3    4880     10 |    1.60        0.00
GET      GET /dashboard                                                                   454     0(0.00%) |     20       4    1737     11 |    3.20        0.00
GET      GET /quote (API)                                                                 568     0(0.00%) |     44       2    3021      7 |    4.10        0.00
GET      GET /send                                                                         30     0(0.00%) |   1665      22    4375   1600 |    0.00        0.00
GET      GET /send/pay                                                                    916     0(0.00%) |      8       2    1630      6 |    5.30        0.00
GET      GET /send/review                                                                 916     0(0.00%) |     20       3    4178      7 |    5.30        0.00
GET      GET /transactions                                                                302     0(0.00%) |     13       3     563      9 |    1.90        0.00
GET      GET /wallet                                                                      527     0(0.00%) |    401       3    3221     16 |    3.50        0.00
POST     POST /admin/cashin/{id}/received                                                 806     0(0.00%) |     14       6      48     13 |    4.70        0.00
POST     POST /cashout/preview                                                            297     0(0.00%) |     31       3    4757      9 |    1.90        0.00
POST     POST /login                                                                       50     0(0.00%) |   4359    1267    8068   4300 |    0.00        0.00
POST     POST /remittances                                                                764     0(0.00%) |     16       6     626     14 |    4.30        0.00
POST     POST /remittances (declined)                                                     152     0(0.00%) |     23       6    1355     14 |    1.00        0.00
--------|----------------------------------------------------------------------------|-------|-------------|-------|-------|-------|-------|--------|-----------
         Aggregated                                                                      6237     0(0.00%) |     98       2    8068     10 |   38.40        0.00

Type     Name                                                                          # reqs      # fails |    Avg     Min     Max    Med |   req/s  failures/s
--------|----------------------------------------------------------------------------|-------|-------------|-------|-------|-------|-------|--------|-----------
GET      GET /admin/cashin                                                                177     0(0.00%) |     57       3    2656      9 |    1.30        0.00
GET      GET /admin/settlements                                                            32     0(0.00%) |      6       2      25      6 |    0.00        0.00
GET      GET /admin/transactions                                                           44     0(0.00%) |    136      13    3511     48 |    0.30        0.00
GET      GET /cashout/history                                                             207     0(0.00%) |     80       3    4880     10 |    1.20        0.00
GET      GET /dashboard                                                                   458     0(0.00%) |     20       4    1737     11 |    3.30        0.00
GET      GET /quote (API)                                                                 572     0(0.00%) |     44       2    3021      7 |    4.10        0.00
GET      GET /send                                                                         30     0(0.00%) |   1665      22    4375   1600 |    0.00        0.00
GET      GET /send/pay                                                                    933     0(0.00%) |      8       2    1630      6 |    4.70        0.00
GET      GET /send/review                                                                 933     0(0.00%) |     20       3    4178      7 |    4.70        0.00
GET      GET /transactions                                                                306     0(0.00%) |     13       3     563      9 |    2.20        0.00
GET      GET /wallet                                                                      535     0(0.00%) |    405       3    3221     16 |    3.70        0.00
POST     POST /admin/cashin/{id}/received                                                 818     0(0.00%) |     14       6      48     13 |    3.60        0.00
POST     POST /cashout/preview                                                            301     0(0.00%) |     31       3    4757      9 |    1.60        0.00
POST     POST /login                                                                       50     0(0.00%) |   4359    1267    8068   4300 |    0.00        0.00
POST     POST /remittances                                                                777     0(0.00%) |     16       6     626     14 |    4.10        0.00
POST     POST /remittances (declined)                                                     156     0(0.00%) |     23       6    1355     14 |    0.60        0.00
--------|----------------------------------------------------------------------------|-------|-------------|-------|-------|-------|-------|--------|-----------
         Aggregated                                                                      6329     0(0.00%) |     98       2    8068     10 |   35.40        0.00

Type     Name                                                                          # reqs      # fails |    Avg     Min     Max    Med |   req/s  failures/s
--------|----------------------------------------------------------------------------|-------|-------------|-------|-------|-------|-------|--------|-----------
GET      GET /admin/cashin                                                                180     0(0.00%) |     57       3    2656      9 |    1.60        0.00
GET      GET /admin/settlements                                                            33     0(0.00%) |      6       2      25      6 |    0.00        0.00
GET      GET /admin/transactions                                                           45     0(0.00%) |    135      13    3511     48 |    0.20        0.00
GET      GET /cashout/history                                                             207     0(0.00%) |     80       3    4880     10 |    1.00        0.00
GET      GET /dashboard                                                                   465     0(0.00%) |     20       4    1737     11 |    3.50        0.00
GET      GET /quote (API)                                                                 578     0(0.00%) |     44       2    3021      7 |    3.80        0.00
GET      GET /send                                                                         30     0(0.00%) |   1665      22    4375   1600 |    0.00        0.00
GET      GET /send/pay                                                                    943     0(0.00%) |      8       2    1630      6 |    5.20        0.00
GET      GET /send/review                                                                 943     0(0.00%) |     20       3    4178      7 |    5.20        0.00
GET      GET /transactions                                                                307     0(0.00%) |     13       3     563      9 |    2.00        0.00
GET      GET /wallet                                                                      536     0(0.00%) |    406       3    3221     16 |    4.00        0.00
POST     POST /admin/cashin/{id}/received                                                 831     0(0.00%) |     14       6      48     13 |    4.60        0.00
POST     POST /cashout/preview                                                            309     0(0.00%) |     30       3    4757      9 |    1.50        0.00
POST     POST /login                                                                       50     0(0.00%) |   4359    1267    8068   4300 |    0.00        0.00
POST     POST /remittances                                                                785     0(0.00%) |     16       6     626     14 |    4.40        0.00
POST     POST /remittances (declined)                                                     158     0(0.00%) |     23       6    1355     14 |    0.80        0.00
--------|----------------------------------------------------------------------------|-------|-------------|-------|-------|-------|-------|--------|-----------
         Aggregated                                                                      6400     0(0.00%) |     97       2    8068     10 |   37.80        0.00

Type     Name                                                                          # reqs      # fails |    Avg     Min     Max    Med |   req/s  failures/s
--------|----------------------------------------------------------------------------|-------|-------------|-------|-------|-------|-------|--------|-----------
GET      GET /admin/cashin                                                                183     0(0.00%) |     56       3    2656      9 |    1.60        0.00
GET      GET /admin/settlements                                                            33     0(0.00%) |      6       2      25      6 |    0.10        0.00
GET      GET /admin/transactions                                                           46     0(0.00%) |    134      13    3511     48 |    0.30        0.00
GET      GET /cashout/history                                                             207     0(0.00%) |     80       3    4880     10 |    1.00        0.00
GET      GET /dashboard                                                                   472     0(0.00%) |     20       4    1737     11 |    3.50        0.00
GET      GET /quote (API)                                                                 586     0(0.00%) |     43       2    3021      7 |    3.20        0.00
GET      GET /send                                                                         30     0(0.00%) |   1665      22    4375   1600 |    0.00        0.00
GET      GET /send/pay                                                                    952     0(0.00%) |      8       2    1630      6 |    5.90        0.00
GET      GET /send/review                                                                 952     0(0.00%) |     20       3    4178      7 |    5.90        0.00
GET      GET /transactions                                                                313     0(0.00%) |     13       3     563      9 |    1.80        0.00
GET      GET /wallet                                                                      543     0(0.00%) |    408       3    3221     16 |    3.40        0.00
POST     POST /admin/cashin/{id}/received                                                 839     0(0.00%) |     14       6      48     13 |    4.90        0.00
POST     POST /cashout/preview                                                            317     0(0.00%) |     30       3    4757      9 |    2.10        0.00
POST     POST /login                                                                       50     0(0.00%) |   4359    1267    8068   4300 |    0.00        0.00
POST     POST /remittances                                                                792     0(0.00%) |     16       6     626     14 |    4.80        0.00
POST     POST /remittances (declined)                                                     160     0(0.00%) |     23       6    1355     14 |    1.10        0.00
--------|----------------------------------------------------------------------------|-------|-------------|-------|-------|-------|-------|--------|-----------
         Aggregated                                                                      6475     0(0.00%) |     97       2    8068     10 |   39.60        0.00

Type     Name                                                                          # reqs      # fails |    Avg     Min     Max    Med |   req/s  failures/s
--------|----------------------------------------------------------------------------|-------|-------------|-------|-------|-------|-------|--------|-----------
GET      GET /admin/cashin                                                                186     0(0.00%) |     55       3    2656     10 |    1.50        0.00
GET      GET /admin/settlements                                                            33     0(0.00%) |      6       2      25      6 |    0.10        0.00
GET      GET /admin/transactions                                                           46     0(0.00%) |    134      13    3511     48 |    0.20        0.00
GET      GET /cashout/history                                                             209     0(0.00%) |     79       3    4880     10 |    0.60        0.00
GET      GET /dashboard                                                                   476     0(0.00%) |     20       4    1737     11 |    3.30        0.00
GET      GET /quote (API)                                                                 597     0(0.00%) |     43       2    3021      7 |    3.20        0.00
GET      GET /send                                                                         30     0(0.00%) |   1665      22    4375   1600 |    0.00        0.00
GET      GET /send/pay                                                                    965     0(0.00%) |      8       2    1630      6 |    5.90        0.00
GET      GET /send/review                                                                 965     0(0.00%) |     20       3    4178      7 |    5.90        0.00
GET      GET /transactions                                                                315     0(0.00%) |     13       3     563      9 |    1.90        0.00
GET      GET /wallet                                                                      551     0(0.00%) |    412       3    3221     16 |    2.90        0.00
POST     POST /admin/cashin/{id}/received                                                 855     0(0.00%) |     14       6      48     13 |    5.00        0.00
POST     POST /cashout/preview                                                            320     0(0.00%) |     30       3    4757      9 |    2.90        0.00
POST     POST /login                                                                       50     0(0.00%) |   4359    1267    8068   4300 |    0.00        0.00
POST     POST /remittances                                                                805     0(0.00%) |     16       6     626     14 |    4.70        0.00
POST     POST /remittances (declined)                                                     160     0(0.00%) |     23       6    1355     14 |    1.20        0.00
--------|----------------------------------------------------------------------------|-------|-------------|-------|-------|-------|-------|--------|-----------
         Aggregated                                                                      6563     0(0.00%) |     96       2    8068     10 |   39.30        0.00

Type     Name                                                                          # reqs      # fails |    Avg     Min     Max    Med |   req/s  failures/s
--------|----------------------------------------------------------------------------|-------|-------------|-------|-------|-------|-------|--------|-----------
GET      GET /admin/cashin                                                                188     0(0.00%) |     55       3    2656     10 |    1.40        0.00
GET      GET /admin/settlements                                                            34     0(0.00%) |      6       2      25      6 |    0.10        0.00
GET      GET /admin/transactions                                                           47     0(0.00%) |    133      13    3511     48 |    0.30        0.00
GET      GET /cashout/history                                                             210     0(0.00%) |     79       3    4880     10 |    0.60        0.00
GET      GET /dashboard                                                                   479     0(0.00%) |     20       4    1737     11 |    2.80        0.00
GET      GET /quote (API)                                                                 605     0(0.00%) |     42       2    3021      7 |    3.40        0.00
GET      GET /send                                                                         30     0(0.00%) |   1665      22    4375   1600 |    0.00        0.00
GET      GET /send/pay                                                                    980     0(0.00%) |      8       2    1630      6 |    6.30        0.00
GET      GET /send/review                                                                 980     0(0.00%) |     19       3    4178      7 |    6.30        0.00
GET      GET /transactions                                                                317     0(0.00%) |     13       3     563      9 |    1.80        0.00
GET      GET /wallet                                                                      559     0(0.00%) |    415       3    3221     16 |    2.70        0.00
POST     POST /admin/cashin/{id}/received                                                 869     0(0.00%) |     14       6      48     13 |    4.80        0.00
POST     POST /cashout/preview                                                            324     0(0.00%) |     29       3    4757      9 |    2.70        0.00
POST     POST /login                                                                       50     0(0.00%) |   4359    1267    8068   4300 |    0.00        0.00
POST     POST /remittances                                                                816     0(0.00%) |     16       6     626     14 |    5.30        0.00
POST     POST /remittances (declined)                                                     164     0(0.00%) |     23       6    1355     14 |    1.00        0.00
--------|----------------------------------------------------------------------------|-------|-------------|-------|-------|-------|-------|--------|-----------
         Aggregated                                                                      6652     0(0.00%) |     96       2    8068     10 |   39.50        0.00

Type     Name                                                                          # reqs      # fails |    Avg     Min     Max    Med |   req/s  failures/s
--------|----------------------------------------------------------------------------|-------|-------------|-------|-------|-------|-------|--------|-----------
GET      GET /admin/cashin                                                                191     0(0.00%) |     54       3    2656     10 |    1.40        0.00
GET      GET /admin/settlements                                                            34     0(0.00%) |      6       2      25      6 |    0.10        0.00
GET      GET /admin/transactions                                                           47     0(0.00%) |    133      13    3511     48 |    0.30        0.00
GET      GET /cashout/history                                                             211     0(0.00%) |     78       3    4880     10 |    0.60        0.00
GET      GET /dashboard                                                                   484     0(0.00%) |     20       4    1737     11 |    2.70        0.00
GET      GET /quote (API)                                                                 617     0(0.00%) |     41       2    3021      7 |    3.40        0.00
GET      GET /send                                                                         30     0(0.00%) |   1665      22    4375   1600 |    0.00        0.00
GET      GET /send/pay                                                                    990     0(0.00%) |      8       2    1630      6 |    6.50        0.00
GET      GET /send/review                                                                 990     0(0.00%) |     19       3    4178      7 |    6.50        0.00
GET      GET /transactions                                                                323     0(0.00%) |     13       3     563      9 |    1.80        0.00
GET      GET /wallet                                                                      564     0(0.00%) |    416       3    3221     16 |    2.80        0.00
POST     POST /admin/cashin/{id}/received                                                 876     0(0.00%) |     14       6      48     13 |    5.90        0.00
POST     POST /cashout/preview                                                            329     0(0.00%) |     29       3    4757      9 |    2.70        0.00
POST     POST /login                                                                       50     0(0.00%) |   4359    1267    8068   4300 |    0.00        0.00
POST     POST /remittances                                                                825     0(0.00%) |     16       6     626     14 |    5.20        0.00
POST     POST /remittances (declined)                                                     165     0(0.00%) |     22       6    1355     14 |    1.30        0.00
--------|----------------------------------------------------------------------------|-------|-------------|-------|-------|-------|-------|--------|-----------
         Aggregated                                                                      6726     0(0.00%) |     95       2    8068     10 |   41.20        0.00

Type     Name                                                                          # reqs      # fails |    Avg     Min     Max    Med |   req/s  failures/s
--------|----------------------------------------------------------------------------|-------|-------------|-------|-------|-------|-------|--------|-----------
GET      GET /admin/cashin                                                                194     0(0.00%) |     53       3    2656     10 |    1.20        0.00
GET      GET /admin/settlements                                                            34     0(0.00%) |      6       2      25      6 |    0.20        0.00
GET      GET /admin/transactions                                                           47     0(0.00%) |    133      13    3511     48 |    0.30        0.00
GET      GET /cashout/history                                                             215     0(0.00%) |     77       3    4880     10 |    0.40        0.00
GET      GET /dashboard                                                                   486     0(0.00%) |     20       4    1737     11 |    2.40        0.00
GET      GET /quote (API)                                                                 623     0(0.00%) |     41       2    3021      7 |    4.10        0.00
GET      GET /send                                                                         30     0(0.00%) |   1665      22    4375   1600 |    0.00        0.00
GET      GET /send/pay                                                                   1008     0(0.00%) |      8       2    1630      6 |    6.30        0.00
GET      GET /send/review                                                                1008     0(0.00%) |     19       3    4178      7 |    6.30        0.00
GET      GET /transactions                                                                325     0(0.00%) |     13       3     563      9 |    1.60        0.00
GET      GET /wallet                                                                      569     0(0.00%) |    418       3    3221     16 |    2.80        0.00
POST     POST /admin/cashin/{id}/received                                                 885     0(0.00%) |     14       6      48     13 |    5.70        0.00
POST     POST /cashout/preview                                                            336     0(0.00%) |     29       3    4757      9 |    2.90        0.00
POST     POST /login                                                                       50     0(0.00%) |   4359    1267    8068   4300 |    0.00        0.00
POST     POST /remittances                                                                841     0(0.00%) |     16       6     626     14 |    5.10        0.00
POST     POST /remittances (declined)                                                     167     0(0.00%) |     22       6    1355     14 |    1.20        0.00
--------|----------------------------------------------------------------------------|-------|-------------|-------|-------|-------|-------|--------|-----------
         Aggregated                                                                      6818     0(0.00%) |     95       2    8068     10 |   40.50        0.00

Type     Name                                                                          # reqs      # fails |    Avg     Min     Max    Med |   req/s  failures/s
--------|----------------------------------------------------------------------------|-------|-------------|-------|-------|-------|-------|--------|-----------
GET      GET /admin/cashin                                                                196     0(0.00%) |     53       3    2656      9 |    1.30        0.00
GET      GET /admin/settlements                                                            34     0(0.00%) |      6       2      25      6 |    0.10        0.00
GET      GET /admin/transactions                                                           48     0(0.00%) |    131      13    3511     48 |    0.20        0.00
GET      GET /cashout/history                                                             218     0(0.00%) |     76       3    4880     10 |    0.80        0.00
GET      GET /dashboard                                                                   491     0(0.00%) |     20       4    1737     11 |    2.30        0.00
GET      GET /quote (API)                                                                 634     0(0.00%) |     40       2    3021      7 |    4.30        0.00
GET      GET /send                                                                         30     0(0.00%) |   1665      22    4375   1600 |    0.00        0.00
GET      GET /send/pay                                                                   1020     0(0.00%) |      8       2    1630      6 |    5.80        0.00
GET      GET /send/review                                                                1020     0(0.00%) |     19       3    4178      7 |    5.80        0.00
GET      GET /transactions                                                                329     0(0.00%) |     14       3     563      9 |    1.80        0.00
GET      GET /wallet                                                                      574     0(0.00%) |    421       3    3221     16 |    3.10        0.00
POST     POST /admin/cashin/{id}/received                                                 897     0(0.00%) |     14       6      48     13 |    4.90        0.00
POST     POST /cashout/preview                                                            339     0(0.00%) |     28       3    4757      9 |    2.70        0.00
POST     POST /login                                                                       50     0(0.00%) |   4359    1267    8068   4300 |    0.00        0.00
POST     POST /remittances                                                                850     0(0.00%) |     16       6     626     14 |    4.80        0.00
POST     POST /remittances (declined)                                                     170     0(0.00%) |     22       6    1355     14 |    1.00        0.00
--------|----------------------------------------------------------------------------|-------|-------------|-------|-------|-------|-------|--------|-----------
         Aggregated                                                                      6900     0(0.00%) |     94       2    8068     10 |   38.90        0.00

[2026-09-28 13:57:58,328] Mac/INFO/locust.main: --run-time limit reached, shutting down

Requests: 6962  failures: 0  median: 10 ms  p95: 62 ms  rps: 38.7
[2026-09-28 13:57:58,366] Mac/INFO/locust.main: Shutting down (exit code 0)
Type     Name                                                                          # reqs      # fails |    Avg     Min     Max    Med |   req/s  failures/s
--------|----------------------------------------------------------------------------|-------|-------------|-------|-------|-------|-------|--------|-----------
GET      GET /admin/cashin                                                                198     0(0.00%) |     52       3    2656     10 |    1.10        0.00
GET      GET /admin/settlements                                                            35     0(0.00%) |      6       2      25      6 |    0.19        0.00
GET      GET /admin/transactions                                                           48     0(0.00%) |    131      13    3511     48 |    0.27        0.00
GET      GET /cashout/history                                                             218     0(0.00%) |     76       3    4880     10 |    1.21        0.00
GET      GET /dashboard                                                                   497     0(0.00%) |     20       4    1737     11 |    2.76        0.00
GET      GET /quote (API)                                                                 637     0(0.00%) |     40       2    3021      7 |    3.54        0.00
GET      GET /send                                                                         30     0(0.00%) |   1665      22    4375   1600 |    0.17        0.00
GET      GET /send/pay                                                                   1029     0(0.00%) |      8       2    1630      6 |    5.72        0.00
GET      GET /send/review                                                                1029     0(0.00%) |     19       3    4178      7 |    5.72        0.00
GET      GET /transactions                                                                333     0(0.00%) |     13       3     563      9 |    1.85        0.00
GET      GET /wallet                                                                      581     0(0.00%) |    424       3    3221     17 |    3.23        0.00
POST     POST /admin/cashin/{id}/received                                                 909     0(0.00%) |     14       6      48     13 |    5.05        0.00
POST     POST /cashout/preview                                                            340     0(0.00%) |     28       3    4757      9 |    1.89        0.00
POST     POST /login                                                                       50     0(0.00%) |   4359    1267    8068   4300 |    0.28        0.00
POST     POST /remittances                                                                856     0(0.00%) |     16       6     626     14 |    4.76        0.00
POST     POST /remittances (declined)                                                     172     0(0.00%) |     22       6    1355     14 |    0.96        0.00
--------|----------------------------------------------------------------------------|-------|-------------|-------|-------|-------|-------|--------|-----------
         Aggregated                                                                      6962     0(0.00%) |     94       2    8068     10 |   38.71        0.00

Response time percentiles (approximated)
Type     Name                                                                                  50%    66%    75%    80%    90%    95%    98%    99%  99.9% 99.99%   100% # reqs
--------|--------------------------------------------------------------------------------|--------|------|------|------|------|------|------|------|------|------|------|------
GET      GET /admin/cashin                                                                      10     12     14     15     20     40    970   2100   2700   2700   2700    198
GET      GET /admin/settlements                                                                  6      7      8      9     11     13     25     25     25     25     25     35
GET      GET /admin/transactions                                                                49     52     62     67     89    130   3500   3500   3500   3500   3500     48
GET      GET /cashout/history                                                                   10     11     14     16     23     36    280   3500   4900   4900   4900    218
GET      GET /dashboard                                                                         11     13     16     17     20     25     54     71   1700   1700   1700    497
GET      GET /quote (API)                                                                        7      9     10     11     15     32    190   1500   3000   3000   3000    637
GET      GET /send                                                                            1600   2200   2400   2600   3300   3800   4400   4400   4400   4400   4400     30
GET      GET /send/pay                                                                           6      7      8      8     10     12     20     36     78   1600   1600   1029
GET      GET /send/review                                                                        7      9     11     12     15     20     49    150   3000   4200   4200   1029
GET      GET /transactions                                                                       9     11     13     14     18     23     45     63    560    560    560    333
GET      GET /wallet                                                                            17     43   1200   1300   1300   1300   1400   2100   3200   3200   3200    581
POST     POST /admin/cashin/{id}/received                                                       13     15     16     17     20     23     29     35     48     48     48    909
POST     POST /cashout/preview                                                                   9     12     15     16     20     25     55    180   4800   4800   4800    340
POST     POST /login                                                                          4300   4600   5100   5200   6100   7100   8100   8100   8100   8100   8100     50
POST     POST /remittances                                                                      14     15     16     17     20     24     42     61    630    630    630    856
POST     POST /remittances (declined)                                                           14     16     16     17     20     24     41     48   1400   1400   1400    172
--------|--------------------------------------------------------------------------------|--------|------|------|------|------|------|------|------|------|------|------|------
         Aggregated                                                                             10     13     15     16     22     62   1300   2400   5400   8100   8100   6962

